Code Postal,Nb Ventes,Prix M2,Type Local,Prix M2 Median
01000,3440,3162.84,Appartement,2022.26
01000,1154,4115.78,Maison,2394.56
01090,116,3579.23,Appartement,2732.74
01090,622,2898.58,Maison,2854.6
01100,1511,10330.08,Appartement,1769.23
01100,744,2280.52,Maison,2042.74
01110,263,13246.06,Appartement,2173.47
01110,377,1740.67,Maison,1565.22
01120,630,8677.71,Appartement,2991.64
01120,843,3388.13,Maison,3313.41
01130,387,3686.63,Appartement,1621.62
01130,292,2416.81,Maison,2044.47
01140,184,2584.72,Appartement,1957.29
01140,502,2575.37,Maison,2396.15
01150,462,3074.04,Appartement,2413.65
01150,1061,2679.1,Maison,2549.02
01160,167,3138.3,Appartement,2093.02
01160,779,2237.8,Maison,2213.28
01170,1968,9827.45,Appartement,4758.83
01170,1071,5516.13,Maison,5105.26
01190,194,3997.6,Appartement,2360.53
01190,712,1971.89,Maison,1904.67
01200,1428,9185.19,Appartement,2513.88
01200,752,3127.25,Maison,3005.68
01210,1786,10316.15,Appartement,5169.12
01210,355,5885.28,Maison,5160.33
01220,1120,7775.11,Appartement,6043.96
01220,445,7218.04,Maison,6324.5
01230,202,1678.4,Appartement,1260.71
01230,444,1483.64,Maison,1375.0
01240,60,2462.91,Appartement,2129.68
01240,460,2621.78,Maison,2418.42
01250,163,2735.61,Appartement,2259.7
01250,1245,2352.11,Maison,2139.78
01260,46,1774.98,Appartement,1632.24
01260,284,2042.94,Maison,1820.55
01270,64,2912.61,Appartement,1754.23
01270,384,1809.34,Maison,1732.67
01280,486,6186.9,Appartement,5267.92
01280,406,5921.55,Maison,5506.23
01290,171,10714.59,Appartement,2509.43
01290,735,2322.94,Maison,2272.73
01300,631,3610.66,Appartement,2300.8
01300,1346,2233.79,Maison,2180.46
01310,127,6131.51,Appartement,2739.73
01310,728,2588.78,Maison,2290.68
01320,85,3355.55,Appartement,2321.43
01320,416,2932.28,Maison,2558.24
01330,253,9929.12,Appartement,3000.0
01330,503,3122.23,Maison,2940.57
01340,271,4044.57,Appartement,2317.07
01340,1011,2124.27,Maison,2072.73
01350,123,2995.07,Appartement,2191.78
01350,419,2225.96,Maison,2087.65
01360,276,73825.93,Appartement,3285.71
01360,532,43390.69,Maison,3497.62
01370,64,2372.02,Appartement,1773.61
01370,517,2685.29,Maison,2116.79
01380,52,3163.87,Appartement,2474.63
01380,530,2309.1,Maison,2261.39
01390,208,3873.28,Appartement,3482.81
01390,590,3807.33,Maison,3595.51
01400,346,21478.63,Appartement,2694.79
01400,746,2715.53,Maison,2578.04
01410,318,2719.5,Appartement,2295.67
01410,134,2607.92,Maison,2355.33
01420,142,4296.76,Appartement,2757.88
01420,207,3083.97,Maison,2639.32
01430,46,2749.24,Appartement,2655.08
01430,166,1771.43,Maison,1876.88
01440,110,6466.97,Appartement,3578.79
01440,353,3347.12,Maison,2380.95
01450,47,1795.33,Appartement,1094.34
01450,281,1814.4,Maison,1551.72
01460,168,3690.9,Appartement,2279.98
01460,210,2548.33,Maison,2062.55
01470,33,3058.38,Appartement,2248.72
01470,276,2337.5,Maison,2166.85
01480,511,8363.26,Appartement,3205.13
01480,1056,3153.89,Maison,3111.75
01500,873,4094.89,Appartement,2576.92
01500,1208,2652.86,Maison,2467.0
01510,92,3061.36,Appartement,1687.56
01510,384,1938.55,Maison,1786.97
01540,83,2512.24,Appartement,2231.88
01540,350,2497.07,Maison,2298.74
01550,189,16331.57,Appartement,4061.22
01550,329,5443.48,Maison,4012.2
01560,61,2702.94,Appartement,2202.7
01560,658,1663.22,Maison,1638.55
01570,36,2037.63,Appartement,1894.12
01570,314,2314.46,Maison,2076.97
01580,15,4266.9,Appartement,3326.07
01580,247,1861.26,Maison,1842.47
01590,58,2141514.75,Appartement,2535899.59
01590,103,2276.89,Maison,2241.38
01600,541,8642.71,Appartement,3235.29
01600,1333,4023.12,Maison,3543.31
01630,1239,6018.0,Appartement,4462.88
01630,799,5443.15,Maison,4996.23
01640,70,2299.66,Appartement,1836.06
01640,287,1915.19,Maison,1862.83
01660,61,4691.67,Appartement,2136.36
01660,290,2234.99,Maison,2247.96
01680,10,2377.26,Appartement,1838.06
01680,129,1990.16,Maison,1842.6
01700,969,18019.39,Appartement,3666.67
01700,861,4172.17,Maison,3903.85
01710,235,5804.03,Appartement,4507.04
01710,256,5094.68,Maison,4849.24
01750,300,3780.38,Appartement,2152.04
01750,241,2282.07,Maison,2308.64
01800,412,5458.53,Appartement,3100.0
01800,1275,3125.24,Maison,3138.04
01851,46,2785.25,Appartement,2685.47
01851,157,2006.31,Maison,1969.7
01960,213,7255.26,Appartement,2387.1
01960,446,2442.42,Maison,2337.84
01990,25,3045.71,Appartement,2568.97
01990,283,2778.88,Maison,2762.5
02000,1015,3182.86,Appartement,1386.11
02000,1739,1467.94,Maison,1313.13
02100,2454,5969.9,Appartement,3310.55
02100,3503,1363.63,Maison,1190.48
02110,99,5953.68,Appartement,3596.49
02110,1102,887.91,Maison,795.67
02120,176,3668.15,Appartement,2361.69
02120,981,1039.32,Maison,886.36
02130,56,2130.43,Appartement,1584.95
02130,684,1597.0,Maison,1411.89
02140,85,4810.55,Appartement,3170.73
02140,717,1011.39,Maison,895.52
02150,12,2318.11,Appartement,1761.44
02150,178,1001.92,Maison,961.49
02160,26,2315.71,Appartement,2098.32
02160,640,1544.69,Maison,1448.9
02170,13,2826.17,Appartement,2888.89
02170,334,1091.87,Maison,918.27
02190,13,4252.34,Appartement,3135.14
02190,559,1985.68,Maison,1786.36
02200,1316,2954.18,Appartement,1785.71
02200,2190,1875.68,Maison,1756.97
02210,37,2978.49,Appartement,1896.55
02210,655,1691.38,Maison,1359.65
02220,30,2698.4,Appartement,2715.79
02220,616,1560.55,Maison,1415.08
02230,6,1351.89,Appartement,1425.21
02230,188,978.38,Maison,878.81
02240,14,2695.69,Appartement,2548.27
02240,566,1322.37,Maison,1161.11
02250,33,2053.34,Appartement,465.12
02250,368,939.67,Maison,882.76
02260,30,1837.73,Appartement,1666.67
02260,327,1093.37,Maison,982.14
02270,3,1912.51,Appartement,1929.82
02270,567,1040.83,Maison,948.41
02290,44,3033.75,Appartement,1603.25
02290,676,1818.24,Maison,1641.38
02300,306,4427.7,Appartement,2843.33
02300,2064,1368.94,Maison,1272.73
02310,140,8496.63,Appartement,3652.22
02310,842,1949.57,Maison,1809.55
02320,52,4703.3,Appartement,3780.0
02320,491,1579.1,Maison,1385.71
02330,17,1538.85,Appartement,878.38
02330,301,1589.44,Maison,1421.05
02340,19,1212.63,Appartement,1454.55
02340,343,899.81,Maison,821.43
02350,8,1694.89,Appartement,982.42
02350,402,1248.86,Maison,1078.89
02360,7,696.49,Appartement,333.33
02360,295,847.91,Maison,714.29
02370,30,3628.2,Appartement,2495.54
02370,371,1734.13,Maison,1543.66
02380,20,1282.03,Appartement,1273.91
02380,239,1358.99,Maison,1323.53
02390,20,2697.88,Appartement,2857.14
02390,221,904.37,Maison,806.71
02400,739,5242.89,Appartement,2248.72
02400,1699,1978.1,Maison,1891.3
02410,17,3205.01,Appartement,3176.47
02410,226,1338.11,Maison,1146.43
02420,18,1298.04,Appartement,940.97
02420,471,1095.91,Maison,1057.77
02430,25,1257.15,Appartement,977.94
02430,344,3642.08,Maison,1430.66
02440,1,944.44,Appartement,944.44
02440,210,1277.8,Maison,1261.48
02450,3,1658.64,Appartement,1818.18
02450,273,1049.74,Maison,904.76
02460,43,7329.85,Appartement,3375.0
02460,186,1967.52,Maison,1898.99
02470,30,2915.36,Appartement,2840.0
02470,269,1590.18,Maison,1479.59
02480,4,3485.68,Appartement,3708.79
02480,219,1253.74,Maison,1237.62
02490,187,1284.18,Maison,1202.7
02500,232,3925.94,Appartement,2990.74
02500,1409,1177.65,Maison,813.69
02510,8,5175.07,Appartement,3820.81
02510,181,1181.23,Maison,865.38
02520,3,2000.0,Appartement,600.0
02520,133,1293.04,Maison,1267.08
02540,13,1393.61,Appartement,1000.0
02540,245,1722.64,Maison,1562.5
02550,20,1299.69,Appartement,1315.79
02550,99,987.2,Maison,940.17
02570,22,3467.06,Appartement,3420.0
02570,167,1689.41,Maison,1748.47
02580,3,2791.01,Appartement,2539.68
02580,87,926.71,Maison,772.15
02590,250,1354.48,Maison,1284.16
02600,354,4963.43,Appartement,1842.22
02600,1053,2250.13,Maison,1971.15
02610,4,5828.88,Appartement,5891.99
02610,77,1233.53,Maison,1163.64
02620,5,512.89,Appartement,480.52
02620,80,866.17,Maison,754.72
02630,3,245.09,Appartement,270.0
02630,130,898.46,Maison,792.31
02640,67,1324.99,Maison,1222.22
02650,15,2981.28,Appartement,3333.33
02650,166,1687.7,Maison,1663.34
02670,7,1415.09,Appartement,550.72
02670,137,1272.54,Maison,1167.19
02680,27,1278.92,Appartement,1272.73
02680,132,1528.57,Maison,1503.53
02690,2,6969.7,Appartement,6969.7
02690,120,1607.78,Maison,1507.94
02700,124,5889.65,Appartement,5202.7
02700,1171,1276.3,Maison,1162.16
02720,11,962.19,Appartement,936.51
02720,168,2092.73,Maison,1517.28
02760,104,1674.16,Maison,1606.28
02790,34,1526.83,Maison,1588.79
02800,226,3004.11,Appartement,2681.94
02800,816,1124.96,Maison,1050.99
02810,13,3823.4,Appartement,3461.54
02810,277,1793.51,Maison,1726.67
02820,3,979.61,Appartement,1052.63
02820,316,1300.93,Maison,1242.02
02830,27,2917.84,Appartement,2812.5
02830,297,1135.1,Maison,920.28
02840,10,3008.81,Appartement,2526.89
02840,378,1391.26,Maison,1405.93
02850,10,4204.19,Appartement,4832.07
02850,279,1637.48,Maison,1469.03
02860,7,2180.35,Appartement,2368.42
02860,367,1613.94,Maison,1447.83
02870,14,1858.0,Appartement,1826.87
02870,208,1326.23,Maison,1301.73
02880,103,2540.01,Appartement,1230.77
02880,665,1746.85,Maison,1666.67
03000,1651,2892.06,Appartement,1651.79
03000,1118,1764.73,Maison,1634.78
03100,3662,3257.79,Appartement,1237.17
03100,1814,1221.11,Maison,1123.31
03110,34,4062.06,Appartement,2733.39
03110,1111,2807.03,Maison,1691.51
03120,162,1253.3,Appartement,904.55
03120,901,1227.56,Maison,1052.63
03130,45,1079.32,Appartement,677.78
03130,596,1050.46,Maison,875.0
03140,13,2124.58,Appartement,1971.43
03140,851,1345.94,Maison,1136.99
03150,159,1658.19,Appartement,1016.13
03150,789,1354.36,Maison,1148.44
03160,79,3100.63,Appartement,1714.29
03160,606,1562.25,Maison,1193.17
03170,33,1338.49,Appartement,859.38
03170,649,1038.66,Maison,923.08
03190,62,1402.69,Appartement,827.78
03190,748,1237.5,Maison,1084.98
03200,4875,5040.5,Appartement,2105.87
03200,1334,2591.7,Maison,1854.26
03210,83,1607.99,Appartement,1250.0
03210,631,1640.87,Maison,1188.89
03220,16,680.66,Appartement,490.09
03220,508,1270.24,Maison,961.48
03230,32,2761.42,Appartement,2511.36
03230,556,1448.51,Maison,1140.0
03240,16,1246.67,Appartement,1108.59
03240,531,1221.29,Maison,944.44
03250,53,1795.3,Appartement,1875.0
03250,654,1125.49,Maison,876.89
03260,95,2085.15,Appartement,1333.33
03260,632,1601.59,Maison,1409.43
03270,93,1508.38,Appartement,1190.48
03270,517,1637.73,Maison,1494.25
03290,77,2993.47,Appartement,2380.95
03290,490,1362.18,Maison,1010.9
03300,649,2025.67,Appartement,1414.63
03300,1367,1687.15,Maison,1593.55
03310,206,6443.68,Appartement,1758.82
03310,514,1302.93,Maison,1200.91
03320,53,1178.73,Appartement,975.0
03320,482,12822.97,Maison,879.12
03330,16,2882.85,Appartement,958.47
03330,435,1179.26,Maison,1000.0
03340,39,2028.74,Appartement,1383.33
03340,476,1539.82,Maison,1242.86
03350,37,772.19,Appartement,306.12
03350,354,1528.48,Maison,867.4
03360,36,1883.41,Appartement,1282.63
03360,576,1399.58,Maison,989.12
03370,10,931.99,Appartement,822.58
03370,360,1013.7,Maison,747.06
03380,38,1766.75,Appartement,1452.57
03380,668,1306.75,Maison,1074.62
03390,28,1459.92,Appartement,1220.24
03390,438,1159.91,Maison,904.26
03400,349,2603.3,Appartement,1417.72
03400,1063,1901.41,Maison,1604.94
03410,157,2599.33,Appartement,1125.0
03410,1172,1450.6,Maison,1317.13
03420,16,1657.47,Appartement,1327.84
03420,350,1000.79,Maison,726.6
03430,25,1782.71,Appartement,1170.21
03430,349,980.49,Maison,914.06
03440,21,2189.98,Appartement,2050.0
03440,227,1129.07,Maison,845.07
03450,24,2920.1,Appartement,1817.42
03450,334,1488.94,Maison,1095.57
03460,10,3284.84,Appartement,3336.6
03460,254,1507.73,Maison,1379.87
03470,7,831.32,Appartement,686.44
03470,217,1105.73,Maison,1071.43
03500,212,2438.96,Appartement,1222.72
03500,1231,1817.09,Maison,1313.13
03510,24,878.7,Appartement,827.11
03510,188,1238.61,Maison,1152.78
03600,203,1241.1,Appartement,937.5
03600,657,1051.46,Maison,935.71
03630,84,1607.76,Appartement,1000.0
03630,355,1142.74,Maison,1132.35
03700,233,2217.78,Appartement,1791.67
03700,950,2046.0,Maison,1854.46
03800,164,3210.9,Appartement,2285.71
03800,922,1491.1,Maison,1382.68
04000,1343,2859.37,Appartement,1791.22
04000,464,2730.67,Maison,2376.82
04100,1688,3827.25,Appartement,2085.62
04100,747,4720.66,Maison,2891.85
04110,43,8410.82,Appartement,3166.67
04110,311,3323.59,Maison,2666.67
04120,148,4951.03,Appartement,2103.18
04120,322,6532.36,Maison,2200.0
04130,86,3612.88,Appartement,2960.24
04130,152,2823.18,Maison,2855.79
04140,491,2139.25,Appartement,1893.6
04140,303,2302.57,Maison,2210.53
04150,63,6175.43,Appartement,3500.0
04150,347,4142.85,Maison,2564.13
04160,144,2555.26,Appartement,1978.72
04160,240,2626.88,Maison,2509.26
04170,141,2848.08,Appartement,2084.34
04170,259,2358.65,Maison,1833.33
04180,24,6509.05,Appartement,3147.81
04180,265,2997.82,Maison,2788.46
04190,119,2977.81,Appartement,2756.1
04190,267,2581.22,Maison,2362.92
04200,541,7000.97,Appartement,2066.67
04200,800,2539.9,Maison,2352.61
04210,101,3657.42,Appartement,2500.0
04210,299,2669.75,Maison,2440.48
04220,120,4946.92,Appartement,3102.04
04220,276,2692.51,Maison,2576.41
04230,64,3665.93,Appartement,2100.0
04230,433,2848.66,Maison,2600.0
04240,84,3156.63,Appartement,1743.12
04240,157,2357.7,Maison,2000.0
04250,55,3605.34,Appartement,1969.7
04250,164,4395.1,Maison,1834.1
04260,1365,2745.26,Appartement,2490.48
04260,108,4091.8,Maison,3882.26
04270,90,5487.6,Appartement,1861.48
04270,259,3230.62,Maison,2164.71
04280,17,4993.48,Appartement,3971.43
04280,161,3088.8,Maison,2606.15
04290,76,2590.9,Appartement,2007.58
04290,180,2249.95,Maison,2125.36
04300,416,5229.93,Appartement,2849.69
04300,735,3735.73,Maison,3128.62
04310,42,2437.44,Appartement,2405.32
04310,185,2469.17,Maison,2437.5
04320,62,2292.56,Appartement,1555.06
04320,112,2061.9,Maison,1904.76
04330,20,2758.28,Appartement,1904.53
04330,165,2519.21,Maison,1869.57
04340,65,4146.55,Appartement,2098.04
04340,160,2270.0,Maison,2218.75
04350,50,1911.43,Appartement,1322.7
04350,81,2157.74,Maison,2377.19
04360,26,5505.81,Appartement,4279.42
04360,47,5835.94,Maison,3192.74
04370,106,1975.92,Appartement,1750.93
04370,162,2409.67,Maison,2213.2
04380,17,2712.98,Appartement,1940.24
04380,47,1883.84,Maison,1840.43
04400,1631,2773.51,Appartement,2333.33
04400,283,3238.85,Maison,3000.0
04410,19,7014.98,Appartement,2715.0
04410,84,3842.32,Maison,2304.27
04420,38,2269.12,Appartement,2383.0
04420,148,2375.92,Maison,1911.16
04500,240,4759.87,Appartement,2617.66
04500,479,2856.91,Maison,2421.69
04510,41,3681.55,Appartement,2487.18
04510,169,3194.73,Maison,2307.21
04530,38,2418.77,Appartement,1397.37
04530,54,2063.84,Maison,1700.47
04600,141,2391.74,Appartement,1831.2
04600,98,5362.52,Maison,2546.42
04660,8,4129.26,Appartement,2955.56
04660,24,2853.29,Maison,2771.63
04700,196,4255.47,Appartement,2608.5
04700,483,2775.36,Maison,2708.33
04800,653,4862.43,Appartement,3073.53
04800,424,7851.78,Maison,3013.33
04850,135,3772.72,Appartement,2222.22
04850,64,2580.62,Maison,2718.88
04860,56,4489.82,Appartement,2541.67
04860,368,3269.07,Maison,3069.31
04870,20,6735.11,Appartement,4009.64
04870,88,3152.4,Maison,2740.24
05000,2715,4219.2,Appartement,2363.41
05000,1065,3342.05,Maison,3106.06
05100,2526,41420.75,Appartement,3441.57
05100,381,4320.13,Maison,3647.06
05110,84,3386.83,Appartement,2313.15
05110,160,2754.06,Maison,2492.51
05120,152,3696.46,Appartement,2607.54
05120,172,3103.88,Maison,2705.25
05130,132,3490.56,Appartement,2159.39
05130,274,2767.1,Maison,2669.7
05140,56,2652.44,Appartement,2199.38
05140,268,2307.41,Maison,1543.42
05150,21,2455.76,Appartement,1303.84
05150,120,1635.33,Maison,1406.25
05160,208,3812.6,Appartement,3055.26
05160,116,3873.57,Maison,3725.31
05170,675,2674.55,Appartement,2279.33
05170,58,3800.83,Maison,3452.46
05190,97,3374.4,Appartement,3461.54
05190,138,2208.04,Maison,1854.64
05200,1487,4049.58,Appartement,3148.85
05200,427,3766.86,Maison,3519.59
05220,270,5496.11,Appartement,4800.1
05220,67,5820.2,Maison,5448.28
05230,195,5681.54,Appartement,2968.75
05230,271,3492.61,Maison,3022.78
05240,483,5381.26,Appartement,4400.0
05240,63,27607.41,Maison,5014.46
05250,861,2693.72,Appartement,2400.0
05250,91,3584.77,Maison,3504.19
05260,685,2804.77,Appartement,2452.38
05260,257,2963.87,Maison,2702.7
05290,499,3250.89,Appartement,2433.33
05290,26,3511.11,Maison,3056.55
05300,284,2515.29,Appartement,1750.0
05300,489,2310.09,Maison,2159.88
05310,35,5059.28,Appartement,3730.0
05310,70,2706.31,Maison,2917.5
05320,59,4929.15,Appartement,3478.26
05320,27,4023.41,Maison,3583.33
05330,434,6237.17,Appartement,3832.64
05330,72,9835.73,Maison,3585.71
05340,208,3758.63,Appartement,2897.62
05340,89,3844.36,Maison,3409.09
05350,251,3982.37,Appartement,2678.57
05350,70,2749.05,Maison,2509.26
05380,53,4627.2,Appartement,3333.33
05380,66,6685.01,Maison,3764.84
05400,263,2421.57,Appartement,1569.51
05400,381,2346.7,Maison,2260.12
05460,121,3291.45,Appartement,2617.65
05460,25,2316.38,Maison,2253.52
05470,83,2050.03,Appartement,1600.0
05470,32,2067.89,Maison,1947.77
05480,16,3169.45,Appartement,2472.22
05480,15,3341.77,Maison,3333.33
05500,299,2879.07,Appartement,2340.74
05500,294,2472.41,Maison,2348.2
05560,695,4229.06,Appartement,3666.67
05560,49,5134.8,Maison,4380.95
05600,939,4048.9,Appartement,3487.5
05600,294,4344.37,Maison,2951.31
05700,157,2824.33,Appartement,2337.66
05700,308,3368.52,Maison,2018.76
05800,93,5419.46,Appartement,2687.53
05800,180,2193.12,Maison,2053.71
06000,17432,13573.94,Appartement,5122.34
06000,472,8702.18,Maison,5914.08
06100,8412,6225.48,Appartement,4210.53
06100,722,7787.39,Maison,6282.41
06110,5368,4830.0,Appartement,3829.79
06110,684,11350.7,Maison,6182.12
06130,4414,46410.4,Appartement,3219.4
06130,1576,6979.13,Maison,4858.54
06140,1726,5888.48,Appartement,4239.42
06140,1665,6971.6,Maison,5450.0
06150,2747,5635.12,Appartement,4440.48
06150,216,7751.21,Maison,5541.94
06160,4250,7422.88,Appartement,5200.0
06160,729,45420.32,Maison,12380.95
06190,2612,9832.52,Appartement,6028.69
06190,473,30036.97,Maison,12250.0
06200,9060,24892.72,Appartement,4823.53
06200,790,14743.96,Maison,6403.12
06210,4294,6330.02,Appartement,4742.38
06210,801,9525.68,Maison,6019.74
06220,3551,7070.52,Appartement,4361.11
06220,1077,12797.05,Maison,6681.61
06230,1189,23587.28,Appartement,9150.0
06230,511,77765.85,Maison,20717.82
06240,1691,13884.76,Appartement,7085.71
06240,108,19510.74,Maison,11320.75
06250,1193,8953.04,Appartement,4939.39
06250,1867,15111.83,Maison,7222.22
06260,162,1950.88,Appartement,1387.36
06260,182,2334.14,Maison,2310.0
06270,2155,6202.76,Appartement,5714.29
06270,517,8269.77,Maison,6186.44
06300,9513,16061.84,Appartement,4892.31
06300,339,19843.54,Maison,9100.0
06310,711,15330.37,Appartement,8108.7
06310,60,26190.47,Maison,17267.7
06320,676,11848.88,Appartement,7660.49
06320,293,26585.57,Maison,8598.13
06330,111,10399.56,Appartement,5888.89
06330,884,7259.48,Maison,6078.43
06340,659,4258.93,Appartement,3196.72
06340,414,4350.73,Maison,4114.15
06360,247,16943.73,Appartement,9004.97
06360,265,24875.23,Maison,13636.36
06370,364,10508.52,Appartement,4502.0
06370,730,8401.76,Maison,5714.29
06380,334,3142.49,Appartement,2400.0
06380,252,4538.79,Maison,4035.4
06390,347,4305.38,Appartement,3231.71
06390,712,7748.0,Maison,4055.93
06400,12559,11072.8,Appartement,6000.0
06400,818,45850.89,Maison,10490.83
06410,390,9459.43,Appartement,5233.47
06410,741,7760.93,Maison,6326.64
06420,884,4191.75,Appartement,3854.17
06420,357,3149.75,Maison,2544.64
06430,272,1686.88,Appartement,1255.95
06430,144,1645.98,Maison,1391.71
06440,472,3570.68,Appartement,2812.5
06440,513,4960.0,Maison,3993.51
06450,660,2886.64,Appartement,2272.73
06450,582,3088.19,Maison,2769.23
06460,116,4476.44,Appartement,3478.71
06460,515,5749.26,Maison,3821.43
06470,579,4415.84,Appartement,3888.89
06470,196,3656.21,Maison,2590.05
06480,381,18452.07,Appartement,5595.24
06480,610,11857.13,Maison,6240.6
06500,5641,14497.43,Appartement,4829.79
06500,626,25667.8,Maison,5714.29
06510,691,6167.96,Appartement,3723.4
06510,727,5038.98,Maison,4500.0
06520,105,5125.63,Appartement,3636.36
06520,137,6857.34,Maison,4900.78
06530,924,56494.03,Appartement,4960.63
06530,2097,5181.04,Maison,4477.13
06540,292,1694.85,Appartement,1338.66
06540,168,2878.93,Maison,2352.8
06550,190,7994.96,Appartement,4631.89
06550,305,6448.25,Maison,5045.95
06560,511,5571.81,Appartement,4450.0
06560,714,10914.24,Maison,6684.02
06570,151,13873.92,Appartement,7683.33
06570,467,11904.86,Maison,6499.01
06580,281,4884.75,Appartement,4402.6
06580,342,6399.66,Maison,5025.67
06590,575,9929.36,Appartement,6847.83
06590,242,16907.85,Maison,10833.33
06600,6936,6403.45,Appartement,4917.08
06600,1035,12401.14,Maison,6481.48
06610,144,8087.21,Appartement,5385.32
06610,447,6303.46,Maison,5343.51
06620,349,2911.55,Appartement,2175.0
06620,316,4217.63,Maison,3742.46
06640,78,4792.66,Appartement,3935.98
06640,300,6081.08,Maison,4988.17
06650,171,9185.43,Appartement,6071.43
06650,716,8347.65,Maison,6045.45
06660,613,5801.81,Appartement,5263.73
06660,85,9202.76,Maison,5217.44
06670,388,6759.09,Appartement,4300.0
06670,782,4830.22,Maison,4317.33
06690,122,5925.25,Appartement,5206.23
06690,232,5118.33,Maison,4677.08
06700,3056,7151.85,Appartement,4666.67
06700,346,9340.19,Maison,5651.79
06710,86,2566.35,Appartement,1827.96
06710,139,2658.08,Maison,2500.0
06730,259,4258.95,Appartement,3857.14
06730,98,6546.98,Maison,4978.17
06740,122,9500.41,Appartement,6012.82
06740,452,9718.61,Maison,6848.1
06750,220,2011.56,Appartement,1490.9
06750,409,3060.24,Maison,2625.0
06790,74,7360.76,Appartement,5903.4
06790,151,5403.57,Maison,5066.25
06800,5179,6546.1,Appartement,4600.0
06800,998,7439.0,Maison,5848.53
06810,102,7695.12,Appartement,4502.38
06810,252,6348.39,Maison,5326.21
06830,120,3022.82,Appartement,2489.13
06830,215,8890.73,Maison,3448.28
06850,19,1713.24,Appartement,963.86
06850,96,2181.01,Maison,1987.5
06910,51,1994.98,Appartement,1330.36
06910,216,2735.13,Maison,2411.35
06950,32,9679.42,Appartement,7969.83
06950,98,5853.95,Maison,5937.5
07000,739,2884.99,Appartement,1666.67
07000,777,2310.94,Maison,2149.12
07100,1389,2550.29,Appartement,1435.19
07100,879,2124.02,Maison,2091.95
07110,206,3594.98,Appartement,2366.67
07110,720,2726.16,Maison,2256.87
07120,211,5093.49,Appartement,3187.98
07120,680,4038.52,Maison,2757.01
07130,295,4600.42,Appartement,3234.96
07130,828,2858.19,Maison,2798.04
07140,203,4597.12,Appartement,2765.62
07140,576,3047.4,Maison,2725.0
07150,238,5683.22,Appartement,3187.9
07150,773,3253.0,Maison,2647.97
07160,197,2062.97,Appartement,1500.0
07160,442,1885.2,Maison,1539.75
07170,155,8280.5,Appartement,2694.12
07170,555,2441.1,Maison,2315.79
07190,53,3205.54,Appartement,1787.88
07190,387,1919.23,Maison,1654.62
07200,1400,3935.06,Appartement,1987.48
07200,1668,2437.17,Maison,2203.95
07210,171,3683.42,Appartement,3058.82
07210,521,2422.65,Maison,2352.94
07220,120,4328.98,Appartement,2380.0
07220,375,2226.67,Maison,2060.08
07230,50,3832.27,Appartement,3206.67
07230,357,2860.29,Maison,2422.86
07240,88,3511.68,Appartement,2444.44
07240,351,2302.5,Maison,1911.11
07250,105,2848.28,Appartement,2647.06
07250,196,2203.17,Maison,2254.9
07260,128,3186.66,Appartement,2003.39
07260,347,2695.15,Maison,2296.3
07270,161,2256.21,Appartement,1944.44
07270,598,2323.13,Maison,1808.86
07290,69,1711.27,Appartement,1049.18
07290,453,2016.93,Maison,1895.96
07300,936,3672.73,Appartement,2217.43
07300,836,2370.7,Maison,2263.16
07310,106,1723.67,Appartement,1301.59
07310,325,1815.82,Maison,1600.0
07320,153,2259.27,Appartement,1813.33
07320,316,2150.79,Maison,1773.41
07330,75,11433.61,Appartement,3750.0
07330,221,1800.16,Maison,1622.75
07340,108,1922.48,Appartement,1625.16
07340,836,2141.34,Maison,2170.0
07350,40,5949.83,Appartement,1900.33
07350,145,1905.96,Maison,1961.54
07360,32,3510.24,Appartement,2396.56
07360,297,2426.68,Maison,2000.0
07370,41,3021.51,Appartement,2520.9
07370,258,1999.6,Maison,1955.91
07380,126,3135.25,Appartement,2500.0
07380,490,2305.71,Maison,2000.0
07400,643,2359.43,Appartement,1628.79
07400,753,2054.31,Maison,2000.0
07410,38,1634.08,Appartement,1149.99
07410,349,2183.47,Maison,1946.54
07430,92,2600.39,Appartement,2576.46
07430,517,2252.51,Maison,2321.1
07440,30,3761.35,Appartement,3400.09
07440,248,2233.8,Maison,1939.5
07450,42,2229.1,Appartement,1351.17
07450,111,1803.51,Maison,1565.79
07460,75,6474.19,Appartement,3153.85
07460,453,2893.72,Maison,2523.37
07470,48,2221.52,Appartement,1675.01
07470,154,1625.73,Maison,1593.1
07500,729,3131.11,Appartement,2185.71
07500,313,3063.61,Maison,2800.0
07510,50,1905.33,Appartement,1470.18
07510,93,2173.37,Maison,1323.53
07520,51,1844.71,Appartement,976.6
07520,80,2185.62,Maison,1444.14
07530,62,3741.34,Appartement,2887.16
07530,185,2256.09,Maison,1932.77
07560,33,2586.03,Appartement,2032.88
07560,79,1984.76,Maison,1858.06
07570,5,2729.69,Appartement,2656.22
07570,118,2077.77,Maison,1677.93
07580,14,5785.3,Appartement,2815.98
07580,79,2453.54,Maison,1984.62
07590,10,1556.26,Appartement,1392.83
07590,91,1246.03,Maison,1007.23
07600,407,3327.9,Appartement,2060.61
07600,276,2388.03,Maison,1908.33
07610,8,4917.16,Appartement,5147.06
07610,201,2408.22,Maison,2265.38
07630,3,9264.01,Appartement,10653.54
07630,38,2741.63,Maison,1903.58
07660,17,4090.65,Appartement,1688.89
07660,103,1211.5,Maison,962.96
07690,28,2017.62,Appartement,1471.95
07690,251,2047.73,Maison,1835.62
07700,509,4333.32,Appartement,2237.5
07700,878,2500.35,Maison,2296.97
07790,3,2249.99,Appartement,2203.39
07790,79,2167.33,Maison,2105.56
07800,275,2650.22,Appartement,2053.57
07800,749,2410.82,Maison,2291.21
08000,2897,3450.06,Appartement,1628.57
08000,1851,1851.56,Maison,1666.67
08090,74,4448.53,Appartement,2464.41
08090,619,1654.53,Maison,1607.14
08110,105,3030.03,Appartement,2291.67
08110,484,1202.02,Maison,1130.59
08120,74,1865.33,Appartement,1700.0
08120,338,982.67,Maison,877.76
08130,10,2701.64,Appartement,2583.03
08130,437,1071.79,Maison,943.4
08140,93,3665.14,Appartement,2088.89
08140,424,1335.5,Maison,1166.67
08150,77,3442.94,Appartement,2400.0
08150,551,1349.04,Maison,1279.07
08160,47,5035.46,Appartement,3372.09
08160,431,1591.19,Maison,1393.16
08170,122,1329.76,Appartement,864.99
08170,466,1051.96,Maison,877.36
08190,6,2683.14,Appartement,2816.9
08190,398,1579.66,Maison,1549.73
08200,1841,2461.99,Appartement,1153.85
08200,1161,1427.24,Maison,1357.14
08210,21,1907.89,Appartement,1468.35
08210,256,1022.43,Maison,973.0
08220,4,1822.53,Appartement,1861.15
08220,326,1053.19,Maison,954.72
08230,27,2224.91,Appartement,2053.57
08230,301,1342.16,Maison,1294.12
08240,8,1550.45,Appartement,1420.83
08240,279,996.04,Maison,666.67
08250,2,297.42,Appartement,297.42
08250,287,837.97,Maison,714.29
08260,26,2071.58,Appartement,2106.9
08260,280,1195.36,Maison,995.0
08270,6,1565.02,Appartement,1119.37
08270,320,1144.71,Maison,1098.45
08290,5,944.65,Appartement,859.38
08290,149,1048.5,Maison,935.17
08300,267,3252.65,Appartement,2057.69
08300,986,1688.07,Maison,1638.17
08310,7,1502.4,Appartement,1746.81
08310,267,1402.56,Maison,1415.09
08320,59,24442.7,Appartement,25028.57
08320,344,1517.76,Maison,1275.9
08330,85,3458.33,Appartement,3108.11
08330,147,1401.27,Maison,1263.16
08350,61,2823.36,Appartement,2800.0
08350,235,1382.07,Maison,1316.56
08360,18,3953.54,Appartement,2482.4
08360,126,1468.72,Maison,1431.21
08370,10,1767.63,Appartement,1362.5
08370,200,1297.51,Maison,1127.79
08380,20,1459.39,Appartement,1421.83
08380,224,1502.98,Maison,1140.65
08390,15,2138.44,Appartement,660.92
08390,162,1411.7,Maison,1046.67
08400,115,2409.1,Appartement,1610.17
08400,648,980.5,Maison,911.11
08410,15,2567.34,Appartement,2459.02
08410,70,1271.61,Maison,1269.55
08430,9,2173.48,Appartement,2283.33
08430,310,1420.87,Maison,1231.11
08440,70,1559.74,Appartement,1449.28
08440,264,1575.8,Maison,1460.67
08450,29,1626.26,Appartement,1328.57
08450,271,1118.75,Maison,900.0
08460,4,2258.16,Appartement,2061.58
08460,210,1118.67,Maison,873.33
08500,224,2289.3,Appartement,1703.39
08500,616,1358.9,Maison,909.09
08600,213,4267.11,Appartement,1511.63
08600,521,1434.22,Maison,1407.77
08700,145,1699.25,Appartement,1030.0
08700,571,1167.93,Maison,1105.08
08800,66,1582.28,Appartement,1109.38
08800,490,1101.73,Maison,909.09
09000,662,2843.02,Appartement,1793.19
09000,1457,1910.23,Maison,1678.08
09100,940,2975.82,Appartement,1775.64
09100,1660,1935.97,Maison,1701.06
09110,457,2900.88,Appartement,2514.44
09110,294,2087.42,Maison,1797.44
09120,86,3240.31,Appartement,2738.1
09120,674,1876.48,Maison,1774.42
09130,19,1762.01,Appartement,1493.98
09130,449,1774.9,Maison,1621.05
09140,279,2094.68,Appartement,1393.9
09140,592,1765.34,Maison,1596.11
09160,18,2532.97,Appartement,2555.56
09160,264,1501.75,Maison,1200.39
09190,24,2048.16,Appartement,1544.12
09190,237,1701.46,Maison,1600.71
09200,494,2313.5,Appartement,1582.21
09200,752,1791.8,Maison,1442.98
09210,65,4429.02,Appartement,2312.5
09210,273,1942.18,Maison,1717.56
09220,25,1854.67,Appartement,1470.59
09220,231,1308.63,Maison,1125.0
09230,10,1968.04,Appartement,1995.97
09230,241,1626.63,Maison,1465.12
09240,22,2226.25,Appartement,1384.62
09240,239,1517.16,Maison,1276.6
09250,7,2042.53,Appartement,1698.46
09250,111,1569.17,Maison,1441.38
09270,86,3107.51,Appartement,1559.31
09270,381,1815.55,Maison,1623.66
09290,14,891.91,Appartement,810.81
09290,131,1732.84,Maison,1448.03
09300,433,3081.46,Appartement,1813.79
09300,1186,1301.82,Maison,1093.03
09310,20,1869.55,Appartement,1711.72
09310,164,1497.15,Maison,1447.22
09320,29,3030.29,Appartement,2306.15
09320,512,1773.86,Maison,1518.54
09330,23,2639.87,Appartement,2105.56
09330,108,1776.23,Maison,1713.54
09340,9,3134.46,Appartement,2962.96
09340,169,1953.99,Maison,1885.0
09350,23,1302.8,Appartement,1048.54
09350,417,1536.55,Maison,1309.0
09390,12,1577.11,Appartement,1533.48
09390,3,834.19,Maison,879.63
09400,279,11493.59,Appartement,3081.4
09400,815,1605.2,Maison,1428.57
09420,9,2313.46,Appartement,2282.61
09420,183,1749.2,Maison,1397.85
09460,8,1730.07,Appartement,2250.0
09460,115,1402.84,Maison,1312.5
09500,140,3512.29,Appartement,1843.86
09500,678,1870.65,Maison,1593.54
09600,102,3759.81,Appartement,2363.64
09600,579,1560.45,Maison,1304.35
09700,103,2545.14,Appartement,1700.0
09700,617,1876.83,Maison,1724.14
09800,91,47938.6,Appartement,5156.25
09800,602,1575.74,Maison,1405.78
10000,6866,6058.56,Appartement,1904.76
10000,1323,2848.17,Maison,2045.0
10100,466,4083.76,Appartement,2741.94
10100,1286,1454.09,Maison,1276.63
10110,118,2307.24,Appartement,1179.14
10110,529,1349.59,Maison,1100.0
10120,807,5583.83,Appartement,1594.2
10120,741,2255.03,Maison,2088.64
10130,24,2228.86,Appartement,1036.53
10130,588,1139.35,Maison,1057.3
10140,62,2497.96,Appartement,1244.18
10140,432,1204.51,Maison,1164.22
10150,102,4768.24,Appartement,1910.63
10150,746,2474.88,Maison,2000.0
10160,63,4456.98,Appartement,2720.59
10160,554,1256.13,Maison,1199.54
10170,10,1062.99,Appartement,1006.43
10170,316,1369.07,Maison,1315.79
10180,7,2504.75,Appartement,1890.41
10180,188,2182.84,Maison,1994.12
10190,25,3171.1,Appartement,2777.78
10190,656,1588.82,Maison,1458.46
10200,211,2341.43,Appartement,1533.33
10200,669,1231.5,Maison,1009.15
10210,25,4732.33,Appartement,3920.45
10210,385,1300.18,Maison,1048.54
10220,13,2686.67,Appartement,1754.39
10220,323,1505.54,Maison,1428.57
10230,25,3979.41,Appartement,3666.67
10230,59,1069.87,Maison,1000.0
10240,6,1600.26,Appartement,1755.26
10240,216,1194.81,Maison,1090.0
10250,30,3101.71,Appartement,2000.0
10250,186,1493.87,Maison,807.53
10260,27,1381.62,Appartement,1666.67
10260,409,1638.46,Maison,1590.91
10270,48,3297.55,Appartement,2583.08
10270,376,2110.37,Maison,1884.37
10280,28,2747.58,Appartement,1555.0
10280,152,1622.33,Maison,1726.2
10290,1,2272.73,Appartement,2272.73
10290,257,1260.88,Maison,1132.08
10300,863,4202.02,Appartement,2069.26
10300,621,2269.95,Maison,2140.48
10310,6,445.3,Appartement,486.11
10310,144,826.25,Maison,731.17
10320,6,1808.05,Appartement,1746.15
10320,326,1654.4,Maison,1614.33
10330,1,2347.22,Appartement,2347.22
10330,154,952.05,Maison,908.98
10340,8,2247.44,Appartement,1730.11
10340,166,1223.47,Maison,922.62
10350,8,1711.36,Appartement,1885.89
10350,175,1571.64,Maison,1436.36
10360,9,4650.01,Appartement,4500.0
10360,146,1307.37,Maison,763.79
10370,34,3009.35,Appartement,1430.5
10370,171,1440.77,Maison,1224.81
10380,3,753.62,Appartement,941.18
10380,117,1033.42,Maison,1048.08
10390,1,2077.92,Appartement,2077.92
10390,245,2287.64,Maison,1979.17
10400,216,4341.3,Appartement,2880.61
10400,1078,1714.11,Maison,1500.0
10410,27,7900.85,Appartement,2112.68
10410,270,2364.69,Maison,2166.67
10420,23,3169.45,Appartement,2140.62
10420,119,2043.96,Maison,2097.22
10430,48,9009.77,Appartement,2609.1
10430,167,2293.76,Maison,2275.51
10440,10,4196.9,Appartement,2595.11
10440,256,2226.99,Maison,2188.19
10450,71,29103.79,Appartement,7000.0
10450,175,2232.68,Maison,2127.66
10500,75,2429.47,Appartement,1899.38
10500,647,1409.6,Maison,1184.21
10510,7,3510.08,Appartement,2337.66
10510,216,1347.92,Maison,1310.39
10600,317,2194.44,Appartement,1330.56
10600,557,2125.51,Maison,1980.77
10700,98,4814.0,Appartement,1015.15
10700,587,1296.02,Maison,1225.49
10800,263,5306.48,Appartement,1805.19
10800,681,2419.01,Maison,2000.0
11000,3450,2882.78,Appartement,1416.95
11000,2732,2198.88,Maison,1678.44
11100,5257,7319.49,Appartement,2446.55
11100,2514,3178.53,Maison,2646.7
11110,234,3921.96,Appartement,2347.75
11110,1091,2640.65,Maison,2218.39
11120,134,5521.88,Appartement,2905.0
11120,1547,2151.33,Maison,2127.35
11130,134,2622.47,Appartement,2174.83
11130,476,2112.95,Maison,2116.52
11140,16,942.5,Appartement,989.38
11140,430,1093.92,Maison,879.97
11150,115,12914.83,Appartement,3658.54
11150,619,1611.75,Maison,1462.2
11160,44,2740.64,Appartement,1459.95
11160,834,1546.56,Maison,1315.79
11170,74,4037.45,Appartement,2660.87
11170,813,1931.9,Maison,1629.21
11190,68,2872.99,Appartement,1564.07
11190,531,1874.26,Maison,1269.84
11200,544,3264.09,Appartement,1875.0
11200,2921,1925.69,Maison,1807.23
11210,741,2949.38,Appartement,2416.67
11210,714,58640.99,Maison,3477.35
11220,31,4781.29,Appartement,2150.0
11220,594,1667.61,Maison,1393.45
11230,63,1842.63,Appartement,1319.44
11230,400,1546.25,Maison,1167.88
11240,18,6406.07,Appartement,4562.21
11240,436,1832.19,Maison,1525.06
11250,28,47945.45,Appartement,6773.33
11250,501,4346.8,Maison,1575.98
11260,69,2189.94,Appartement,1890.91
11260,415,1344.47,Maison,1191.49
11270,6,6285.01,Appartement,4588.96
11270,319,2014.71,Maison,1552.76
11290,27,4170.29,Appartement,3000.0
11290,592,2109.16,Maison,1770.67
11300,516,3702.48,Appartement,2334.23
11300,1657,1969.85,Maison,1646.02
11310,6,2523.96,Appartement,2523.96
11310,236,1787.18,Maison,1220.8
11320,22,5476.55,Appartement,5777.78
11320,291,1930.64,Maison,1944.44
11330,1,396.83,Appartement,396.83
11330,291,1694.1,Maison,1131.62
11340,23,1863.74,Appartement,1277.78
11340,276,1627.02,Maison,1106.17
11350,21,3248.06,Appartement,2816.9
11350,268,1549.71,Maison,1076.49
11360,31,2744.48,Appartement,1940.28
11360,294,1759.9,Maison,1547.99
11370,1890,3420.06,Appartement,3111.11
11370,1038,4010.5,Maison,3634.82
11380,10,1036.97,Appartement,1082.51
11380,123,1273.04,Maison,1119.35
11390,15,650.88,Appartement,594.44
11390,323,2005.05,Maison,1541.51
11400,653,5224.33,Appartement,2269.23
11400,1598,1802.54,Maison,1658.59
11410,13,4586.03,Appartement,3000.0
11410,250,2586.03,Maison,1900.0
11420,16,2176.16,Appartement,2133.97
11420,287,2352.65,Maison,1612.9
11430,1376,3655.66,Appartement,3297.41
11430,853,4830.83,Maison,4666.67
11440,39,4330.87,Appartement,2580.65
11440,102,4364.07,Maison,2590.34
11480,17,2673.98,Appartement,1562.5
11480,205,2369.02,Maison,2407.15
11490,17,4036.67,Appartement,2630.24
11490,115,1987.46,Maison,1666.67
11500,149,2620.37,Appartement,1846.15
11500,641,1444.25,Maison,1276.19
11510,119,2321.87,Appartement,2059.7
11510,296,2402.02,Maison,2314.5
11540,9,3104.2,Appartement,2785.71
11540,139,2214.42,Maison,2178.22
11560,852,3440.57,Appartement,3241.53
11560,927,3445.52,Maison,3500.0
11570,16,3827.15,Appartement,3846.15
11570,445,2782.24,Maison,2039.47
11580,6,2403.34,Appartement,2031.1
11580,95,1953.58,Maison,1402.38
11590,196,3052.94,Appartement,2071.71
11590,955,2063.02,Maison,1930.69
11600,79,5052.76,Appartement,2412.14
11600,903,1778.62,Maison,1564.35
11610,12,6928.04,Appartement,7036.58
11610,291,1951.37,Maison,1804.51
11620,32,3042.07,Appartement,2091.0
11620,403,2185.98,Maison,2127.66
11700,66,2105.8,Appartement,1545.55
11700,1177,1631.85,Maison,1400.0
11800,108,2392.64,Appartement,1369.44
11800,1120,1765.9,Maison,1458.62
12000,3036,4573.24,Appartement,2150.98
12000,508,2313.28,Maison,2117.65
12100,1713,3067.94,Appartement,1902.17
12100,1031,2722.83,Maison,2342.78
12110,351,2050.11,Appartement,1251.61
12110,658,1061.35,Maison,957.82
12120,69,8231.5,Appartement,7266.67
12120,433,1489.53,Maison,1282.05
12130,162,2168.33,Appartement,1423.21
12130,283,1674.77,Maison,1411.21
12140,63,1877.52,Appartement,1042.86
12140,260,1501.8,Maison,1213.72
12150,120,2490.13,Appartement,2041.67
12150,286,1526.94,Maison,1502.04
12160,100,2519.43,Appartement,2010.87
12160,363,1741.28,Maison,1728.26
12170,49,1532.67,Appartement,1492.67
12170,400,1239.53,Maison,1116.3
12190,38,2450.34,Appartement,1630.8
12190,178,1636.18,Maison,1354.25
12200,725,2575.63,Appartement,1848.57
12200,1330,1546.77,Maison,1421.28
12210,102,3952.75,Appartement,1703.7
12210,193,1472.79,Maison,1209.68
12220,45,1592.84,Appartement,1500.0
12220,336,1556.86,Maison,1464.34
12230,106,1953.93,Appartement,1257.83
12230,342,1686.34,Maison,1561.25
12240,74,1869.84,Appartement,1474.17
12240,335,1423.74,Maison,1349.32
12250,49,1971.04,Appartement,1666.67
12250,132,1609.43,Maison,1387.68
12260,38,4696.35,Appartement,4378.15
12260,554,2348.91,Maison,1749.61
12270,17,1697.25,Appartement,1315.79
12270,322,1886.8,Maison,1648.35
12290,53,2798.72,Appartement,2221.33
12290,271,1789.31,Maison,1362.5
12300,603,2184.4,Appartement,1351.35
12300,986,1243.22,Maison,1076.34
12310,74,3183.62,Appartement,1944.36
12310,293,1626.26,Maison,1527.78
12320,38,3292.75,Appartement,3153.55
12320,221,2300.7,Maison,1309.52
12330,86,3469.99,Appartement,2145.76
12330,560,2029.88,Maison,1902.05
12340,50,2324.6,Appartement,2063.38
12340,263,1990.44,Maison,1935.93
12350,36,2324.67,Appartement,1983.16
12350,272,1854.66,Maison,1468.76
12360,66,1633.3,Appartement,1436.47
12360,264,1272.1,Maison,899.85
12370,26,1927.52,Appartement,1452.69
12370,166,1372.26,Maison,882.7
12380,41,2201.1,Appartement,1675.0
12380,133,1288.42,Maison,939.33
12390,93,1748.45,Appartement,1416.67
12390,377,1525.42,Maison,1428.12
12400,443,2871.74,Appartement,1692.31
12400,720,1812.06,Maison,1597.73
12410,45,3225.81,Appartement,2602.38
12410,148,1973.07,Maison,1469.16
12420,7,1058.65,Appartement,1250.0
12420,136,1092.62,Maison,1032.59
12430,20,1542.26,Appartement,1475.08
12430,189,1799.06,Maison,1366.41
12440,23,3854.09,Appartement,5200.0
12440,160,1482.05,Maison,1314.73
12450,173,2606.25,Appartement,2302.33
12450,493,2177.54,Maison,2112.93
12460,23,2701.29,Appartement,2500.0
12460,166,1812.37,Maison,1294.86
12470,35,1253.66,Appartement,1219.44
12470,111,1517.18,Maison,1389.83
12480,11,2528.49,Appartement,1959.38
12480,146,1562.57,Maison,1117.84
12490,35,2108.63,Appartement,1652.17
12490,240,1249.85,Maison,1091.67
12500,356,2351.48,Appartement,1579.6
12500,421,1851.66,Maison,1678.57
12510,133,2790.72,Appartement,2567.57
12510,254,2181.74,Maison,2254.47
12520,34,2220.54,Appartement,1704.34
12520,106,2091.05,Maison,1976.36
12540,11,1935.8,Appartement,1596.49
12540,158,1496.92,Maison,1218.74
12550,6,492.58,Appartement,624.15
12550,163,1426.81,Maison,1091.95
12560,21,1420.76,Appartement,1346.15
12560,147,1222.44,Maison,1000.0
12580,6,1937.37,Appartement,1485.38
12580,84,1433.3,Maison,1022.35
12600,61,2440.21,Appartement,2000.0
12600,274,1142.47,Maison,975.49
12620,10,2599.31,Appartement,2361.92
12620,100,2397.84,Maison,1738.04
12630,19,3393.36,Appartement,2954.55
12630,145,1938.18,Maison,1939.83
12640,8,3938.05,Appartement,2007.18
12640,102,2751.71,Maison,2037.06
12700,212,3605.0,Appartement,2470.1
12700,546,1568.04,Maison,1470.8
12720,14,5660.22,Appartement,1526.01
12720,67,1539.03,Maison,1512.82
12740,56,3594.3,Appartement,2461.97
12740,212,2439.64,Maison,2265.64
12780,55,1464.24,Maison,1168.83
12800,117,12279.66,Appartement,5000.0
12800,502,1600.02,Maison,1483.7
12850,651,20520.95,Appartement,2434.22
12850,572,2314.06,Maison,2146.4
13001,5290,9820.03,Appartement,3562.07
13001,10,10574.27,Maison,5919.56
13002,3002,9772.73,Appartement,3561.52
13002,38,3986.08,Maison,3419.43
13003,5038,11139.05,Appartement,2204.31
13003,117,5482.49,Maison,3111.11
13004,6231,10962.79,Appartement,3000.0
13004,246,5660.23,Maison,4438.0
13005,6543,24965.97,Appartement,3617.02
13005,94,6386.51,Maison,4782.44
13006,6353,52988.91,Appartement,4056.6
13006,141,7476.39,Maison,6875.0
13007,4010,7697.96,Appartement,4919.99
13007,595,10716.26,Maison,8591.54
13008,7391,14896.37,Appartement,4329.61
13008,686,9797.26,Maison,7541.02
13009,5823,107582.13,Appartement,3235.85
13009,786,18726.15,Maison,5781.35
13010,5234,41568.75,Appartement,2877.26
13010,453,5665.12,Maison,4743.59
13011,2917,78168.93,Appartement,3047.62
13011,1244,7043.64,Maison,4685.76
13012,4265,6216.02,Appartement,3518.52
13012,1217,6594.61,Maison,5712.5
13013,4726,11647.9,Appartement,2763.17
13013,1390,6688.59,Maison,4247.97
13014,4350,11887.48,Appartement,2099.33
13014,534,7622.41,Maison,3540.89
13015,3271,6065.47,Appartement,1670.45
13015,916,6227.5,Maison,3326.06
13016,840,5114.81,Appartement,3461.54
13016,513,5521.09,Maison,3750.0
13080,229,6084.03,Appartement,5187.5
13080,276,9053.85,Maison,5597.92
13090,4014,8499.67,Appartement,4501.49
13090,1203,12956.59,Maison,7127.18
13100,6432,9293.5,Appartement,5369.34
13100,1319,13016.69,Maison,7894.74
13103,71,7673.13,Appartement,7800.0
13103,190,11912.21,Maison,4161.77
13104,90,65166.07,Appartement,90685.15
13104,165,15930.31,Maison,4368.93
13105,23,8593.17,Appartement,4222.22
13105,293,6738.65,Maison,4886.36
13109,96,10837.45,Appartement,7108.28
13109,307,5433.0,Maison,5250.0
13110,549,2898.04,Appartement,2121.43
13110,455,3495.36,Maison,3298.97
13111,55,7478.32,Appartement,4300.0
13111,178,4432.02,Maison,4472.37
13112,121,4339.51,Appartement,4020.96
13112,143,4765.12,Maison,4476.83
13113,16,4408.12,Appartement,3380.53
13113,90,6049.25,Maison,3652.69
13114,21,5158.52,Appartement,3444.44
13114,81,6295.68,Maison,4497.64
13115,29,3304.71,Appartement,2452.41
13115,38,5083.4,Maison,3349.39
13116,7,3271.46,Appartement,2863.64
13116,119,4620.11,Maison,4060.0
13117,10,5870.07,Appartement,3727.78
13117,79,4418.36,Maison,3995.07
13118,31,4131.93,Appartement,3432.84
13118,211,3223.05,Maison,3127.47
13119,76,5084.95,Appartement,4609.58
13119,136,5142.74,Maison,4557.6
13120,936,22986.9,Appartement,3878.58
13120,622,5066.52,Maison,4273.52
13121,6,11087.36,Appartement,4298.81
13121,39,7183.17,Maison,4007.09
13122,93,9085.06,Appartement,4648.81
13122,496,7812.53,Maison,5829.12
13123,3,7196.48,Appartement,3500.0
13123,30,3913.14,Maison,2666.67
13124,64,4907.82,Appartement,3930.52
13124,296,4754.25,Maison,4550.51
13126,27,4443.63,Appartement,4453.03
13126,71,7120.55,Maison,6402.54
13127,1514,29151.0,Appartement,3392.18
13127,883,6709.18,Maison,3888.89
13129,40,5391.89,Appartement,3663.1
13129,160,2855.25,Maison,2425.94
13130,267,5561.74,Appartement,2608.7
13130,302,4524.66,Maison,3439.18
13140,999,7791.06,Appartement,2522.22
13140,681,3784.64,Maison,3120.0
13150,696,3184.91,Appartement,2000.0
13150,721,3053.7,Maison,2574.26
13160,692,26235.58,Appartement,2914.58
13160,956,4079.8,Maison,3153.23
13170,472,5092.98,Appartement,3530.63
13170,871,4907.11,Maison,4298.97
13180,141,3568.3,Appartement,3424.24
13180,424,4253.32,Maison,4063.92
13190,577,23037.08,Appartement,4153.85
13190,837,5353.59,Maison,4885.99
13200,1920,8969.37,Appartement,3143.23
13200,2095,4831.11,Maison,3153.57
13210,290,7074.1,Appartement,5047.01
13210,896,10241.04,Maison,6495.61
13220,492,4409.28,Appartement,3846.76
13220,722,8338.96,Maison,3973.98
13230,220,3208.78,Appartement,2444.89
13230,210,2605.45,Maison,2629.31
13240,451,6736.35,Appartement,3307.69
13240,387,3998.4,Maison,3723.81
13250,380,3804.87,Appartement,3021.18
13250,507,4779.62,Maison,3670.0
13260,581,9887.14,Appartement,7320.75
13260,259,18010.6,Maison,10466.67
13270,370,12953.82,Appartement,3081.82
13270,612,4009.9,Maison,3320.15
13280,45,3886.63,Appartement,3000.0
13280,341,4334.92,Maison,3493.98
13290,244,5289.31,Appartement,4311.47
13290,315,8535.39,Maison,5600.0
13300,2782,8100.18,Appartement,3078.36
13300,1300,5033.69,Maison,3883.28
13310,322,27876.59,Appartement,3512.53
13310,683,4194.13,Maison,3238.64
13320,205,5398.76,Appartement,4898.44
13320,665,6242.77,Maison,5320.0
13330,443,50557.6,Appartement,5640.62
13330,672,4383.55,Maison,4075.2
13340,365,70376.01,Appartement,3913.04
13340,463,4022.11,Maison,3798.85
13350,61,4875.31,Appartement,3589.01
13350,138,3293.13,Maison,3327.97
13360,263,5291.52,Appartement,4166.67
13360,324,6745.68,Maison,5040.21
13370,391,3835.67,Appartement,3413.39
13370,553,3945.88,Maison,3582.09
13380,414,4292.53,Appartement,3816.53
13380,342,5368.97,Maison,4992.79
13390,573,168453.62,Appartement,6575.0
13390,551,5067.15,Maison,4666.67
13400,2658,105079.68,Appartement,3256.49
13400,981,30883.88,Maison,4715.94
13410,241,7499.51,Appartement,3741.94
13410,516,4794.48,Maison,4080.23
13420,114,6007.88,Appartement,4845.44
13420,251,7376.85,Maison,5662.65
13430,163,4379.02,Appartement,4233.33
13430,457,4366.25,Maison,4046.05
13440,110,46744.16,Appartement,5722.66
13440,278,8673.03,Maison,3038.6
13450,122,7277.9,Appartement,3762.6
13450,273,4511.87,Maison,4212.07
13460,390,5318.15,Appartement,4580.05
13460,230,7184.93,Maison,5185.18
13470,255,4230.48,Appartement,3543.21
13470,207,5172.22,Maison,5063.29
13480,81,8420.3,Appartement,4992.19
13480,605,6375.63,Maison,5425.61
13490,87,4850.21,Appartement,3027.78
13490,330,4688.76,Maison,3792.13
13500,2035,4239.1,Appartement,2931.16
13500,1140,4639.44,Maison,3997.78
13510,195,6597.34,Appartement,4296.42
13510,526,7411.85,Maison,6335.29
13520,122,13276.43,Appartement,5771.73
13520,605,12349.02,Maison,5469.71
13530,410,15610.99,Appartement,4063.71
13530,703,7110.83,Maison,4349.13
13540,193,8768.44,Appartement,5840.0
13540,480,9836.86,Maison,6391.49
13550,120,5144.49,Appartement,3150.0
13550,282,3797.17,Maison,3208.64
13560,94,4974.55,Appartement,3144.94
13560,381,4881.61,Maison,3366.2
13570,79,4624.2,Appartement,3408.2
13570,237,3796.3,Maison,3194.44
13580,174,5043.11,Appartement,4101.84
13580,438,4135.35,Maison,4011.86
13590,171,5863.78,Appartement,4728.36
13590,342,37555.63,Maison,5336.35
13600,3661,88948.16,Appartement,5337.92
13600,1348,8081.48,Maison,5973.42
13610,149,8153.55,Appartement,3919.74
13610,370,5957.66,Maison,4573.52
13620,287,7425.51,Appartement,6235.29
13620,264,7174.56,Maison,6206.32
13630,94,99370.39,Appartement,5931.06
13630,338,4633.12,Maison,3962.97
13640,92,5267.51,Appartement,3528.67
13640,272,3830.68,Maison,3361.94
13650,76,5096.73,Appartement,3250.09
13650,179,4318.53,Maison,3800.0
13660,32,4606.31,Appartement,3212.7
13660,246,9545.18,Maison,3397.33
13670,86,7553.03,Appartement,2438.99
13670,206,4851.55,Maison,3254.21
13680,183,4569.52,Appartement,3862.5
13680,507,5395.77,Maison,3982.3
13690,60,6449.61,Appartement,4185.65
13690,263,3515.67,Maison,3302.75
13700,1652,4434.7,Appartement,2459.02
13700,884,13593.01,Maison,3913.04
13710,269,6384.0,Appartement,4300.0
13710,662,11599.15,Maison,4996.58
13720,126,357524.27,Appartement,4883.25
13720,400,4904.64,Maison,4626.41
13730,199,31653.91,Appartement,5384.62
13730,231,7073.05,Maison,4000.0
13740,159,23465.77,Appartement,5398.84
13740,201,5644.59,Maison,4705.88
13750,56,12447.22,Appartement,3730.46
13750,211,4815.68,Maison,3160.0
13760,94,5193.38,Appartement,4547.29
13760,452,5094.99,Maison,4622.59
13770,196,5940.72,Appartement,4966.09
13770,401,7146.37,Maison,5080.0
13780,139,5415.98,Appartement,3861.11
13780,240,4920.06,Maison,4410.0
13790,305,4874.06,Appartement,4313.43
13790,566,5190.46,Maison,4633.33
13800,1506,20178.77,Appartement,3150.0
13800,1384,5423.12,Maison,3422.43
13810,17,26686.7,Appartement,11565.0
13810,472,12953.02,Maison,8509.36
13820,92,8901.69,Appartement,5688.98
13820,293,6612.62,Maison,5529.41
13821,278,253390.24,Appartement,4256.81
13821,171,6755.41,Maison,4714.29
13830,150,6105.44,Appartement,4175.67
13830,208,18996.27,Maison,5178.57
13840,82,8369.76,Appartement,4633.33
13840,410,6135.51,Maison,5065.85
13850,65,163887.15,Appartement,4900.0
13850,194,6468.36,Maison,4581.5
13860,143,4668.71,Appartement,3275.86
13860,231,3963.29,Maison,3743.33
13870,61,8502.08,Appartement,5150.78
13870,202,3549.72,Maison,3123.04
13880,104,5467.49,Appartement,4200.0
13880,414,5040.69,Maison,4544.94
13890,42,3969.41,Appartement,3301.2
13890,311,5206.36,Maison,3896.1
13910,48,8503.89,Appartement,3756.08
13910,141,4735.05,Maison,3863.64
13920,101,5645.43,Appartement,4193.55
13920,342,4375.85,Maison,4053.2
13930,8,4878.76,Appartement,3893.75
13930,106,4579.33,Maison,3835.83
13940,21,5922.47,Appartement,4753.39
13940,183,11288.2,Maison,3953.49
13950,37,3923.04,Appartement,3274.43
13950,96,4381.03,Maison,4300.83
13960,457,7985.57,Appartement,7036.13
13960,357,6991.08,Maison,6154.88
13980,21,6387.17,Appartement,5158.88
13980,153,3899.17,Maison,3620.18
13990,60,5312.77,Appartement,4068.33
13990,271,4790.63,Maison,4342.1
14000,10149,4850.63,Appartement,2925.22
14000,1783,4225.85,Maison,3453.81
14100,1507,3427.49,Appartement,1823.94
14100,2564,2887.32,Maison,2090.16
14110,236,2937.65,Appartement,1466.67
14110,662,1278.96,Maison,1202.53
14111,13,3194.21,Appartement,3048.78
14111,140,3269.09,Maison,2854.5
14112,29,5588.97,Appartement,3128.57
14112,284,3241.06,Maison,3174.09
14113,33,5982.27,Appartement,5000.0
14113,203,7276.7,Maison,4533.33
14114,34,8180.55,Appartement,7211.54
14114,226,3085.39,Maison,2768.37
14117,22,3540.51,Appartement,3515.93
14117,118,3225.45,Maison,2754.7
14120,386,5211.29,Appartement,2613.94
14120,453,3149.96,Maison,2625.0
14121,4,1033.33,Appartement,1025.0
14121,38,3089.74,Maison,2867.74
14123,703,8138.83,Appartement,2553.19
14123,869,4059.81,Maison,2731.78
14130,271,14155.56,Appartement,6673.91
14130,2410,4550.82,Maison,2963.31
14140,105,5595.93,Appartement,3750.0
14140,1568,3020.78,Maison,1923.08
14150,635,7125.74,Appartement,3670.59
14150,694,3696.85,Maison,3389.83
14160,266,6651.8,Appartement,4702.94
14160,470,4075.18,Maison,3567.95
14170,114,4289.53,Appartement,3670.03
14170,979,2478.19,Maison,1825.4
14190,12,2598.23,Appartement,2166.67
14190,557,2113.42,Maison,2013.89
14200,1144,2593.42,Appartement,1833.21
14200,336,2735.2,Maison,2555.03
14210,18,2508.67,Appartement,2217.06
14210,1183,2411.32,Maison,2327.59
14220,73,5270.23,Appartement,4620.69
14220,1184,2167.91,Maison,1912.7
14230,75,2460.78,Appartement,1461.54
14230,626,2220.5,Maison,1483.15
14240,13,4237.86,Appartement,3753.85
14240,843,2068.0,Maison,1625.0
14250,750,2421.62,Maison,2165.23
14260,55,2396.34,Appartement,1716.67
14260,826,2724.6,Maison,1680.18
14270,92,3239.9,Appartement,2466.02
14270,928,2541.93,Maison,1873.21
14280,73,7571.51,Appartement,3152.17
14280,333,2857.91,Maison,2850.0
14290,124,2203.87,Appartement,2040.13
14290,1334,1790.66,Maison,1616.67
14310,39,5628.57,Appartement,2708.33
14310,575,2488.07,Maison,2007.54
14320,45,11202.2,Appartement,5785.71
14320,746,2560.48,Maison,2438.43
14330,35,5922.0,Appartement,4155.84
14330,604,1915.54,Maison,1753.8
14340,55,39166.79,Appartement,8750.0
14340,984,4583.69,Maison,2517.24
14350,11,2207.45,Appartement,2063.49
14350,1758,1471.38,Maison,1304.35
14360,1332,7095.07,Appartement,5391.26
14360,602,6585.83,Maison,5265.57
14370,47,4396.67,Appartement,3292.68
14370,828,2479.13,Maison,2249.77
14380,21,3392.08,Appartement,3614.46
14380,1378,1411.11,Maison,1245.76
14390,1719,5508.28,Appartement,5034.38
14390,566,6083.05,Maison,4647.79
14400,1377,72284.34,Appartement,6585.37
14400,1806,3800.07,Maison,2462.26
14410,9,1989.19,Appartement,1855.56
14410,881,1716.98,Maison,1270.83
14420,12,3950.87,Appartement,3846.15
14420,387,1888.66,Maison,1904.62
14430,17,8565.66,Appartement,3781.51
14430,844,4157.44,Maison,2721.24
14440,154,5912.46,Appartement,3319.22
14440,423,3317.42,Maison,3000.0
14450,212,3299.73,Appartement,2396.94
14450,282,2672.04,Maison,2325.68
14460,196,3277.42,Appartement,2823.96
14460,238,2807.4,Maison,2524.97
14470,934,3619.8,Appartement,3425.29
14470,382,3810.64,Maison,3125.65
14480,22,4133.1,Appartement,4483.33
14480,538,2789.62,Maison,2379.48
14490,71,28277.12,Appartement,30000.0
14490,563,2035.51,Maison,1693.6
14500,1000,87294.47,Appartement,6831.48
14500,1644,12289.82,Maison,1628.85
14510,678,4470.49,Appartement,4078.54
14510,532,5288.31,Maison,4265.54
14520,97,5295.96,Appartement,2406.92
14520,327,2633.95,Maison,2322.36
14530,166,4665.71,Appartement,3870.19
14530,256,3997.4,Maison,3618.03
14540,49,2923.68,Appartement,2733.33
14540,568,2528.09,Maison,2474.04
14550,133,2751.78,Appartement,2769.23
14550,201,2646.33,Maison,2661.29
14570,16,3930.78,Appartement,3963.43
14570,435,1735.99,Maison,1518.75
14590,12,4239.86,Appartement,3203.12
14590,518,2887.8,Maison,2211.24
14600,848,6887.34,Appartement,3728.72
14600,1430,4290.14,Maison,3085.76
14610,133,5534.64,Appartement,3250.0
14610,831,3030.04,Maison,2802.47
14620,1,3142.86,Appartement,3142.86
14620,183,1615.84,Maison,1486.49
14630,11,7117.2,Appartement,6831.82
14630,308,2277.5,Maison,2257.81
14640,1714,4621.98,Appartement,4280.0
14640,422,5197.6,Maison,4292.27
14650,64,4549.01,Appartement,3620.07
14650,156,3906.7,Maison,2883.68
14670,24,4332.72,Appartement,4236.67
14670,403,2868.28,Maison,2385.54
14680,16,2909.06,Appartement,2430.0
14680,234,2441.09,Maison,2286.48
14690,30,3352.53,Appartement,2553.03
14690,318,1456.61,Maison,1424.13
14700,488,3875.98,Appartement,2372.31
14700,952,2697.72,Maison,1824.57
14710,9,2270.46,Appartement,2296.53
14710,505,2489.79,Maison,2010.64
14730,13,3100.06,Appartement,2909.09
14730,268,2637.95,Maison,2603.33
14740,34,3762.24,Appartement,2698.04
14740,683,2918.8,Maison,2592.59
14750,127,4425.1,Appartement,3684.21
14750,223,3740.05,Maison,3387.1
14760,63,3633.67,Appartement,3268.29
14760,236,3025.32,Maison,2950.69
14770,1,4360.87,Appartement,4360.87
14770,393,1532.23,Maison,1187.5
14780,61,4074.74,Appartement,3435.9
14780,188,3685.42,Maison,3269.46
14790,136,18312.58,Appartement,3457.56
14790,506,2903.37,Maison,2624.74
14800,2088,7120.84,Appartement,5818.1
14800,1182,9273.26,Maison,5376.4
14810,265,4578.34,Appartement,4250.0
14810,306,4720.24,Maison,3995.68
14830,59,4747.23,Appartement,3804.35
14830,162,3341.2,Maison,3224.57
14840,35,3626.26,Appartement,2788.33
14840,234,2571.13,Maison,2538.19
14850,2,2051.14,Appartement,2051.14
14850,145,2884.49,Maison,2702.68
14860,15,7717.34,Appartement,3400.0
14860,450,2897.19,Maison,2797.35
14880,70,5127.92,Appartement,3660.54
14880,472,3287.68,Maison,3062.06
14910,604,5158.99,Appartement,4542.34
14910,314,8234.43,Maison,5792.87
14920,13,3099.32,Appartement,3272.73
14920,179,3247.37,Maison,3229.81
14930,10,2921.93,Appartement,2901.73
14930,229,2883.62,Maison,2705.88
14940,7,7815.71,Appartement,2380.95
14940,153,3037.13,Maison,2545.45
14950,15,5976.51,Appartement,3953.49
14950,328,6033.45,Maison,3814.42
14960,20,3758.33,Appartement,3181.34
14960,184,3916.76,Maison,3260.56
14970,9,5578.3,Appartement,8095.24
14970,237,2938.0,Maison,2786.89
14980,7,4163.78,Appartement,4527.78
14980,118,2808.9,Maison,2650.6
14990,132,5947.14,Appartement,3658.91
14990,256,3481.86,Maison,3100.66
15000,2605,2196.53,Appartement,1444.44
15000,684,1873.84,Maison,1730.3
15100,367,2780.16,Appartement,1636.36
15100,426,1623.63,Maison,1379.41
15110,74,2701.23,Appartement,1645.83
15110,169,1587.31,Maison,1192.78
15120,34,2295.25,Appartement,2213.15
15120,227,1493.46,Maison,1322.58
15130,188,2166.26,Appartement,1528.82
15130,1198,1919.92,Maison,1750.0
15140,34,1704.7,Appartement,1340.46
15140,398,1213.16,Maison,1022.48
15150,47,2825.59,Appartement,2271.7
15150,348,1487.29,Maison,1257.91
15160,34,1446.3,Appartement,619.01
15160,115,935.54,Maison,823.53
15170,28,1287.4,Appartement,1057.93
15170,283,1086.89,Maison,966.67
15190,57,1188.73,Appartement,1081.82
15190,306,1069.43,Maison,763.93
15200,184,1693.8,Appartement,1031.26
15200,396,1327.43,Maison,1128.12
15210,49,2957.53,Appartement,1600.0
15210,156,1016.91,Maison,917.99
15220,28,1098.24,Appartement,908.24
15220,240,1515.24,Maison,1480.48
15230,38,1599.99,Appartement,1384.72
15230,155,1893.13,Maison,1065.79
15240,34,1262.97,Appartement,1111.11
15240,339,1128.07,Maison,963.86
15250,39,3911.32,Appartement,2396.94
15250,771,1611.03,Maison,1642.55
15260,30,3735.11,Appartement,4372.73
15260,119,1430.26,Maison,1035.59
15270,52,1619.71,Appartement,1380.95
15270,238,1221.49,Maison,1115.38
15290,36,1976.68,Appartement,1595.2
15290,224,1608.09,Maison,1556.99
15300,391,2935.69,Appartement,2461.54
15300,305,1509.63,Maison,1128.99
15310,29,1544.62,Appartement,1488.1
15310,182,1301.88,Maison,1070.36
15320,22,1799.04,Appartement,2186.55
15320,165,1450.84,Maison,1148.0
15340,13,3213.63,Appartement,1957.25
15340,154,1764.02,Maison,1349.21
15350,13,1104.38,Appartement,1064.52
15350,134,1092.51,Maison,998.78
15380,11,878.06,Appartement,961.54
15380,158,1175.3,Maison,946.77
15400,195,2111.89,Appartement,1166.67
15400,510,1185.09,Maison,962.62
15430,10,2439.22,Appartement,1565.71
15430,36,1538.49,Maison,1366.07
15500,71,2528.21,Appartement,1502.58
15500,401,1088.09,Maison,881.58
15590,10,2296.41,Appartement,1000.0
15590,110,1475.73,Maison,1337.4
15600,134,2215.1,Appartement,1817.5
15600,412,1428.13,Maison,1351.35
15700,41,1714.86,Appartement,1634.62
15700,318,1182.14,Maison,1000.07
15800,180,4174.32,Appartement,1705.91
15800,344,1421.0,Maison,1386.73
16000,2810,11970.79,Appartement,2307.18
16000,2589,2023.07,Maison,1783.78
16100,968,8269.48,Appartement,3347.97
16100,2415,1951.31,Maison,1766.23
16110,87,5629.91,Appartement,2690.91
16110,1217,1676.98,Maison,1515.15
16120,72,4752.45,Appartement,3982.76
16120,760,1794.08,Maison,1383.32
16130,30,7527.32,Appartement,8463.92
16130,796,1890.52,Maison,1594.2
16140,18,3461.46,Appartement,2616.07
16140,841,1263.9,Maison,1000.0
16150,61,2643.66,Appartement,1333.33
16150,945,1170.02,Maison,1016.39
16160,112,3385.14,Appartement,1711.75
16160,534,1869.13,Maison,1634.85
16170,28,6287.8,Appartement,6196.9
16170,633,1511.03,Maison,1317.76
16190,26,6067.22,Appartement,3485.65
16190,469,1602.44,Maison,1176.47
16200,136,5602.23,Appartement,3125.0
16200,1439,1744.19,Maison,1575.33
16210,37,2210.53,Appartement,2170.0
16210,687,1622.93,Maison,1250.0
16220,32,3681.13,Appartement,3931.03
16220,857,1559.09,Maison,1307.69
16230,93,10729.36,Appartement,4336.13
16230,856,1277.74,Maison,1182.31
16240,4,1788.43,Appartement,1346.25
16240,505,1191.15,Maison,990.34
16250,7,1803.15,Appartement,1500.0
16250,474,1970.65,Maison,1272.08
16260,20,3656.75,Appartement,2586.21
16260,589,2056.95,Maison,1165.35
16270,15,1831.51,Appartement,1142.86
16270,493,1006.87,Maison,909.09
16290,18,6743.63,Appartement,6877.6
16290,391,1790.31,Maison,1574.5
16300,98,5570.1,Appartement,3941.24
16300,831,1708.05,Maison,1456.31
16310,6,3485.33,Appartement,2855.36
16310,612,1513.59,Maison,1164.28
16320,7,3286.04,Appartement,1500.0
16320,410,3896.77,Maison,1420.45
16330,9,4403.29,Appartement,4414.89
16330,490,1447.75,Maison,1424.42
16340,67,1749.03,Appartement,1659.09
16340,465,4214.46,Maison,1747.37
16350,381,1171.83,Maison,1000.0
16360,4,505.0,Appartement,505.0
16360,421,1601.5,Maison,1375.0
16370,5,1221.13,Appartement,277.78
16370,428,1562.86,Maison,1459.42
16380,16,1288.01,Appartement,1189.78
16380,414,1428.94,Maison,1306.29
16390,3,1712.95,Appartement,1455.7
16390,409,1941.38,Maison,1460.67
16400,124,10581.19,Appartement,7409.94
16400,934,4743.52,Maison,1841.78
16410,2,1160.71,Appartement,1160.71
16410,813,1724.41,Maison,1631.02
16420,5,1828.84,Appartement,2010.96
16420,400,1234.71,Maison,958.33
16430,11,4909.75,Appartement,4607.14
16430,640,1780.23,Maison,1650.89
16440,34,4281.77,Appartement,2266.67
16440,914,1814.04,Maison,1625.45
16450,23,2264.3,Appartement,1960.78
16450,461,10810.06,Maison,1071.44
16460,4,1246.61,Appartement,1158.64
16460,284,1262.78,Maison,1103.64
16470,93,3986.54,Appartement,1702.38
16470,215,1727.75,Maison,1602.56
16480,363,1662.7,Maison,1300.97
16490,3,196.87,Appartement,178.57
16490,334,1557.01,Maison,1055.61
16500,94,2672.62,Appartement,1840.0
16500,951,1155.57,Maison,1000.0
16510,129,2831.64,Maison,1398.81
16560,1,348.31,Appartement,348.31
16560,357,1573.75,Maison,1481.48
16570,133,1461.97,Maison,1428.57
16590,284,1753.53,Maison,1666.67
16600,81,3890.66,Appartement,3513.51
16600,1184,1863.07,Maison,1698.03
16620,56,1318.24,Maison,1106.21
16700,188,3164.67,Appartement,2480.36
16700,1412,1437.58,Maison,1219.51
16710,45,4964.01,Appartement,3584.91
16710,605,2168.51,Maison,1812.96
16720,10,3164.5,Appartement,3388.14
16720,89,1629.0,Maison,1272.73
16730,33,1806.72,Appartement,1833.33
16730,505,1931.47,Maison,1793.3
16800,90,1960.21,Appartement,1516.1
16800,565,1825.37,Maison,1666.67
17000,5625,6921.68,Appartement,5077.83
17000,2984,5209.95,Maison,4480.26
17100,1337,13966.79,Appartement,2518.09
17100,2921,3136.04,Maison,2083.33
17110,648,4570.75,Appartement,4295.13
17110,829,4461.29,Maison,3880.0
17111,4,6743.06,Appartement,7193.75
17111,137,7302.88,Maison,7065.22
17113,11,3556.1,Appartement,2645.83
17113,77,3074.33,Maison,2910.45
17120,122,3697.14,Appartement,2250.61
17120,1500,2546.68,Maison,2125.0
17123,27,6346.86,Maison,6145.25
17130,64,2727.55,Appartement,1899.15
17130,776,1747.69,Maison,1500.0
17132,102,5508.57,Appartement,3726.71
17132,598,3789.51,Maison,3435.85
17137,63,4031.54,Appartement,3730.16
17137,1127,4107.5,Maison,3676.47
17138,162,4156.9,Appartement,3708.18
17138,807,3799.64,Maison,3552.77
17139,38,3559.93,Appartement,3186.65
17139,400,3834.45,Maison,3517.26
17140,125,3269.0,Appartement,3046.88
17140,518,4513.66,Maison,4029.84
17150,54,1963.74,Appartement,1450.4
17150,802,2273.33,Maison,1489.18
17160,25,2367.22,Appartement,1800.0
17160,741,1386.27,Maison,1197.92
17170,134,4554.99,Appartement,1871.53
17170,1214,2172.87,Maison,2000.99
17180,226,4346.89,Appartement,3913.04
17180,471,4477.84,Maison,3773.58
17190,73,4907.95,Appartement,3410.26
17190,855,4563.78,Maison,3787.88
17200,2535,10087.09,Appartement,3960.4
17200,2077,4321.84,Maison,3629.03
17210,8,1519.58,Appartement,857.2
17210,673,1554.03,Maison,1404.33
17220,77,5020.72,Appartement,3425.53
17220,2105,3705.73,Maison,3142.94
17230,148,2786.01,Appartement,2161.29
17230,1159,2694.02,Maison,2515.15
17240,19,2918.27,Appartement,1785.71
17240,1004,1898.11,Maison,1525.35
17250,30,5579.62,Appartement,3746.32
17250,1283,2104.73,Maison,1927.27
17260,40,3484.75,Appartement,3153.15
17260,759,1847.15,Maison,1734.69
17270,38,3133.11,Appartement,2206.53
17270,589,1836.3,Maison,1526.32
17290,45,5081.51,Appartement,4125.0
17290,1413,2648.76,Maison,2439.02
17300,2149,5505.92,Appartement,2651.38
17300,1488,2689.66,Maison,2354.5
17310,127,14852.8,Appartement,4563.94
17310,1131,4038.1,Maison,3583.64
17320,106,5470.27,Appartement,2709.79
17320,813,2642.47,Maison,2400.0
17330,2,1006.67,Appartement,1006.67
17330,587,1496.84,Maison,1286.16
17340,304,8902.29,Appartement,5500.0
17340,860,5327.07,Maison,4531.97
17350,57,3996.06,Appartement,2849.06
17350,767,2097.22,Maison,1700.0
17360,1,1590.91,Appartement,1590.91
17360,447,1421.73,Maison,1325.0
17370,37,5980.29,Appartement,4435.48
17370,411,5251.86,Maison,4090.91
17380,15,6282.32,Appartement,8800.0
17380,589,1795.58,Maison,1593.41
17390,132,4166.01,Appartement,3302.08
17390,727,4059.95,Maison,3451.25
17400,357,4318.95,Appartement,3214.29
17400,1675,1643.74,Maison,1449.15
17410,126,8600.41,Appartement,6944.85
17410,206,11573.32,Maison,8262.67
17420,391,31999.15,Appartement,5465.5
17420,745,5130.24,Maison,4453.08
17430,289,2289.95,Appartement,1978.72
17430,1570,2405.32,Maison,2038.99
17440,409,6645.45,Appartement,4195.43
17440,563,4999.01,Maison,3769.88
17450,131,4255.82,Appartement,3875.0
17450,822,4237.21,Maison,3684.27
17460,8,6399.95,Appartement,7312.5
17460,900,2117.92,Maison,1946.25
17470,20,2350.42,Appartement,1716.42
17470,586,1329.46,Maison,1141.38
17480,52,3913.33,Appartement,3106.44
17480,547,3709.11,Maison,3386.15
17490,291,1217.44,Maison,933.33
17500,265,10417.7,Appartement,3472.22
17500,1175,2770.83,Maison,1756.76
17510,2,785.71,Appartement,785.71
17510,257,1110.08,Maison,990.0
17520,11,1534.38,Appartement,1483.33
17520,505,1867.29,Maison,1450.0
17530,54,3196.23,Appartement,2574.09
17530,445,2864.04,Maison,2666.36
17540,11,4042.18,Appartement,3300.0
17540,770,2423.32,Maison,2399.07
17550,65,4259.04,Appartement,4532.43
17550,714,4246.85,Maison,3758.99
17560,44,6662.31,Appartement,6720.83
17560,393,2747.67,Maison,2538.05
17570,77,4057.69,Appartement,3727.27
17570,907,5631.18,Maison,3898.28
17580,26,9180.96,Appartement,7426.47
17580,391,8975.58,Maison,8088.24
17590,14,12004.44,Appartement,7393.67
17590,368,7435.56,Maison,6237.0
17600,330,5180.53,Appartement,2849.34
17600,2691,2568.38,Maison,2351.85
17610,15,4002.9,Appartement,4139.44
17610,589,3937.48,Maison,1797.98
17620,73,2802.47,Appartement,2328.29
17620,819,2436.98,Maison,2222.22
17630,29,7556.82,Appartement,7630.45
17630,401,9098.54,Maison,7690.43
17640,427,5216.68,Appartement,4812.08
17640,676,5016.38,Maison,4316.0
17650,10,6576.99,Appartement,5313.38
17650,391,6015.65,Maison,4157.21
17670,23,7161.87,Appartement,7300.0
17670,265,8526.61,Maison,7366.98
17690,58,6201.38,Appartement,4307.63
17690,335,6115.41,Maison,4175.0
17700,185,4106.11,Appartement,3219.51
17700,1712,2340.62,Maison,1852.65
17730,15,3784.9,Appartement,2500.0
17730,263,2628.77,Maison,2539.68
17740,2,6495.45,Appartement,6495.45
17740,484,9400.81,Maison,7027.12
17750,24,2473.75,Appartement,2049.77
17750,350,2647.41,Maison,2666.67
17770,18,2431.76,Appartement,2433.5
17770,994,1767.84,Maison,1469.83
17780,11,3585.05,Appartement,2330.0
17780,423,2295.33,Maison,2230.34
17800,154,6608.19,Appartement,4515.15
17800,1277,1774.36,Maison,1573.03
17810,10,3383.09,Appartement,3428.57
17810,493,2203.01,Maison,2121.21
17840,7,3549.23,Appartement,3225.81
17840,224,5253.33,Maison,4423.08
17870,2,3363.75,Appartement,3363.75
17870,174,2320.17,Maison,2354.17
17880,3,11359.48,Appartement,14000.0
17880,281,11885.88,Maison,8750.0
17890,21,6334.63,Appartement,7575.76
17890,200,2383.01,Maison,2339.18
17920,8,5296.94,Appartement,5465.91
17920,433,3958.81,Maison,3243.24
17940,26,9063.98,Appartement,7967.39
17940,277,8449.03,Maison,7500.0
18000,4210,6278.83,Appartement,1839.29
18000,3092,2079.62,Maison,1785.57
18100,1555,2850.41,Appartement,1710.87
18100,2438,1186.45,Maison,1053.59
18110,28,3393.51,Appartement,2932.16
18110,1128,1700.69,Maison,1562.07
18120,12,1065.07,Appartement,1158.33
18120,782,1260.52,Maison,1127.74
18130,24,2243.72,Appartement,1842.38
18130,633,1499.12,Maison,1041.67
18140,17,1021.78,Appartement,976.74
18140,693,992.78,Maison,888.89
18150,32,1776.41,Appartement,1587.12
18150,541,1292.36,Maison,1119.4
18160,18,1631.94,Appartement,1196.58
18160,559,1076.43,Maison,886.08
18170,23,1573.39,Appartement,1521.74
18170,387,971.51,Maison,800.0
18190,23,505.15,Appartement,342.86
18190,531,1177.77,Maison,769.23
18200,369,2489.89,Appartement,1336.0
18200,1612,1158.86,Maison,1057.37
18210,18,1327.05,Appartement,1295.77
18210,476,1174.17,Maison,885.44
18220,29,1941.8,Appartement,1312.5
18220,658,1348.56,Maison,1263.93
18230,75,6233.42,Appartement,2842.11
18230,685,2102.69,Maison,1898.94
18240,39,3359.41,Appartement,3220.0
18240,699,1366.2,Maison,1208.96
18250,23,2269.26,Appartement,2200.0
18250,421,1282.53,Maison,1022.52
18260,17,903.54,Appartement,512.82
18260,481,1185.73,Maison,985.71
18270,10,372.44,Appartement,415.36
18270,303,1013.86,Maison,825.0
18290,24,809.17,Appartement,132.46
18290,418,1378.16,Maison,936.67
18300,134,34435.04,Appartement,3475.0
18300,1203,1646.99,Maison,1154.47
18310,31,1187.43,Appartement,729.17
18310,357,971.28,Maison,911.11
18320,22,1174.23,Appartement,986.67
18320,525,1220.95,Maison,1121.23
18330,19,11386.21,Appartement,2883.33
18330,362,4412.92,Maison,1416.71
18340,4,3809.62,Appartement,3792.6
18340,673,1615.48,Maison,1494.85
18350,13,1623.6,Appartement,905.66
18350,545,884.13,Maison,833.33
18360,9,1779.05,Appartement,1455.88
18360,247,967.3,Maison,763.89
18370,24,1199.85,Appartement,1245.0
18370,522,1082.08,Maison,811.07
18380,6,2145.68,Appartement,2166.67
18380,324,3434.34,Maison,1104.76
18390,12,9881.91,Appartement,8313.09
18390,535,1744.19,Maison,1566.18
18400,118,3298.47,Appartement,1255.68
18400,829,1615.81,Maison,1282.83
18410,56,2517.11,Appartement,1875.0
18410,566,3532.99,Maison,1263.86
18500,99,3235.9,Appartement,2166.67
18500,1533,1534.51,Maison,1479.29
18510,4,970.22,Appartement,907.1
18510,152,1413.93,Maison,1198.16
18520,8,1372.38,Appartement,1160.88
18520,248,9540.21,Maison,1369.98
18570,7,3030.58,Appartement,2260.27
18570,609,2015.09,Maison,1695.4
18600,48,1635.81,Appartement,1187.88
18600,635,951.26,Maison,833.33
18700,103,5063.31,Appartement,1527.78
18700,612,1996.01,Maison,1301.29
18800,25,4834.2,Appartement,2719.3
18800,572,1303.54,Maison,1216.11
19000,1456,3927.3,Appartement,1260.01
19000,602,1171.22,Maison,1111.81
19100,3539,3695.71,Appartement,2031.25
19100,2624,2116.55,Maison,1927.49
19110,196,1352.89,Appartement,759.19
19110,327,1067.44,Maison,952.38
19120,64,2404.57,Appartement,2035.71
19120,623,1692.62,Maison,1465.52
19130,106,2275.93,Appartement,1781.89
19130,862,1548.24,Maison,1482.29
19140,191,3290.21,Appartement,1395.35
19140,486,1426.42,Maison,1215.01
19150,70,20817.46,Appartement,1122.22
19150,463,1377.02,Maison,1261.54
19160,31,1559.3,Appartement,1250.0
19160,461,1526.04,Maison,1136.36
19170,34,1179.87,Appartement,979.17
19170,370,1085.45,Maison,858.12
19190,29,1994.06,Appartement,1437.5
19190,351,1733.22,Maison,1498.33
19200,426,15107.47,Appartement,1897.94
19200,783,1292.77,Maison,1210.88
19210,27,1769.57,Appartement,1200.0
19210,425,1764.6,Maison,1368.42
19220,32,1962.16,Appartement,1146.79
19220,387,1306.49,Maison,1128.65
19230,33,2342.9,Appartement,1484.38
19230,472,1607.57,Maison,1323.21
19240,107,3233.97,Appartement,2283.58
19240,654,1776.1,Maison,1680.07
19250,78,5889.61,Appartement,2588.07
19250,375,1314.87,Maison,1230.77
19260,45,2168.66,Appartement,1788.24
19260,310,1272.38,Maison,1045.45
19270,94,1775.01,Appartement,1703.3
19270,839,1887.82,Maison,1811.69
19290,15,1463.96,Appartement,1279.07
19290,264,982.13,Maison,846.88
19300,246,4658.83,Appartement,2000.0
19300,599,3131.55,Maison,1295.74
19310,32,7232.59,Appartement,6448.62
19310,405,1830.62,Maison,1478.26
19320,26,2913.05,Appartement,1813.64
19320,447,1567.2,Maison,1300.0
19330,13,1426.14,Appartement,1600.0
19330,408,1603.23,Maison,1569.53
19340,43,1013.69,Appartement,843.14
19340,184,1409.67,Maison,1038.14
19350,27,2423.77,Appartement,2500.0
19350,258,1620.33,Maison,1281.98
19360,309,1861.25,Appartement,1492.31
19360,924,2324.65,Maison,1909.09
19370,24,1322.23,Appartement,619.8
19370,255,1492.59,Maison,1240.26
19380,21,1459.33,Appartement,1274.39
19380,297,1397.98,Maison,1225.0
19390,2,2580.0,Appartement,2580.0
19390,125,1839.22,Maison,1111.11
19400,166,2363.9,Appartement,1379.31
19400,401,1409.85,Maison,1336.33
19410,22,1848.01,Appartement,1902.38
19410,358,1458.62,Maison,1398.15
19430,5,1647.13,Appartement,1968.65
19430,170,1419.16,Maison,1155.17
19450,14,869.97,Appartement,885.71
19450,150,1485.51,Maison,1348.81
19460,61,2927.08,Appartement,1500.0
19460,159,3077.86,Maison,1375.0
19470,12,1233.15,Appartement,949.33
19470,159,1129.98,Maison,1042.86
19490,11,1786.89,Appartement,1428.57
19490,140,2278.4,Maison,1590.32
19500,36,2802.28,Appartement,2592.21
19500,628,2532.63,Maison,1842.11
19510,54,2205.39,Appartement,1408.3
19510,327,1372.86,Maison,1192.39
19520,28,1125.01,Appartement,1117.63
19520,307,1714.56,Maison,1630.43
19550,3,2213.52,Appartement,714.29
19550,121,1201.22,Maison,1046.72
19560,15,3048.36,Appartement,2345.68
19560,72,1622.22,Maison,1565.82
19600,93,2848.98,Appartement,1978.33
19600,952,2295.13,Maison,1906.61
19700,19,3304.98,Appartement,3157.89
19700,469,1522.2,Maison,1404.26
19800,69,17376.17,Appartement,2600.0
19800,357,1417.3,Maison,1263.16
20000,2442,18614.65,Appartement,4431.1
20000,120,17322.91,Maison,7457.75
20090,1801,3247.04,Appartement,3018.29
20090,138,4708.32,Maison,4155.12
20100,202,3049.48,Appartement,2120.59
20100,121,5815.58,Maison,3659.83
20110,433,5051.04,Appartement,4077.56
20110,178,6627.92,Maison,4532.34
20111,143,4978.43,Appartement,5000.0
20111,95,9689.28,Maison,5400.0
20112,24,2284.83,Appartement,1792.86
20112,31,2556.58,Maison,2424.24
20113,55,5219.18,Appartement,3750.0
20113,67,7997.95,Maison,6188.12
20114,11,5285.37,Appartement,4062.5
20114,90,7434.63,Maison,4362.28
20115,28,3952.53,Appartement,2993.74
20115,19,5313.11,Maison,4994.0
20116,27,1374.87,Appartement,1153.85
20116,16,1534.79,Maison,1419.05
20117,39,5770.15,Appartement,3622.76
20117,108,4379.66,Maison,4094.29
20118,44,3383.37,Appartement,3514.71
20118,74,7426.53,Maison,5064.3
20119,15,2120.97,Appartement,1567.57
20119,28,1569.61,Maison,1460.55
20121,5,1176.61,Appartement,1051.72
20121,28,1591.81,Maison,1488.31
20122,15,1264.32,Appartement,1000.0
20122,13,5797.19,Maison,1562.5
20123,7,3132.77,Appartement,4321.88
20123,17,2198.54,Maison,2591.19
20124,11,2771.32,Appartement,2500.0
20124,45,7795.77,Maison,5340.0
20125,12,1036.6,Appartement,900.0
20125,23,1294.44,Maison,800.0
20126,17,3233.57,Appartement,2057.14
20126,19,1940.51,Maison,1698.12
20127,13,1458.12,Appartement,1166.67
20127,5,2743.0,Maison,2000.0
20128,30,4895.88,Appartement,4317.8
20128,69,9048.49,Maison,7623.21
20129,52,6602.39,Appartement,4630.94
20129,155,5482.23,Maison,4900.97
20130,106,219644.95,Appartement,8360.33
20130,57,6554.92,Maison,5538.46
20131,5,3099.47,Appartement,3294.12
20131,71,12947.07,Maison,6798.75
20132,9,2307.31,Appartement,1338.46
20132,11,2036.94,Maison,1683.17
20133,18,3237.03,Appartement,2092.76
20133,51,3802.16,Maison,2857.14
20134,15,967.99,Appartement,568.18
20134,19,1583.41,Maison,1500.0
20135,29,4658.85,Appartement,5042.42
20135,34,5021.57,Maison,4229.75
20136,16,4124.71,Appartement,3699.4
20136,21,2527.73,Maison,2303.21
20137,752,6643.19,Appartement,5246.96
20137,1148,10983.36,Maison,6743.02
20138,25,6843.6,Appartement,7571.43
20138,164,12251.02,Maison,7720.78
20139,5,919.89,Appartement,918.37
20139,6,1573.58,Maison,1287.08
20140,95,4883.84,Appartement,3533.33
20140,137,4216.75,Maison,3260.87
20141,6,1163.46,Appartement,1125.0
20141,11,864.87,Maison,709.48
20142,8,1283.81,Appartement,1268.88
20142,8,2231.69,Maison,1985.75
20143,3,16201.45,Appartement,23750.0
20143,14,2825.5,Maison,2948.88
20144,158,7622.98,Appartement,5094.35
20144,363,9666.43,Maison,7199.39
20145,102,4087.39,Appartement,3856.77
20145,69,5885.69,Maison,4914.73
20146,24,4910.98,Appartement,4507.12
20146,78,4989.96,Maison,4401.99
20147,8,2023.97,Appartement,2492.26
20147,24,2622.36,Maison,1978.57
20148,3,402.1,Appartement,437.5
20148,9,1425.15,Maison,1500.0
20150,49,9449.71,Appartement,3611.11
20150,17,3069.14,Maison,3296.7
20151,13,1300.3,Appartement,1285.71
20151,29,4189.95,Maison,3400.0
20152,4,2894.81,Appartement,2125.32
20152,6,1256.01,Maison,1175.6
20153,3,438.06,Appartement,90.91
20153,4,1136.74,Maison,1062.35
20157,2,1088.24,Appartement,1088.24
20157,2,1221.23,Maison,1221.23
20160,67,2628.68,Appartement,1855.67
20160,107,3109.65,Maison,2465.75
20163,8,4440.14,Appartement,3199.4
20163,24,3188.39,Maison,3081.77
20164,3,633.43,Appartement,416.67
20164,4,1445.13,Maison,1578.12
20165,4,2292.31,Maison,2172.31
20166,567,8540.07,Appartement,5756.97
20166,586,8673.18,Maison,6822.4
20167,478,6919.87,Appartement,3952.7
20167,670,6052.31,Maison,4041.33
20168,5,1995.37,Maison,1714.29
20169,196,4617.56,Appartement,4336.63
20169,232,12195.67,Maison,8280.42
20170,51,2164.44,Appartement,1500.0
20170,43,3524.46,Maison,3545.45
20171,22,4473.85,Appartement,3238.1
20171,19,3632.33,Maison,3225.81
20172,1,4170.72,Appartement,4170.72
20172,22,3347.39,Maison,3851.35
20173,1,1071.43,Maison,1071.43
20190,35,2860.4,Appartement,2209.3
20190,50,2508.32,Maison,2081.08
20200,1834,18994.7,Appartement,3246.83
20200,213,5360.8,Maison,4230.77
20212,1,1038.46,Appartement,1038.46
20212,28,1673.61,Maison,1495.37
20213,179,3923.52,Appartement,2521.01
20213,150,2786.22,Maison,2800.28
20214,142,4980.22,Appartement,3795.44
20214,192,3812.07,Maison,3501.5
20215,135,28927.94,Appartement,2884.62
20215,148,3017.54,Maison,3083.33
20217,193,4563.43,Appartement,4130.43
20217,88,7762.77,Maison,4305.79
20218,71,2297.17,Appartement,1666.67
20218,90,2015.1,Maison,1768.43
20219,13,1273.56,Appartement,1136.36
20219,11,1769.58,Maison,1780.82
20220,661,5575.9,Appartement,4510.34
20220,247,7301.14,Maison,6195.0
20221,129,2691.73,Appartement,2454.55
20221,143,3680.74,Maison,3260.87
20222,107,3832.79,Appartement,3593.75
20222,75,6613.83,Maison,4880.87
20224,38,1415.89,Appartement,887.5
20224,17,1465.13,Maison,1199.73
20225,82,6278.91,Appartement,3693.18
20225,54,3700.52,Maison,3462.94
20226,103,4878.84,Appartement,3928.57
20226,126,4026.92,Maison,3737.55
20227,21,1314.65,Appartement,1000.0
20227,6,1895.86,Maison,1980.79
20228,92,4607.61,Appartement,2795.96
20228,61,4506.37,Maison,3214.29
20229,32,1972.07,Appartement,986.26
20229,35,1238.0,Maison,1076.92
20230,819,3267.62,Appartement,2910.45
20230,513,3791.98,Maison,3037.97
20231,26,1762.65,Appartement,1632.5
20231,19,2081.82,Maison,2272.73
20232,121,3335.67,Appartement,3277.0
20232,126,4749.85,Maison,3986.82
20233,78,5671.57,Appartement,3982.47
20233,121,4280.74,Maison,3274.58
20234,12,1336.51,Appartement,764.92
20234,20,912.54,Maison,859.22
20235,22,2590.2,Appartement,882.35
20235,44,1997.32,Maison,1900.36
20236,16,2000.28,Appartement,1033.33
20236,20,2019.82,Maison,1990.45
20237,20,1345.19,Appartement,1329.17
20237,17,1915.05,Maison,1666.67
20238,31,4094.76,Appartement,2419.35
20238,37,5274.29,Maison,3731.34
20239,21,2083.57,Appartement,1500.0
20239,32,2347.39,Maison,2309.26
20240,170,4202.03,Appartement,2884.62
20240,280,3093.57,Maison,3003.23
20242,22,1529.55,Appartement,1164.02
20242,25,1702.89,Maison,1583.33
20243,64,2560.52,Appartement,2382.28
20243,182,2859.63,Maison,2811.99
20244,5,2601.25,Appartement,1903.79
20244,21,1318.77,Maison,1180.0
20245,16,8088.16,Appartement,10319.15
20245,22,3006.9,Maison,2300.0
20246,23,2658.93,Appartement,2500.0
20246,53,3471.22,Maison,2565.0
20247,24,3872.52,Appartement,3351.67
20247,47,3969.79,Maison,2857.14
20248,13,3062.3,Appartement,2238.33
20248,16,3638.96,Maison,2714.29
20250,457,3835.31,Appartement,2894.74
20250,56,2598.33,Maison,2524.35
20251,21,1519.89,Appartement,1175.0
20251,20,1546.65,Maison,1361.11
20252,7,2998.04,Appartement,1607.14
20252,9,1730.43,Maison,1592.36
20253,58,3744.78,Appartement,3950.55
20253,69,4652.47,Maison,4000.0
20256,15,4922.92,Appartement,4062.5
20256,34,6042.85,Maison,5869.0
20259,13,2386.12,Appartement,2500.0
20259,26,2595.99,Maison,2035.26
20260,985,5263.85,Appartement,4706.52
20260,194,8204.51,Maison,6570.11
20270,91,3864.63,Appartement,2297.3
20270,118,3737.75,Maison,2636.67
20272,14,1570.95,Appartement,1289.09
20272,6,1413.36,Maison,1442.86
20275,7,3885.48,Appartement,3571.43
20275,20,2429.19,Maison,2301.41
20276,7,2054.33,Appartement,1666.67
20276,3,6491.74,Maison,1903.33
20279,9,2205.43,Appartement,2360.22
20279,11,3721.3,Maison,2954.55
20287,8,2153.68,Appartement,1194.9
20287,12,4591.95,Maison,3752.38
20290,884,6445.59,Appartement,3082.21
20290,570,3364.24,Maison,3250.0
20600,919,3156.6,Appartement,2594.2
20600,122,4123.03,Maison,3528.45
20620,286,3922.48,Appartement,2935.54
20620,143,3459.76,Maison,3389.29
21000,18630,8068.32,Appartement,2841.58
21000,2250,4019.61,Maison,3333.33
21110,213,2403.55,Appartement,2046.15
21110,1308,2529.45,Maison,2312.82
21120,222,6404.49,Appartement,2983.97
21120,871,2217.39,Maison,1973.64
21121,615,4290.26,Appartement,2854.35
21121,637,3563.27,Maison,3338.32
21130,436,2591.33,Appartement,1584.12
21130,840,1862.06,Maison,1766.23
21140,220,5608.36,Appartement,2247.62
21140,409,1789.37,Maison,1572.58
21150,67,1788.39,Appartement,1333.33
21150,454,1557.13,Maison,1333.33
21160,146,6424.57,Appartement,2924.89
21160,595,3592.96,Maison,2609.64
21170,192,9695.34,Appartement,1448.76
21170,644,1715.11,Maison,1680.65
21190,47,10505.01,Appartement,4710.74
21190,525,3826.55,Maison,2234.04
21200,1568,5241.84,Appartement,2811.18
21200,1338,3659.15,Maison,2662.5
21210,86,2934.09,Appartement,2067.37
21210,446,1517.66,Maison,1176.47
21220,157,3898.48,Appartement,2632.84
21220,550,2913.4,Maison,2454.65
21230,111,8282.2,Appartement,2650.0
21230,466,1212.39,Maison,1038.94
21240,551,2781.46,Appartement,2338.71
21240,274,3111.77,Maison,3013.72
21250,192,2944.01,Appartement,2158.84
21250,815,1678.29,Maison,1556.0
21260,50,2876.3,Appartement,1965.82
21260,369,1594.37,Maison,1527.78
21270,46,2116.28,Appartement,1466.67
21270,636,1842.24,Maison,1666.67
21290,7,978.51,Appartement,1053.57
21290,190,1045.14,Maison,647.31
21300,799,5018.31,Appartement,1517.86
21300,253,4144.39,Maison,2655.56
21310,55,2500.27,Appartement,1909.09
21310,590,2145.55,Maison,2096.77
21320,96,48300.98,Appartement,5863.64
21320,505,1716.01,Maison,1508.02
21330,11,470.4,Appartement,357.14
21330,403,8009.0,Maison,930.23
21340,47,2537.04,Appartement,2000.0
21340,406,1688.46,Maison,1364.01
21350,32,3254.93,Appartement,2915.56
21350,299,1316.74,Maison,1000.0
21360,21,3801.71,Appartement,3061.22
21360,351,1580.39,Maison,1272.73
21370,151,4259.95,Appartement,3009.8
21370,353,2880.16,Maison,2571.43
21380,96,14702.83,Appartement,3563.59
21380,314,3273.96,Maison,2950.9
21390,72,5099.21,Appartement,2916.67
21390,267,1462.84,Maison,1100.0
21400,405,5155.34,Appartement,1323.53
21400,686,3945.6,Maison,989.11
21410,56,3628.21,Appartement,2587.99
21410,388,2289.55,Maison,2104.76
21420,35,6735.62,Appartement,5138.89
21420,194,4489.05,Maison,2600.67
21430,3,469.47,Appartement,400.0
21430,235,1159.32,Maison,1000.0
21440,15,3640.27,Appartement,3977.27
21440,198,1453.46,Maison,1308.51
21450,6,774.27,Appartement,557.32
21450,154,1122.5,Maison,778.95
21460,14,1129.39,Appartement,543.89
21460,211,1502.81,Maison,1194.63
21470,7,2716.93,Appartement,1666.67
21470,165,2077.11,Maison,1920.29
21490,38,2628.4,Appartement,2394.85
21490,530,2951.54,Maison,2893.1
21500,234,2356.57,Appartement,1529.41
21500,729,1422.77,Maison,1188.24
21510,9,864.66,Appartement,941.0
21510,183,904.65,Maison,705.88
21520,2,270.52,Appartement,270.52
21520,131,755.87,Maison,616.78
21530,19,1677.68,Appartement,1100.0
21530,175,1211.77,Maison,1150.0
21540,3,4029.39,Appartement,2268.04
21540,309,1833.57,Maison,1692.29
21550,20,5393.75,Appartement,4589.38
21550,101,2803.95,Maison,2258.06
21560,106,3510.88,Appartement,2878.79
21560,340,3202.33,Maison,2622.15
21570,121,1025.03,Maison,793.65
21580,104,1150.01,Maison,932.93
21590,16,10010.82,Appartement,7621.95
21590,61,2417.33,Maison,2009.35
21600,440,4276.95,Appartement,2362.84
21600,394,3457.49,Maison,2685.71
21610,9,1593.8,Appartement,1705.88
21610,259,1536.83,Maison,1361.73
21630,10,45673.49,Appartement,2571.19
21630,51,43178.02,Maison,2798.46
21640,17,10424.71,Appartement,9333.33
21640,80,3217.11,Maison,2717.97
21690,6,1074.23,Appartement,1156.85
21690,76,1289.76,Maison,1056.54
21700,342,3799.0,Appartement,2165.11
21700,860,3073.25,Maison,2275.54
21760,14,2058.62,Appartement,1765.8
21760,138,1732.1,Maison,1693.75
21800,1461,2814.41,Appartement,2786.89
21800,678,7013.81,Maison,2779.71
21820,5,2539.37,Appartement,2577.14
21820,106,1800.1,Maison,1619.03
21850,273,3295.11,Appartement,2968.49
21850,280,3067.65,Maison,3000.0
21910,21,8919.74,Appartement,2665.79
21910,276,2622.7,Maison,2640.58
22000,7874,423531.01,Appartement,16187.81
22000,2357,53129.62,Maison,2000.0
22100,1295,4029.6,Appartement,2750.0
22100,2670,2609.6,Maison,2395.58
22110,49,3320.15,Appartement,1901.64
22110,1408,1301.43,Maison,1089.2
22120,204,143351.76,Appartement,3137.79
22120,1270,19926.16,Maison,2054.53
22130,189,3669.33,Appartement,2528.57
22130,1640,2441.27,Maison,2083.33
22140,93,3059.64,Appartement,2076.92
22140,1280,1710.68,Maison,1583.03
22150,63,2525.1,Appartement,2179.49
22150,1474,1590.92,Maison,1451.82
22160,47,1956.74,Appartement,1111.11
22160,1208,1250.28,Maison,1075.62
22170,77,4008.47,Appartement,3658.54
22170,981,2034.71,Maison,1729.32
22190,676,576505.64,Appartement,19768.47
22190,1113,35897.19,Maison,2609.2
22200,798,6880.05,Appartement,2388.83
22200,1925,1781.04,Maison,1580.88
22210,63,2019.12,Appartement,1777.78
22210,951,1387.86,Maison,1200.7
22220,236,4962.73,Appartement,3142.91
22220,665,2342.05,Maison,2048.91
22230,62,5923.05,Appartement,3185.61
22230,1155,1438.46,Maison,1272.73
22240,96,5015.48,Appartement,4089.45
22240,650,3596.66,Maison,2914.03
22250,58,3353.58,Appartement,2298.96
22250,1150,1400.77,Maison,1253.57
22260,78,2122.41,Appartement,1821.0
22260,745,1838.3,Maison,1515.15
22270,31,3501.81,Appartement,2104.48
22270,667,1884.24,Maison,1705.88
22290,42,3047.21,Appartement,2447.37
22290,1131,1977.31,Maison,1750.0
22300,880,4832.02,Appartement,2370.49
22300,2722,2705.26,Maison,2122.25
22310,88,3675.37,Appartement,2816.64
22310,622,2668.82,Maison,2119.05
22320,3,1579.79,Appartement,1460.0
22320,592,1243.95,Maison,1130.66
22330,64,5956.35,Appartement,1812.5
22330,996,1320.91,Maison,1199.67
22340,15,2834.48,Appartement,3181.82
22340,842,1180.12,Maison,1133.68
22350,306,9297.83,Appartement,1926.35
22350,751,1669.29,Maison,1537.14
22360,236,425550.83,Appartement,7777.78
22360,476,59599.42,Maison,2196.25
22370,309,5221.51,Appartement,4715.79
22370,476,4582.53,Maison,3755.23
22380,318,5511.09,Appartement,4577.38
22380,504,4865.3,Maison,3865.15
22390,28,3878.18,Appartement,4285.71
22390,599,1423.03,Maison,1237.5
22400,488,4749.74,Appartement,2682.57
22400,1973,3620.93,Maison,2170.21
22410,306,6876.48,Appartement,4242.92
22410,835,2942.08,Maison,2625.0
22420,38,3245.89,Appartement,2962.96
22420,659,1787.32,Maison,1623.38
22430,138,4630.63,Appartement,4405.91
22430,502,4200.67,Maison,3371.99
22440,166,91417.66,Appartement,2231.11
22440,1091,32750.34,Maison,1979.17
22450,42,6400.86,Appartement,5964.29
22450,793,2063.56,Maison,1764.04
22460,26,3625.55,Appartement,2436.73
22460,594,1384.82,Maison,1197.18
22470,27,4234.08,Appartement,3611.11
22470,565,2754.11,Maison,2469.88
22480,10,2619.86,Appartement,1653.57
22480,746,1360.62,Maison,1044.47
22490,40,2583.58,Appartement,2687.18
22490,838,2914.8,Maison,2583.33
22500,329,4710.08,Appartement,3343.75
22500,714,3203.86,Maison,2837.26
22510,24,3259.53,Appartement,2937.25
22510,652,1737.87,Maison,1589.37
22520,143,6434.91,Appartement,3654.76
22520,319,3831.19,Maison,3102.37
22530,33,2606.62,Appartement,2166.67
22530,609,1437.48,Maison,1188.68
22540,13,2359.18,Appartement,2205.88
22540,691,1586.89,Maison,1440.0
22550,76,7086.14,Appartement,2952.04
22550,611,2415.63,Maison,2250.0
22560,249,5512.19,Appartement,3166.67
22560,857,3824.72,Maison,2875.0
22570,13,1467.23,Appartement,1750.0
22570,610,1451.94,Maison,1207.69
22580,117,4472.03,Appartement,2546.88
22580,807,18896.83,Maison,2362.64
22590,95,437336.08,Appartement,7358.49
22590,632,32413.46,Maison,2395.68
22600,370,6983.6,Appartement,1952.68
22600,1452,1687.95,Maison,1376.76
22610,34,4496.24,Appartement,3098.93
22610,415,2565.99,Maison,2261.9
22620,18,2057.79,Appartement,0.02
22620,346,4413.28,Maison,3207.59
22630,5,4271.57,Appartement,3650.79
22630,479,2213.02,Maison,1750.0
22640,72,2166.01,Appartement,1587.25
22640,647,1759.22,Maison,1631.58
22650,158,20149.23,Appartement,4464.06
22650,348,3859.32,Maison,2893.94
22660,32,5876.15,Appartement,5058.12
22660,334,3215.42,Maison,2804.05
22680,43,4608.2,Appartement,2947.37
22680,317,3039.6,Maison,2727.27
22690,21,4928.8,Appartement,4696.97
22690,312,3032.16,Maison,2650.81
22700,485,4709.99,Appartement,3955.22
22700,1064,3841.21,Maison,3142.86
22710,19,4325.79,Appartement,3146.34
22710,306,3535.04,Maison,2986.99
22720,7,953.97,Appartement,1015.62
22720,250,1461.62,Maison,1220.47
22730,100,9443.61,Appartement,5266.51
22730,298,4719.95,Maison,3552.68
22740,21,3090.32,Appartement,2680.9
22740,439,2447.62,Maison,1972.45
22750,23,8770.86,Appartement,4772.73
22750,157,5073.38,Maison,4407.89
22770,54,6264.5,Appartement,5148.62
22770,223,6419.43,Maison,4772.73
22780,6,982.5,Appartement,1080.0
22780,336,1427.86,Maison,1223.91
22800,164,24226.26,Appartement,2846.05
22800,1101,9605.29,Maison,1626.98
22810,45,3722.42,Appartement,2272.73
22810,519,1343.25,Maison,1178.08
22820,5,3948.97,Appartement,4461.54
22820,183,4545.5,Maison,3178.81
22830,12,1613.98,Appartement,1266.67
22830,183,1520.61,Maison,1451.61
22860,12,3858.34,Appartement,3670.63
22860,259,2276.22,Maison,2111.77
22870,5,12579.49,Appartement,8533.1
22870,66,10014.77,Maison,7082.48
22930,9,3015.15,Appartement,3037.97
22930,110,2499.46,Maison,2089.81
22940,38,3172.07,Appartement,2856.9
22940,565,67069.0,Maison,1980.41
22950,192,405387.89,Appartement,6571.87
22950,603,66319.93,Maison,2105.11
22960,49,2559.51,Appartement,1887.1
22960,530,10231.89,Maison,1919.21
22970,68,4093.29,Appartement,2119.68
22970,507,1737.39,Maison,1556.1
22980,15,7278.84,Appartement,4326.92
22980,652,2018.34,Maison,1925.91
23000,1091,2999.27,Appartement,1250.0
23000,1469,1240.6,Maison,1160.49
23100,54,1248.87,Appartement,775.0
23100,123,874.31,Maison,692.86
23110,51,1953.99,Appartement,1545.45
23110,288,903.69,Maison,700.0
23120,2,750.0,Appartement,750.0
23120,94,1001.15,Maison,840.37
23130,19,1052.56,Appartement,635.62
23130,364,887.51,Maison,708.71
23140,23,1304.87,Appartement,851.06
23140,404,952.14,Maison,762.53
23150,96,1028.86,Appartement,628.87
23150,528,863.9,Maison,739.6
23160,15,1522.02,Appartement,900.0
23160,428,1062.4,Maison,875.0
23170,19,1174.62,Appartement,629.63
23170,325,1016.36,Maison,741.57
23190,5,892.05,Appartement,912.07
23190,239,992.78,Maison,653.85
23200,359,1847.53,Appartement,1176.47
23200,705,1127.91,Maison,875.0
23210,38,1383.56,Appartement,1067.13
23210,413,877.31,Maison,770.27
23220,56,3088.83,Appartement,2166.67
23220,609,1092.8,Maison,861.11
23230,5,5457.61,Appartement,1353.45
23230,268,1106.35,Maison,906.83
23240,6,1621.48,Appartement,1490.71
23240,250,1003.19,Maison,846.13
23250,12,6012.23,Appartement,1321.78
23250,415,1099.33,Maison,770.0
23260,20,991.65,Appartement,666.67
23260,339,1385.3,Maison,757.58
23270,21,2134.52,Appartement,1562.5
23270,450,1234.22,Maison,845.92
23290,4,444.19,Appartement,477.27
23290,217,1169.41,Maison,922.33
23300,255,3197.69,Appartement,1893.94
23300,842,1126.72,Maison,1087.43
23320,28,1015.47,Appartement,1125.0
23320,479,1232.12,Maison,855.56
23340,5,6466.14,Appartement,360.0
23340,143,1028.56,Maison,850.0
23350,7,857.56,Appartement,802.08
23350,195,988.42,Maison,837.08
23360,2,2500.0,Appartement,2500.0
23360,249,1010.79,Maison,857.14
23380,6,1180.65,Appartement,1170.71
23380,158,1074.0,Maison,1014.36
23400,132,1371.65,Appartement,866.92
23400,624,1210.39,Maison,845.73
23420,5,655.1,Appartement,400.0
23420,86,1083.7,Maison,769.36
23430,2,1000.0,Appartement,1000.0
23430,205,997.19,Maison,826.92
23450,4,1671.22,Appartement,1294.51
23450,99,1051.77,Maison,865.97
23460,7,976.18,Appartement,1057.69
23460,258,1223.23,Maison,1069.41
23480,8,750.56,Appartement,711.67
23480,191,1013.11,Maison,864.66
23500,78,3682.52,Appartement,978.72
23500,375,988.84,Maison,785.71
23600,51,1840.35,Appartement,1415.09
23600,616,1442.27,Maison,920.83
23700,31,1387.04,Appartement,970.59
23700,428,881.67,Maison,721.53
23800,34,1914.43,Appartement,1319.7
23800,581,979.01,Maison,830.0
24000,3451,5896.52,Appartement,2307.69
24000,1200,2085.2,Maison,1897.08
24100,1549,5650.2,Appartement,1805.56
24100,3118,9004.36,Maison,1816.52
24110,151,1915.19,Appartement,1533.33
24110,1107,11656.95,Maison,1633.78
24120,272,2019.86,Appartement,1341.09
24120,843,1829.97,Maison,1626.98
24130,29,4521.47,Appartement,1567.57
24130,1464,1966.72,Maison,1707.57
24140,12,4547.43,Appartement,2096.67
24140,808,2515.76,Maison,1794.87
24150,44,3199.32,Appartement,2471.91
24150,1387,2455.0,Maison,1800.0
24160,58,2783.28,Appartement,1781.75
24160,656,1717.0,Maison,1437.74
24170,29,3333.39,Appartement,2780.0
24170,645,2780.91,Maison,1708.86
24190,17,1797.03,Appartement,1474.58
24190,800,14779.74,Maison,1569.51
24200,699,3841.77,Appartement,2131.58
24200,1725,3870.22,Maison,2323.75
24210,53,2730.1,Appartement,2560.0
24210,872,2140.34,Maison,1571.84
24220,91,5596.86,Appartement,2432.43
24220,1051,3608.65,Maison,2196.58
24230,37,2104.8,Appartement,2279.41
24230,909,2287.66,Maison,1666.67
24240,5,17009.61,Appartement,3571.95
24240,824,2637.4,Maison,1876.64
24250,30,5945.41,Appartement,4364.58
24250,1059,3839.99,Maison,2183.33
24260,43,4714.65,Appartement,4000.0
24260,844,3167.84,Maison,1980.64
24270,48,1105.83,Appartement,798.48
24270,687,1716.67,Maison,1404.41
24290,48,3195.76,Appartement,2422.63
24290,912,2796.86,Maison,1957.84
24300,136,2464.71,Appartement,1864.47
24300,1109,8932.85,Maison,1230.81
24310,63,4586.42,Appartement,3135.42
24310,588,1829.7,Maison,1654.74
24320,14,2397.46,Appartement,2693.0
24320,1015,1972.7,Maison,1460.06
24330,10,4916.62,Appartement,4214.29
24330,953,2174.17,Maison,1876.98
24340,32,3784.98,Appartement,2610.47
24340,479,1537.16,Maison,1277.25
24350,22,1919.66,Appartement,1355.88
24350,845,1835.06,Maison,1608.25
24360,52,1533.86,Appartement,1434.26
24360,790,1734.5,Maison,1239.44
24370,12,2218.25,Appartement,1862.55
24370,540,3135.07,Maison,2044.71
24380,66,2495.35,Appartement,1824.47
24380,701,2234.87,Maison,1818.18
24390,34,4799.92,Appartement,1950.4
24390,491,1892.33,Maison,1365.85
24400,133,2860.24,Appartement,1404.61
24400,1331,1704.75,Maison,1470.59
24410,11,3061.6,Appartement,1571.43
24410,749,1939.74,Maison,1384.62
24420,74,5420.11,Appartement,4142.86
24420,733,1807.51,Maison,1664.43
24430,151,3742.27,Appartement,1500.0
24430,864,13748.96,Maison,1859.93
24440,10,4113.7,Appartement,4727.27
24440,474,2800.93,Maison,1923.08
24450,25,1034.18,Appartement,700.0
24450,573,1544.15,Maison,1146.34
24460,15,3622.53,Appartement,3524.59
24460,509,1878.66,Maison,1590.0
24470,15,3672.38,Appartement,2000.0
24470,558,1706.3,Maison,1272.07
24480,27,3590.28,Appartement,2511.11
24480,458,2617.93,Maison,1853.78
24490,58,3960.06,Appartement,2900.5
24490,351,1856.55,Maison,1484.38
24500,50,2746.01,Appartement,1557.81
24500,857,2571.72,Maison,1793.86
24510,25,3953.67,Appartement,3950.0
24510,633,2903.21,Maison,2028.85
24520,10,1916.3,Appartement,1487.5
24520,948,2678.15,Maison,1907.22
24530,20,2214.86,Appartement,1477.27
24530,323,1600.17,Maison,1390.73
24540,5,1045.15,Appartement,1081.63
24540,303,3045.84,Maison,2035.4
24550,4,1207.31,Appartement,1426.69
24550,271,2223.1,Maison,1600.0
24560,14,4351.05,Appartement,3102.02
24560,681,2751.44,Maison,1784.78
24570,15,2802.59,Appartement,3333.33
24570,231,1632.04,Maison,1423.81
24580,28,7441.53,Appartement,3934.49
24580,364,3457.66,Maison,2133.56
24590,33,2903.62,Appartement,1857.14
24590,470,2522.45,Maison,2016.62
24600,161,2332.47,Appartement,2062.5
24600,1182,1780.92,Maison,1428.57
24610,6,1613.18,Appartement,1729.49
24610,497,2003.29,Maison,1594.34
24620,51,2515.26,Appartement,1228.57
24620,334,3206.61,Maison,2181.99
24630,11,1366.35,Appartement,1077.94
24630,190,1843.98,Maison,1454.55
24640,14,1029.37,Appartement,1174.73
24640,211,1741.23,Maison,1508.77
24650,35,70227.77,Appartement,1786.11
24650,580,74536.26,Maison,2009.28
24660,213,2789.43,Appartement,1510.64
24660,1039,17362.27,Maison,1842.86
24680,9,1911.69,Appartement,1520.0
24680,492,1854.49,Maison,1747.13
24700,137,4422.6,Appartement,3333.33
24700,1717,1797.06,Maison,1573.93
24750,511,47921.49,Appartement,1666.67
24750,1878,29487.45,Maison,2029.56
24800,166,3048.47,Appartement,2540.94
24800,1270,1723.21,Maison,1367.22
25000,12516,6981.56,Appartement,2487.18
25000,1297,3114.86,Maison,2719.3
25110,333,3570.34,Appartement,1661.11
25110,396,1833.32,Maison,1648.51
25111,10,2517.52,Appartement,2035.47
25111,30,1922.65,Maison,1640.2
25113,1,470.0,Appartement,470.0
25113,42,1532.11,Maison,1477.58
25115,35,3201.59,Appartement,2602.15
25115,85,2703.17,Maison,2500.0
25120,308,2711.77,Appartement,2066.96
25120,236,2462.76,Maison,2386.36
25130,430,4584.34,Appartement,2907.67
25130,201,3314.79,Maison,3278.41
25140,239,2232.87,Appartement,1930.23
25140,254,2502.32,Maison,2502.5
25150,214,2087.4,Appartement,1290.92
25150,352,1546.81,Maison,1570.57
25160,495,4030.74,Appartement,3447.37
25160,251,3584.14,Maison,3358.97
25170,116,2633.14,Appartement,2076.85
25170,505,7171.71,Maison,2103.57
25190,115,2483.82,Appartement,1382.93
25190,388,1503.07,Maison,1454.45
25200,2102,4055.05,Appartement,1159.18
25200,818,2256.01,Maison,1520.12
25210,233,2886.55,Appartement,2507.07
25210,282,2326.54,Maison,2381.38
25220,326,4677.06,Appartement,2520.11
25220,466,2501.98,Maison,2193.9
25230,310,2665.36,Appartement,1598.73
25230,425,1777.43,Maison,1761.36
25240,267,3628.31,Appartement,2956.32
25240,199,2795.71,Maison,2707.45
25250,160,3201.31,Appartement,1458.69
25250,449,1245.39,Maison,1178.24
25260,72,2350.84,Appartement,1642.16
25260,331,1540.6,Maison,1466.67
25270,109,3003.89,Appartement,2142.86
25270,201,2077.48,Maison,2018.34
25290,301,3119.09,Appartement,1982.76
25290,324,2279.29,Maison,2068.74
25300,2663,3910.47,Appartement,2844.83
25300,683,3264.99,Maison,3181.82
25310,317,2191.42,Appartement,1333.33
25310,422,2266.12,Maison,1608.26
25320,208,2909.28,Appartement,2531.74
25320,494,2405.69,Maison,2291.87
25330,66,2239.82,Appartement,1618.5
25330,206,1671.03,Maison,1616.51
25340,59,2150.91,Appartement,1666.67
25340,255,1225.99,Maison,1165.71
25350,212,2344.06,Appartement,1199.17
25350,211,1433.16,Maison,1403.23
25360,103,2718.54,Appartement,2083.33
25360,317,1814.17,Maison,1808.11
25370,929,4113.15,Appartement,3400.0
25370,407,4013.27,Maison,3862.07
25380,51,2728.27,Appartement,2281.55
25380,143,1671.25,Maison,1531.91
25390,200,4989.97,Appartement,2800.74
25390,255,2523.09,Maison,2316.67
25400,892,3638.56,Appartement,1620.39
25400,733,1633.98,Maison,1542.55
25410,187,3164.19,Appartement,2246.2
25410,505,2176.76,Maison,2191.18
25420,171,2754.92,Appartement,1847.22
25420,332,1668.52,Maison,1685.33
25430,73,6057.89,Appartement,2116.88
25430,165,1334.15,Maison,1336.63
25440,91,3882.88,Appartement,3105.88
25440,381,1745.15,Maison,1598.29
25450,91,1980.1,Appartement,1774.77
25450,92,2149.11,Maison,2238.74
25460,73,1549.93,Appartement,1334.54
25460,179,1769.63,Maison,1759.49
25470,42,3137.33,Appartement,2127.9
25470,137,2147.36,Maison,2182.86
25480,205,4778.01,Appartement,2712.34
25480,375,3328.7,Maison,2580.0
25490,201,3025.61,Appartement,2097.67
25490,272,1669.68,Maison,1636.65
25500,1111,5423.02,Appartement,3023.81
25500,380,3022.8,Maison,3105.68
25510,52,3853.53,Appartement,2802.56
25510,176,1801.0,Maison,1861.91
25520,125,2833.6,Appartement,2333.33
25520,218,2233.81,Maison,2260.92
25530,86,1837.48,Appartement,1608.82
25530,160,2051.04,Maison,2008.4
25550,88,2596.23,Appartement,1426.17
25550,295,1671.63,Maison,1695.74
25560,306,2765.07,Appartement,2204.7
25560,269,2445.96,Maison,2500.0
25570,29,4071.67,Appartement,2941.18
25570,48,3119.21,Maison,2858.67
25580,113,2908.09,Appartement,2055.56
25580,237,1984.0,Maison,2001.63
25600,434,9022.24,Appartement,2605.48
25600,340,1646.35,Maison,1635.48
25610,25,1949.55,Appartement,2071.43
25610,88,1714.47,Maison,1656.25
25620,76,2751.19,Appartement,2270.69
25620,219,2081.14,Maison,2128.73
25630,74,1473.59,Appartement,1404.92
25630,43,1436.57,Maison,1445.78
25640,83,1872.8,Appartement,1612.9
25640,387,1857.6,Maison,1836.5
25650,167,3212.52,Appartement,2466.67
25650,173,2658.3,Maison,2628.21
25660,189,3135.24,Appartement,2341.67
25660,480,2420.14,Maison,2429.1
25680,34,2075.73,Appartement,1916.3
25680,218,1296.11,Maison,1210.94
25690,44,7198.56,Appartement,3383.93
25690,65,2025.79,Maison,1939.75
25700,530,7261.3,Appartement,1521.07
25700,527,1822.99,Maison,1457.45
25720,256,5722.12,Appartement,2719.89
25720,274,2249.75,Maison,2297.17
25750,33,2939.76,Appartement,2400.0
25750,170,1592.21,Maison,1618.12
25770,132,7425.17,Appartement,3136.31
25770,232,2493.12,Maison,2461.32
25790,42,5091.66,Appartement,2675.42
25790,33,2562.32,Maison,2330.0
25800,343,3279.11,Appartement,2890.91
25800,227,2440.39,Maison,2473.0
25820,5,2196.03,Appartement,2492.06
25820,25,1098.25,Maison,917.86
25840,20,2010.04,Appartement,1256.53
25840,39,1569.37,Maison,1507.14
25870,220,2894.38,Appartement,2452.89
25870,645,2415.11,Maison,2410.26
25920,8,2116.2,Appartement,1855.2
25920,30,1779.44,Maison,1458.75
25930,24,2244.56,Appartement,1563.39
25930,21,1399.54,Maison,1667.5
25960,32,1799.56,Appartement,1237.81
25960,36,1856.59,Maison,2024.9
26000,5894,11631.43,Appartement,2275.48
26000,1369,7398.77,Maison,2679.8
26100,2793,9515.43,Appartement,1906.25
26100,1309,4655.52,Maison,2319.1
26110,556,3973.04,Appartement,2631.58
26110,1013,3409.47,Maison,2780.7
26120,314,4519.51,Appartement,3175.0
26120,1345,2859.22,Maison,2770.32
26130,309,4937.3,Appartement,2416.67
26130,792,3422.39,Maison,2820.0
26140,267,3068.94,Appartement,2283.78
26140,778,2218.51,Maison,2181.59
26150,327,6684.28,Appartement,3000.0
26150,476,2763.58,Maison,2587.49
26160,114,4253.86,Appartement,2252.5
26160,841,3397.92,Maison,2710.84
26170,150,4747.64,Appartement,2750.0
26170,628,3199.65,Maison,2959.74
26190,223,2493.93,Appartement,1722.22
26190,423,2250.78,Maison,2186.81
26200,2797,3184.36,Appartement,2134.33
26200,1733,2701.94,Maison,2428.57
26210,47,3194.49,Appartement,2803.42
26210,460,2074.8,Maison,2083.24
26220,152,7732.4,Appartement,3000.0
26220,392,3440.23,Maison,2940.35
26230,62,5616.68,Appartement,3498.86
26230,479,3387.58,Maison,3164.18
26240,447,2885.77,Appartement,1762.12
26240,718,2169.44,Maison,2114.36
26250,259,2519.0,Appartement,2000.0
26250,592,2688.47,Maison,2317.88
26260,176,3618.47,Appartement,2435.0
26260,788,2410.18,Maison,2447.64
26270,205,4717.94,Appartement,2333.33
26270,606,2718.81,Maison,2408.99
26290,106,3411.22,Appartement,1771.03
26290,336,2740.97,Maison,2301.37
26300,673,2779.04,Appartement,2226.67
26300,1691,2577.39,Maison,2551.21
26310,44,2715.64,Appartement,2156.95
26310,180,2272.72,Maison,2000.0
26320,49,3114.35,Appartement,2626.37
26320,337,3031.22,Maison,2661.29
26330,31,24186.4,Appartement,2383.33
26330,156,2324.44,Maison,2205.08
26340,47,3831.42,Appartement,2941.18
26340,260,2785.23,Maison,2543.85
26350,15,2469.6,Appartement,1961.82
26350,260,2246.02,Maison,2000.0
26380,38,2603.33,Appartement,2434.51
26380,233,2612.58,Maison,2703.7
26390,21,3093.73,Appartement,2089.55
26390,107,2556.46,Maison,2326.53
26400,644,4337.5,Appartement,2698.7
26400,1499,2986.81,Maison,2767.74
26410,34,1448.3,Appartement,1235.19
26410,171,2458.9,Maison,2186.05
26420,152,2737.35,Appartement,1824.43
26420,215,3528.26,Maison,2733.25
26450,38,4316.42,Appartement,3046.13
26450,272,2636.48,Maison,2546.2
26460,25,6997.55,Appartement,5829.0
26460,109,2735.83,Maison,2136.36
26470,10,2385.41,Appartement,2406.6
26470,96,2084.93,Maison,2052.03
26500,1238,2765.25,Appartement,1936.94
26500,662,2858.36,Maison,2587.78
26510,11,4080.77,Appartement,3550.0
26510,148,2296.87,Maison,2202.4
26530,20,2507.86,Appartement,1980.71
26530,90,2065.79,Maison,1606.38
26540,55,2757.59,Appartement,2783.58
26540,262,2664.41,Maison,2725.84
26560,19,1541.72,Appartement,1375.0
26560,138,2230.11,Maison,1577.5
26570,104,2768.64,Appartement,2182.64
26570,97,4665.17,Maison,2560.0
26600,504,3477.69,Appartement,2450.1
26600,1284,3331.4,Maison,2544.95
26620,42,2535.31,Appartement,1661.07
26620,84,2194.09,Maison,1911.35
26700,412,2919.39,Appartement,1817.35
26700,787,2355.37,Maison,2187.5
26730,34,2242.65,Appartement,2123.35
26730,169,2241.72,Maison,2250.0
26740,191,3511.01,Appartement,2431.82
26740,849,2866.91,Maison,2629.12
26750,76,2759.45,Appartement,2303.91
26750,602,2590.23,Maison,2503.36
26760,50,4052.96,Appartement,2984.93
26760,384,3267.5,Maison,2759.56
26770,57,2415.29,Appartement,2328.12
26770,389,3683.74,Maison,2815.04
26780,94,3235.51,Appartement,2478.12
26780,588,2788.89,Maison,2525.82
26790,117,5933.46,Appartement,3300.0
26790,651,3001.62,Maison,2747.66
26800,483,3087.21,Appartement,2414.52
26800,942,3244.47,Maison,2696.85
27000,2862,6645.69,Appartement,1960.78
27000,2174,4203.11,Maison,2334.65
27100,150,2161.11,Appartement,1729.91
27100,598,3590.55,Maison,1941.26
27110,126,4961.42,Appartement,2947.15
27110,1470,2090.29,Maison,1884.19
27120,141,4178.82,Appartement,3129.52
27120,1678,3101.82,Maison,2432.1
27130,275,4505.31,Appartement,2210.53
27130,751,2080.28,Maison,1766.73
27140,501,12693.25,Appartement,3362.07
27140,741,3125.97,Maison,2435.06
27150,50,7857.93,Appartement,3752.65
27150,1186,2456.39,Maison,1954.72
27160,56,4431.53,Appartement,3857.14
27160,1320,1972.86,Maison,1603.77
27170,91,5264.51,Appartement,4545.45
27170,1122,1896.06,Maison,1704.55
27180,21,1964.01,Appartement,1964.29
27180,1081,2108.53,Maison,1951.22
27190,129,4792.35,Appartement,2916.67
27190,1749,2368.01,Maison,1797.75
27200,1299,30732.06,Appartement,3118.84
27200,905,5778.31,Maison,2642.86
27210,315,5394.83,Appartement,1674.42
27210,1688,2938.61,Maison,2333.33
27220,34,6281.61,Appartement,4082.86
27220,1348,2322.88,Maison,2030.62
27230,16,4143.01,Appartement,3201.02
27230,905,2042.54,Maison,1854.84
27240,42,4420.75,Appartement,4131.99
27240,915,2076.31,Maison,1809.9
27250,30,3216.72,Appartement,2746.15
27250,730,1666.9,Maison,1427.86
27260,81,3574.18,Appartement,2655.17
27260,743,2652.4,Maison,2143.85
27270,24,2372.27,Appartement,2133.65
27270,653,1971.63,Maison,1643.75
27290,26,5852.97,Appartement,3300.0
27290,874,2159.47,Maison,1846.64
27300,477,4253.2,Appartement,2485.71
27300,1689,2156.07,Maison,1937.5
27310,72,8146.79,Appartement,6543.76
27310,1158,4693.5,Maison,2135.7
27320,105,5316.77,Appartement,4403.23
27320,668,2001.75,Maison,1813.29
27330,59,1325.68,Appartement,1083.33
27330,765,1694.48,Maison,1487.5
27340,92,6113.58,Appartement,5383.14
27340,451,2244.76,Maison,2131.67
27350,17,2716.2,Appartement,2169.81
27350,691,2146.24,Maison,1948.17
27360,50,6870.56,Appartement,6234.24
27360,133,2204.99,Maison,1953.12
27370,11,3177.19,Appartement,3629.03
27370,1578,2041.23,Maison,2000.0
27380,43,3433.8,Appartement,2142.86
27380,829,2080.84,Maison,1829.11
27390,2,425.99,Appartement,425.99
27390,415,1602.5,Maison,1505.26
27400,622,6462.01,Appartement,2342.06
27400,2148,2156.67,Maison,1993.67
27410,1,909.09,Appartement,909.09
27410,578,1757.53,Maison,1647.06
27420,23,1342.26,Appartement,1189.19
27420,295,2199.61,Maison,2078.95
27430,13,1764.17,Appartement,1840.0
27430,519,2762.23,Maison,2027.03
27440,7,3608.43,Appartement,3378.38
27440,302,1908.84,Maison,1778.23
27450,11,4984.84,Appartement,1951.22
27450,444,2379.21,Maison,1916.74
27460,26,6010.85,Appartement,5516.17
27460,310,1973.63,Maison,2027.59
27470,10,1285.33,Appartement,1277.17
27470,271,2484.07,Maison,1593.41
27480,16,3049.11,Appartement,1833.33
27480,403,2363.43,Maison,2033.9
27490,26,7379.22,Appartement,7080.2
27490,394,3198.54,Maison,2063.58
27500,482,4222.64,Appartement,2845.24
27500,1906,2335.04,Maison,1983.44
27510,2,27257.14,Appartement,27257.14
27510,358,2508.71,Maison,2176.09
27520,39,4216.24,Appartement,3181.82
27520,704,2170.09,Maison,2042.34
27530,100,3071.55,Appartement,2094.12
27530,425,2591.1,Maison,2164.71
27540,118,6349.93,Appartement,2484.05
27540,220,2634.54,Maison,2320.96
27550,9,1825.31,Appartement,1857.14
27550,176,2001.53,Maison,1797.03
27560,4,1322.97,Appartement,1277.08
27560,525,2606.17,Maison,2049.18
27570,35,8464.5,Appartement,10606.06
27570,254,1957.82,Maison,1604.76
27580,2,1840.0,Appartement,1840.0
27580,200,1957.13,Maison,1578.35
27590,6,6169.58,Appartement,4773.21
27590,137,1992.51,Maison,1996.94
27600,374,2852.38,Appartement,1811.98
27600,778,2192.01,Maison,2055.15
27610,30,10466.94,Appartement,11072.73
27610,295,2024.42,Maison,1997.31
27620,27,1964.2,Appartement,1754.39
27620,403,4397.52,Maison,2494.62
27630,1,14272.27,Appartement,14272.27
27630,358,2677.26,Maison,2247.64
27640,4,2448.12,Appartement,2304.69
27640,268,2913.71,Maison,2440.87
27650,10,1633.95,Appartement,1653.79
27650,226,2804.74,Maison,2198.3
27660,15,17027.99,Appartement,16901.41
27660,177,2355.3,Maison,2246.28
27670,10,7318.25,Appartement,5967.26
27670,407,2091.52,Maison,2090.91
27680,26,2580.96,Appartement,1966.67
27680,556,2655.96,Maison,1937.88
27690,14,2847.18,Appartement,1436.36
27690,101,2409.27,Maison,1888.89
27700,249,7931.21,Appartement,2750.0
27700,993,2464.75,Maison,1957.14
27710,108,2551.77,Maison,2100.0
27720,2,2150.66,Appartement,2150.66
27720,84,2286.74,Maison,2120.74
27730,26,5983.22,Appartement,4950.98
27730,182,2377.28,Maison,2275.74
27740,113,2487.8,Maison,2187.5
27750,13,2789.79,Appartement,2250.0
27750,212,2380.69,Maison,2242.21
27760,3,1143.79,Appartement,1333.33
27760,42,1539.52,Maison,1444.95
27770,104,2102.21,Maison,1880.52
27780,2,2304.69,Appartement,2304.69
27780,209,2419.93,Maison,2186.36
27790,3,2203.7,Appartement,1555.56
27790,59,1829.29,Maison,1666.67
27800,61,4825.07,Appartement,3200.0
27800,1256,1954.69,Maison,1769.57
27810,1,10185.19,Appartement,10185.19
27810,230,2185.54,Maison,1771.96
27820,87,1638.08,Maison,1319.06
27830,3,3291.67,Appartement,3200.0
27830,120,2697.67,Maison,2536.76
27850,51,3177.17,Maison,1833.33
27860,53,2298.68,Maison,2102.27
27870,49,2729.13,Maison,2558.33
27890,64,2009.1,Maison,1772.44
27910,355,2232.08,Maison,1944.44
27920,121,2345.33,Maison,2327.43
27930,93,3419.78,Appartement,1760.0
27930,1912,2271.72,Maison,2085.03
27940,38,11404.19,Appartement,7792.21
27940,748,2523.01,Maison,2137.95
27950,150,3520.25,Appartement,1906.33
27950,626,2995.38,Maison,2500.0
28000,2907,3698.91,Appartement,2569.23
28000,1242,4048.88,Maison,2612.01
28100,1365,4482.89,Appartement,1969.23
28100,989,2771.91,Maison,2023.53
28110,460,2423.83,Appartement,2261.9
28110,468,2257.65,Maison,2124.14
28120,66,3316.14,Appartement,3043.48
28120,1102,1951.9,Maison,1594.42
28130,195,8702.34,Appartement,2820.0
28130,1585,2910.22,Maison,2448.28
28140,17,1877.13,Appartement,1777.78
28140,561,1630.56,Maison,1324.07
28150,26,2585.41,Appartement,1784.09
28150,835,1802.03,Maison,1590.91
28160,64,4165.17,Appartement,2646.02
28160,1158,1697.83,Maison,1420.38
28170,88,3434.66,Appartement,2733.33
28170,1070,2056.55,Maison,1703.82
28190,33,5659.17,Appartement,5623.64
28190,1154,1997.33,Maison,1865.08
28200,453,4410.04,Appartement,2187.5
28200,1744,1552.27,Maison,1386.09
28210,186,3908.72,Appartement,2224.22
28210,1390,2716.93,Maison,2164.58
28220,75,4160.66,Appartement,3671.88
28220,727,1460.07,Maison,1305.56
28230,330,3062.82,Appartement,2792.41
28230,337,3259.66,Maison,2730.58
28240,91,3283.79,Appartement,2571.93
28240,1279,1687.08,Maison,1438.2
28250,55,2546.02,Appartement,1714.29
28250,850,1872.62,Maison,1451.98
28260,103,5324.5,Appartement,2659.57
28260,1362,2964.04,Maison,2357.82
28270,23,1935.96,Appartement,1560.0
28270,657,2155.22,Maison,1559.63
28290,8,2691.62,Appartement,1885.71
28290,525,1552.21,Maison,1175.68
28300,640,3111.04,Appartement,2546.36
28300,2052,2723.3,Maison,2297.58
28310,59,3281.75,Appartement,1718.75
28310,739,1933.85,Maison,1666.67
28320,102,4957.18,Appartement,2391.7
28320,604,2739.63,Maison,2401.04
28330,17,1723.24,Appartement,1466.67
28330,595,1424.38,Maison,1290.32
28340,4,3263.27,Appartement,2388.06
28340,345,3658.24,Maison,1493.51
28350,18,3416.52,Appartement,3339.29
28350,381,2168.43,Maison,1755.56
28360,17,2322.89,Appartement,1690.14
28360,468,2013.37,Maison,1722.52
28380,22,2980.72,Appartement,2800.0
28380,358,2114.51,Maison,1913.33
28400,477,2809.29,Appartement,1628.21
28400,997,1678.21,Maison,1500.0
28410,84,4920.0,Appartement,3244.98
28410,906,3186.83,Maison,2626.22
28480,25,2303.82,Appartement,1729.93
28480,754,1708.44,Maison,1346.63
28500,181,2947.73,Appartement,1406.25
28500,2052,2503.73,Maison,2120.48
28600,115,2915.59,Appartement,2188.68
28600,396,2619.2,Maison,2427.7
28630,152,3291.8,Appartement,2663.93
28630,969,2519.5,Maison,2342.16
28700,157,3448.55,Appartement,2173.91
28700,1593,2415.51,Maison,2177.57
28800,104,3765.78,Appartement,2408.33
28800,1031,1664.91,Maison,1481.55
29000,4691,3114.36,Appartement,2089.55
29000,3163,2654.17,Maison,2250.0
29100,734,3344.19,Appartement,2444.81
29100,1255,2491.61,Maison,2129.63
29120,474,4081.63,Appartement,2500.0
29120,1493,3011.24,Maison,2500.0
29140,184,3200.89,Appartement,2130.63
29140,1220,2103.45,Maison,1990.9
29150,232,4046.66,Appartement,2216.67
29150,669,1790.87,Maison,1513.33
29160,312,3939.47,Appartement,2415.97
29160,856,3042.22,Maison,2495.97
29170,443,6639.6,Appartement,3712.5
29170,1322,3281.76,Maison,2925.08
29180,31,2893.81,Appartement,2301.59
29180,534,1991.83,Maison,1805.65
29190,49,3510.58,Appartement,3243.24
29190,876,1448.55,Maison,1292.78
29200,13418,4303.49,Appartement,2212.77
29200,3349,2590.88,Maison,2385.71
29217,203,3622.4,Appartement,2742.22
29217,616,3423.33,Maison,3044.97
29233,47,4039.92,Appartement,3571.43
29233,353,2187.02,Maison,2000.0
29241,26,4799.18,Appartement,4592.09
29241,242,4312.37,Maison,3502.87
29242,4,7659.56,Appartement,5469.87
29242,77,3834.81,Maison,2991.07
29246,211,1164.04,Maison,975.61
29250,306,3333.33,Appartement,2530.08
29250,934,2345.06,Maison,2093.45
29252,2,3548.56,Appartement,3548.56
29252,152,2591.45,Maison,2163.69
29253,3,4871.35,Appartement,5614.04
29253,68,5480.28,Maison,4337.29
29260,281,3139.21,Appartement,1956.52
29260,1631,1906.07,Maison,1842.42
29270,223,3830.1,Appartement,2070.42
29270,1085,1320.51,Maison,1240.58
29280,86,3741.63,Appartement,2757.97
29280,966,2554.72,Maison,2397.18
29290,290,3575.64,Appartement,2159.09
29290,833,2419.73,Maison,2336.81
29300,522,3845.8,Appartement,2209.43
29300,1715,2133.73,Maison,2094.59
29310,31,2743.38,Appartement,1403.57
29310,352,2036.21,Maison,1620.35
29340,39,8120.09,Appartement,4330.97
29340,430,2938.58,Maison,2391.3
29350,107,4676.4,Appartement,3352.94
29350,724,3301.78,Maison,2857.14
29360,146,4782.95,Appartement,4285.71
29360,498,3995.97,Maison,3145.91
29370,20,5144.88,Appartement,6562.5
29370,455,1724.9,Maison,1571.43
29380,131,10596.31,Appartement,3238.1
29380,770,2025.55,Maison,1875.0
29390,67,2326.59,Appartement,2196.97
29390,736,1402.31,Maison,1323.36
29400,369,6105.04,Appartement,2173.91
29400,1553,1704.91,Maison,1616.67
29410,34,2904.94,Appartement,2000.0
29410,1028,1645.46,Maison,1483.73
29420,18,3894.22,Appartement,2033.33
29420,577,1853.89,Maison,1491.23
29430,62,3341.53,Appartement,2456.99
29430,740,1947.91,Maison,1728.74
29440,20,2420.24,Appartement,2059.27
29440,467,1591.49,Maison,1464.29
29450,20,3460.96,Appartement,3558.94
29450,420,1444.13,Maison,1315.79
29460,37,3950.48,Appartement,2848.48
29460,1080,2224.91,Maison,2061.39
29470,173,4243.01,Appartement,2659.57
29470,1193,2604.79,Maison,2459.89
29480,226,5451.27,Appartement,2752.66
29480,600,3113.42,Maison,2888.07
29490,205,4413.89,Appartement,2710.94
29490,863,2682.24,Maison,2532.47
29500,9,2941.31,Appartement,2634.78
29500,521,2159.99,Maison,2000.0
29510,110,2967.95,Appartement,2640.15
29510,839,1863.7,Maison,1761.9
29520,75,6429.3,Appartement,3695.65
29520,694,1295.11,Maison,1207.84
29530,12,3952.89,Appartement,979.26
29530,731,1210.86,Maison,1102.86
29540,3,409.64,Appartement,375.0
29540,258,1104.88,Maison,1076.76
29550,131,2967.71,Appartement,2789.47
29550,531,2376.53,Maison,1865.36
29560,17,3157.54,Appartement,2815.28
29560,348,2774.49,Maison,2181.31
29570,79,4293.04,Appartement,3188.39
29570,416,2896.25,Maison,2500.0
29590,96,5579.46,Appartement,4329.63
29590,803,1864.04,Maison,1602.24
29600,1489,4396.27,Appartement,1903.85
29600,1564,1907.75,Maison,1709.53
29610,1,1902.17,Appartement,1902.17
29610,506,1802.69,Maison,1742.86
29620,8,2665.71,Appartement,2413.6
29620,448,2113.61,Maison,1862.54
29630,49,3573.77,Appartement,2771.69
29630,491,2683.01,Maison,2321.43
29640,7,1077.23,Appartement,970.91
29640,740,3752.08,Maison,1429.16
29650,6,1845.11,Appartement,1956.94
29650,296,1506.23,Maison,1337.4
29660,103,3926.47,Appartement,3311.11
29660,357,3857.79,Maison,3136.36
29670,42,4593.28,Appartement,5972.22
29670,451,1868.97,Maison,1790.83
29680,247,8031.73,Appartement,3750.0
29680,224,3326.16,Maison,2675.84
29690,77,3895.4,Appartement,1981.13
29690,776,1392.7,Maison,1160.71
29700,31,3972.24,Appartement,2375.0
29700,561,2720.92,Maison,2349.56
29710,58,3081.14,Appartement,2915.06
29710,1156,2194.55,Maison,2034.34
29720,45,4012.95,Appartement,3755.78
29720,619,2516.86,Maison,2245.87
29730,130,3801.23,Appartement,2583.33
29730,601,2597.97,Maison,2421.05
29740,29,3112.5,Appartement,2800.0
29740,399,2660.64,Maison,2527.27
29750,43,5274.55,Appartement,2768.46
29750,465,3302.21,Maison,2933.33
29760,91,3642.47,Appartement,2592.59
29760,606,2986.92,Maison,2606.9
29770,195,2874.97,Appartement,2696.63
29770,843,2841.95,Maison,2326.67
29780,37,3398.96,Appartement,2954.55
29780,575,2805.03,Maison,2338.95
29790,57,4288.79,Appartement,2916.67
29790,432,1875.89,Maison,1835.78
29800,592,2988.93,Appartement,2257.6
29800,1996,2301.32,Maison,2133.12
29810,48,3396.35,Appartement,2714.29
29810,688,2603.88,Maison,2421.05
29820,92,3055.14,Appartement,2546.45
29820,625,2355.89,Maison,2286.96
29830,89,3553.77,Appartement,2688.52
29830,1033,2372.4,Maison,2248.48
29840,21,4377.8,Appartement,3843.75
29840,462,3129.9,Maison,2731.83
29850,56,5965.4,Appartement,2973.34
29850,371,3679.51,Maison,2477.26
29860,124,4136.47,Appartement,2846.8
29860,1253,2187.96,Maison,2121.21
29870,169,3518.17,Appartement,2355.42
29870,826,2687.91,Maison,2292.37
29880,100,3585.66,Appartement,2467.01
29880,923,2545.05,Maison,2324.32
29890,69,24408.57,Appartement,3866.67
29890,583,2607.3,Maison,2096.77
29900,1030,4178.07,Appartement,3354.29
29900,1169,3259.48,Maison,3000.0
29910,110,6245.68,Appartement,2983.42
29910,741,3523.14,Maison,2949.44
29920,36,4070.09,Appartement,2843.46
29920,432,4462.35,Maison,3184.87
29930,48,3803.96,Appartement,2625.0
29930,292,2740.35,Maison,2362.28
29940,70,5131.14,Appartement,3917.21
29940,308,3428.45,Maison,3128.3
29950,451,5517.89,Appartement,3684.21
29950,778,5380.93,Maison,2920.35
29970,4,1364.09,Appartement,1364.09
29970,121,1326.31,Maison,1252.29
29980,35,4855.12,Appartement,4827.59
29980,103,4137.26,Maison,3650.79
30000,7412,6415.97,Appartement,2349.57
30000,2403,3798.29,Maison,2955.56
30100,2756,3994.4,Appartement,1947.37
30100,1574,2234.86,Maison,2107.4
30110,656,1939.47,Appartement,1500.0
30110,486,1675.63,Maison,1520.0
30111,10,4318.83,Appartement,3452.12
30111,96,2941.94,Maison,2875.82
30114,8,9920.03,Appartement,5793.75
30114,202,3440.46,Maison,3302.35
30120,627,2117.29,Appartement,1104.17
30120,672,2097.26,Maison,1892.86
30121,13,5982.07,Appartement,3456.15
30121,97,3709.86,Maison,3102.27
30122,4,4768.91,Appartement,4660.36
30122,20,1818.16,Maison,1523.21
30124,5,1232.24,Appartement,1333.33
30124,28,3828.01,Maison,1708.94
30125,10,4506.48,Appartement,3762.92
30125,27,3512.39,Maison,2228.92
30126,78,9759.58,Appartement,3748.15
30126,352,3478.65,Maison,2876.89
30127,82,4890.45,Appartement,3058.98
30127,394,5339.01,Maison,2841.99
30128,97,5170.31,Appartement,3030.3
30128,212,2988.53,Maison,2630.68
30129,84,5248.08,Appartement,3346.67
30129,632,2970.7,Maison,2646.99
30130,725,3557.47,Appartement,1867.92
30130,833,2383.47,Maison,2155.31
30131,38,4311.92,Appartement,3721.81
30131,251,3604.76,Maison,3317.43
30132,64,11451.29,Appartement,3863.49
30132,200,3950.85,Maison,2731.53
30133,364,3357.11,Appartement,3005.3
30133,453,3909.22,Maison,3442.31
30140,356,4794.75,Appartement,3376.73
30140,1228,2621.36,Maison,2432.43
30150,224,5243.86,Appartement,3050.69
30150,597,2702.92,Maison,2528.52
30160,967,20014.58,Appartement,2733.33
30160,421,2124.71,Maison,1877.78
30170,262,4191.03,Appartement,2762.91
30170,494,2697.15,Maison,2246.61
30190,281,6728.48,Appartement,2822.43
30190,1168,2675.5,Maison,2507.96
30200,1179,19516.22,Appartement,1928.57
30200,1466,2627.97,Maison,2311.9
30210,235,5981.56,Appartement,3783.78
30210,1315,3650.46,Maison,2722.89
30220,315,5387.95,Appartement,3810.81
30220,979,4408.16,Maison,3916.98
30230,192,9570.17,Appartement,2912.88
30230,468,2800.81,Maison,2740.07
30240,4229,5514.33,Appartement,4907.67
30240,276,5536.85,Maison,4654.76
30250,402,4466.96,Appartement,3015.64
30250,1113,3420.84,Maison,3072.92
30260,103,3748.03,Appartement,2548.93
30260,790,2900.08,Maison,2715.53
30270,199,4408.96,Appartement,2784.88
30270,118,2472.74,Maison,2254.03
30290,80,4015.1,Appartement,2530.13
30290,477,2743.85,Maison,2601.94
30300,1047,3495.49,Appartement,2081.82
30300,1293,7056.81,Maison,2487.5
30310,98,4197.57,Appartement,2878.7
30310,318,3072.44,Maison,3018.93
30320,192,3786.39,Appartement,2550.0
30320,970,2894.91,Maison,2738.73
30330,90,4838.92,Appartement,3195.38
30330,817,2761.29,Maison,2560.48
30340,338,3478.82,Appartement,2683.89
30340,1501,2400.38,Maison,2296.88
30350,147,4016.65,Appartement,2833.33
30350,745,2448.31,Maison,2298.08
30360,78,5705.36,Appartement,3631.56
30360,612,2617.27,Maison,2400.0
30380,173,3280.02,Appartement,2244.9
30380,418,2376.0,Maison,2316.06
30390,117,4677.29,Appartement,2839.29
30390,398,3182.42,Maison,2594.88
30400,391,5051.29,Appartement,3414.63
30400,763,4541.51,Maison,3860.24
30410,181,1693.73,Appartement,1031.25
30410,189,2203.04,Maison,2084.27
30420,301,3200.24,Appartement,2941.18
30420,408,3205.47,Maison,3214.78
30430,132,4824.24,Appartement,2891.07
30430,578,2863.81,Maison,2524.79
30440,104,2776.51,Appartement,1836.79
30440,265,3222.78,Maison,1968.09
30450,87,2754.13,Appartement,1642.86
30450,345,1989.05,Maison,1750.0
30460,73,3307.72,Appartement,2391.67
30460,144,2220.88,Maison,1929.2
30470,124,9007.18,Appartement,3826.74
30470,417,3054.28,Maison,3020.0
30480,37,4168.72,Appartement,3352.27
30480,137,2974.17,Maison,2410.08
30490,77,3877.83,Appartement,3214.29
30490,247,2265.52,Maison,2185.09
30500,389,9312.35,Appartement,2250.45
30500,720,2910.41,Maison,2137.86
30510,74,3452.4,Appartement,2420.49
30510,262,2468.54,Maison,2417.2
30520,109,5057.81,Appartement,3783.78
30520,262,2125.19,Maison,2055.88
30530,128,2235.5,Appartement,1400.57
30530,161,1748.62,Maison,1611.11
30540,100,3328.79,Appartement,2258.66
30540,322,2852.12,Maison,2615.12
30560,26,4486.42,Appartement,2239.72
30560,323,2343.09,Maison,2258.3
30570,135,2768.53,Appartement,2059.8
30570,236,2031.91,Maison,1687.19
30580,37,9897.83,Appartement,2383.33
30580,455,3936.3,Maison,2771.43
30600,332,3988.28,Appartement,2825.58
30600,696,3017.39,Maison,2728.64
30610,118,6715.13,Appartement,2156.4
30610,221,4974.52,Maison,2488.99
30620,216,6803.69,Appartement,2806.12
30620,642,2972.69,Maison,2690.69
30630,40,5654.74,Appartement,3544.07
30630,333,3376.81,Maison,2569.44
30640,72,3753.53,Appartement,2564.74
30640,342,3124.66,Maison,2853.61
30650,68,5158.01,Appartement,3008.96
30650,623,3378.69,Maison,3193.51
30660,63,5893.49,Appartement,3160.0
30660,210,3576.4,Maison,3098.97
30670,37,4844.05,Appartement,2875.0
30670,231,3668.79,Maison,3022.27
30700,826,5672.42,Appartement,3622.84
30700,2053,4140.83,Maison,3402.17
30720,43,4274.6,Appartement,2727.27
30720,171,2300.66,Maison,2233.67
30730,82,3715.59,Appartement,2596.3
30730,475,2892.9,Maison,2539.68
30740,19,4590.01,Appartement,3140.0
30740,171,3913.62,Maison,3141.18
30750,14,1453.35,Appartement,1211.3
30750,165,3745.01,Maison,1792.45
30760,40,5819.59,Appartement,3642.11
30760,306,2836.6,Maison,2551.69
30770,32,2111.14,Appartement,1349.48
30770,182,2868.56,Maison,1909.36
30800,469,4166.81,Appartement,2349.21
30800,734,2577.99,Maison,2333.33
30820,30,4269.07,Appartement,3634.53
30820,265,3393.82,Maison,3096.15
30840,33,3651.24,Appartement,3142.86
30840,148,2726.11,Maison,2722.99
30870,41,2757.56,Appartement,2559.52
30870,338,2950.86,Maison,2866.16
30900,4840,12158.03,Appartement,2431.5
30900,1910,4486.37,Maison,3033.0
30920,21,3230.55,Appartement,2662.96
30920,180,3344.42,Maison,3042.72
30940,31,1744.81,Appartement,1465.52
30940,85,1716.23,Maison,1520.0
30960,194,3194.0,Appartement,1926.47
30960,390,2061.92,Maison,1950.95
30980,30,5633.59,Appartement,2841.21
30980,212,3234.28,Maison,3319.87
31000,8616,43614.87,Appartement,5142.86
31000,212,6427.76,Maison,5434.13
31100,3885,15446.35,Appartement,2358.82
31100,1743,8887.32,Maison,3030.3
31110,1686,10466.29,Appartement,2494.81
31110,562,2399.0,Maison,2070.44
31120,501,4617.25,Appartement,2694.64
31120,1133,3262.16,Maison,2933.33
31130,939,3871.79,Appartement,3452.38
31130,1040,5706.97,Maison,3975.5
31140,1180,3274.11,Appartement,2657.85
31140,1637,3417.44,Maison,2954.3
31150,631,3084.19,Appartement,2503.61
31150,1241,3649.98,Maison,2921.88
31160,77,5042.77,Appartement,3166.67
31160,927,1473.85,Maison,1363.64
31170,749,4387.66,Appartement,3050.0
31170,1112,4125.57,Maison,3529.13
31180,190,4025.54,Appartement,2780.7
31180,720,3769.49,Maison,3325.57
31190,413,2539.02,Appartement,1857.14
31190,1095,2482.04,Maison,2321.43
31200,9586,11506.06,Appartement,2900.0
31200,1737,5707.31,Maison,3734.94
31210,318,2275.17,Appartement,1217.08
31210,777,1522.94,Maison,1459.9
31220,324,2979.48,Appartement,1830.75
31220,1058,2200.63,Maison,1740.91
31230,79,2610.62,Appartement,1833.33
31230,599,1692.05,Maison,1488.1
31240,560,12327.15,Appartement,3254.26
31240,1161,4439.59,Maison,3296.7
31250,258,26616.41,Appartement,3777.78
31250,764,7930.67,Maison,2055.52
31260,218,3510.76,Appartement,3571.43
31260,670,1507.0,Maison,1469.67
31270,1343,7803.63,Appartement,2685.19
31270,1568,3350.38,Maison,2908.42
31280,71,4577.17,Appartement,3680.56
31280,285,3594.43,Maison,3380.0
31290,144,4140.44,Appartement,2412.35
31290,958,2724.03,Maison,2459.91
31300,6653,65248.08,Appartement,3617.02
31300,652,9704.11,Maison,4017.37
31310,71,3521.55,Appartement,2151.16
31310,661,1949.26,Maison,1804.88
31320,1096,9492.53,Appartement,3200.0
31320,1000,3851.85,Maison,3493.49
31330,491,3092.55,Appartement,2187.5
31330,1213,2588.74,Maison,2524.19
31340,219,3423.18,Appartement,1910.22
31340,946,2342.19,Maison,2256.89
31350,38,3026.53,Appartement,2664.06
31350,516,1647.53,Maison,1407.9
31360,43,2246.43,Appartement,1666.67
31360,492,1532.77,Maison,1505.5
31370,117,2953.37,Appartement,1993.84
31370,698,2288.8,Maison,2248.32
31380,99,4638.77,Appartement,2933.33
31380,968,2961.65,Maison,2859.76
31390,161,3944.89,Appartement,2108.11
31390,666,2514.83,Maison,2320.96
31400,8757,82908.89,Appartement,3770.0
31400,1120,7240.66,Maison,4694.72
31410,141,2236.09,Appartement,2073.17
31410,1242,2515.24,Maison,2434.15
31420,72,2346.04,Appartement,1383.26
31420,615,1677.66,Maison,1552.94
31430,23,3349.49,Appartement,2463.53
31430,471,2020.06,Maison,1918.66
31440,58,2175.58,Appartement,1452.69
31440,673,1541.04,Maison,1371.3
31450,195,5586.83,Appartement,3055.56
31450,1494,3342.15,Maison,2909.18
31460,42,3380.83,Appartement,2427.08
31460,625,2523.88,Maison,2388.35
31470,559,2621.62,Appartement,2242.31
31470,1921,2762.59,Maison,2736.0
31480,7,2712.37,Appartement,2250.0
31480,391,2024.7,Maison,1938.04
31490,422,3030.11,Appartement,2444.32
31490,576,3125.66,Maison,3014.15
31500,6988,54282.45,Appartement,3446.19
31500,1444,5349.48,Maison,4593.68
31510,16,3540.38,Appartement,2542.99
31510,418,1625.76,Maison,1459.35
31520,930,21433.78,Appartement,3071.32
31520,289,3788.89,Maison,3387.1
31530,175,9854.24,Appartement,2095.24
31530,837,3432.57,Maison,2748.72
31540,2,1757.52,Appartement,1757.52
31540,347,2306.23,Maison,1921.92
31550,23,3572.92,Appartement,3166.67
31550,397,2322.46,Maison,2108.51
31560,317,2622.91,Appartement,1630.77
31560,692,2247.67,Maison,2250.0
31570,40,6052.99,Appartement,2642.36
31570,514,3167.16,Maison,3034.84
31580,4,619.18,Appartement,661.95
31580,244,1373.26,Maison,1335.46
31590,37,6015.21,Appartement,2488.89
31590,423,3030.29,Maison,2878.3
31600,1675,4830.29,Appartement,2259.49
31600,2740,3247.78,Maison,2673.71
31620,547,4375.28,Appartement,2482.35
31620,1820,2857.94,Maison,2698.24
31650,525,7337.05,Appartement,3170.73
31650,697,3757.45,Maison,3333.33
31660,119,3072.04,Appartement,1952.38
31660,532,2576.74,Maison,2509.03
31670,436,1037235.11,Appartement,1128294.79
31670,139,3762.94,Maison,3491.38
31700,2245,3867.82,Appartement,2888.89
31700,1706,3665.03,Maison,3297.02
31750,158,2998.57,Appartement,3022.54
31750,293,3625.25,Maison,3373.12
31770,1742,2595.98,Appartement,2577.32
31770,1066,3212.01,Maison,3162.8
31780,361,2864.57,Appartement,2650.0
31780,490,3185.82,Maison,2958.57
31790,230,20162.93,Appartement,3609.24
31790,523,3786.6,Maison,2891.14
31800,1008,5209.18,Appartement,1308.61
31800,1755,1531.9,Maison,1490.38
31810,37,5314.07,Appartement,3655.91
31810,396,2987.7,Maison,2786.95
31820,199,5478.02,Appartement,2925.0
31820,400,3600.5,Maison,3308.78
31830,344,3835.3,Appartement,2657.39
31830,945,3401.6,Maison,3123.6
31840,411,7440.59,Appartement,3006.25
31840,535,3140.71,Maison,3001.58
31850,171,3239.53,Appartement,2964.58
31850,229,4557.53,Maison,3423.08
31860,417,86528.2,Appartement,129960.55
31860,559,4866.27,Maison,2857.14
31870,16,2786.02,Appartement,2385.16
31870,338,2391.35,Maison,2500.0
31880,192,6980.56,Appartement,2534.51
31880,392,3426.02,Maison,3037.81
32000,1478,3130.21,Appartement,1781.3
32000,1082,2074.7,Maison,1853.48
32100,196,2764.3,Appartement,2010.64
32100,1003,1937.7,Maison,1463.41
32110,106,5947.39,Appartement,2302.08
32110,473,1712.03,Maison,1500.0
32120,63,2288.83,Appartement,1486.49
32120,526,1746.92,Maison,1599.85
32130,24,2394.91,Appartement,2151.63
32130,374,2512.84,Maison,2156.25
32140,40,3153.89,Appartement,2254.9
32140,353,1705.58,Maison,1468.75
32150,380,2798.91,Appartement,1481.48
32150,217,1898.72,Maison,1539.18
32160,60,3134.54,Appartement,2986.27
32160,389,1478.07,Maison,1310.34
32170,28,1188.42,Appartement,46.05
32170,383,1470.41,Maison,1328.88
32190,86,3732.02,Appartement,1995.0
32190,692,1758.87,Maison,1426.53
32200,124,5613.89,Appartement,4158.42
32200,411,2310.84,Maison,1948.77
32220,26,1833.07,Appartement,1841.81
32220,423,1846.69,Maison,1826.09
32230,47,2021.89,Appartement,1500.0
32230,415,1798.46,Maison,1565.66
32240,11,2380.59,Appartement,1818.18
32240,273,1443.11,Maison,1325.0
32250,10,2489.48,Appartement,1241.74
32250,161,1665.95,Maison,1450.0
32260,11,1705.39,Appartement,1953.12
32260,219,1798.86,Maison,1688.97
32270,36,19026.03,Appartement,3265.15
32270,290,1948.43,Maison,1862.67
32290,14,2885.12,Appartement,2739.36
32290,244,1582.16,Maison,1500.0
32300,136,3178.78,Appartement,2542.37
32300,796,1687.29,Maison,1500.0
32310,19,3845.82,Appartement,3196.08
32310,246,1724.39,Maison,1512.91
32320,6,4949.04,Appartement,1307.19
32320,197,1705.71,Maison,1428.57
32330,25,3568.1,Appartement,2811.76
32330,350,2225.47,Maison,1622.42
32340,2,1463.26,Appartement,1463.26
32340,157,1574.65,Maison,1276.6
32350,7,4997.65,Appartement,3125.0
32350,201,2032.76,Maison,1748.25
32360,12,4273.68,Appartement,3343.44
32360,173,2314.73,Maison,1675.96
32370,25,4769.71,Appartement,4742.86
32370,162,2082.65,Maison,1392.31
32380,17,1744.37,Appartement,1415.2
32380,261,1832.91,Maison,1492.31
32390,26,2552.91,Appartement,2500.0
32390,179,2700.77,Maison,1744.19
32400,35,3829.87,Appartement,2682.86
32400,570,1527.82,Maison,1367.78
32410,19,1199.65,Appartement,1123.08
32410,208,1990.21,Maison,1571.14
32420,14,8776.98,Appartement,2382.39
32420,144,1791.92,Maison,1671.87
32430,2,1131.74,Appartement,1131.74
32430,271,2688.71,Maison,2070.31
32440,14,2608.58,Appartement,2766.74
32440,174,1588.3,Maison,1358.58
32450,11,2391.27,Appartement,2068.97
32450,263,1804.03,Maison,1715.69
32460,7,3719.62,Appartement,4406.25
32460,122,1677.48,Maison,1384.62
32480,1,566.39,Appartement,566.39
32480,152,2817.41,Maison,1766.68
32490,9,1813.86,Appartement,1791.67
32490,109,2247.11,Maison,2127.78
32500,156,3398.14,Appartement,1736.84
32500,781,1965.09,Maison,1570.25
32550,61,4439.91,Appartement,2559.72
32550,401,2044.58,Maison,1918.48
32600,260,3405.14,Appartement,2434.95
32600,902,2774.38,Maison,2642.86
32700,120,3203.75,Appartement,2190.96
32700,544,2191.62,Maison,1757.58
32720,8,1890.5,Appartement,1952.46
32720,204,1549.09,Maison,1530.54
32730,2,1843.75,Appartement,1843.75
32730,148,1412.08,Maison,1416.0
32800,76,1695.58,Appartement,1371.33
32800,624,2742.78,Maison,1407.97
32810,22,2078.97,Appartement,1701.36
32810,289,2082.42,Maison,1936.81
33000,11257,10351.88,Appartement,5394.74
33000,2365,6182.71,Maison,5560.42
33100,1476,30230.48,Appartement,5108.87
33100,530,5610.23,Maison,4702.04
33110,1338,5089.88,Appartement,3976.3
33110,1147,6075.27,Maison,5416.67
33112,71,3155.27,Appartement,2022.64
33112,372,2835.0,Maison,2394.44
33113,2,1355.39,Appartement,1355.39
33113,321,2580.02,Maison,2038.1
33114,45,3407.35,Appartement,3366.67
33114,355,3871.31,Maison,3439.02
33115,81,25146.98,Appartement,13665.22
33115,541,17061.92,Maison,13315.79
33120,1962,8840.43,Appartement,7870.88
33120,945,11821.32,Maison,9010.41
33121,185,4639.35,Appartement,3870.69
33121,325,4494.06,Maison,3819.53
33123,217,2533.27,Appartement,2187.14
33123,224,4757.54,Maison,3000.0
33124,7,3637.39,Appartement,4125.0
33124,321,2165.54,Maison,2109.56
33125,12,5926.35,Appartement,4780.21
33125,309,3041.82,Maison,2613.64
33126,2,7486.51,Appartement,7486.51
33126,175,3341.7,Maison,2200.0
33127,316,4448.76,Appartement,3804.61
33127,802,5227.01,Maison,3827.86
33130,1510,14637.03,Appartement,3573.95
33130,1268,6208.37,Maison,4347.83
33133,56,2426.9,Appartement,1988.37
33133,301,2985.7,Maison,2310.0
33138,175,4513.3,Appartement,4090.91
33138,638,5419.9,Maison,4797.96
33140,1398,9507.44,Appartement,3500.0
33140,2235,5907.61,Maison,3724.46
33141,3,1437.46,Appartement,1320.94
33141,128,2657.57,Maison,2183.97
33150,1285,14461.28,Appartement,3250.0
33150,720,4336.95,Maison,3689.34
33160,617,29832.26,Appartement,3802.17
33160,2119,7053.21,Maison,3888.89
33170,1138,8635.17,Appartement,3597.18
33170,936,20671.67,Maison,4273.86
33180,4,5337.62,Appartement,5844.98
33180,378,9039.67,Maison,1696.02
33185,470,7044.03,Appartement,3637.35
33185,501,7722.06,Maison,3929.25
33190,209,3447.61,Appartement,2070.31
33190,1236,1706.45,Maison,1613.46
33200,3148,23933.55,Appartement,3829.79
33200,1721,5965.72,Maison,5338.84
33210,512,4069.93,Appartement,2088.54
33210,1970,2956.15,Maison,2194.64
33220,460,1702.34,Appartement,1245.54
33220,1480,1777.58,Maison,1494.64
33230,357,3627.98,Appartement,2026.32
33230,2271,2674.73,Maison,1781.61
33240,503,3848.22,Appartement,2491.23
33240,2441,2801.87,Maison,2517.48
33250,143,6022.31,Appartement,4636.36
33250,683,2235.97,Maison,1891.57
33260,968,8273.75,Appartement,5000.0
33260,1744,5978.28,Maison,5199.82
33270,547,4905.14,Appartement,3304.35
33270,769,4428.59,Maison,3694.94
33290,635,4179.18,Appartement,3333.33
33290,1853,3680.93,Maison,3461.67
33300,3676,10428.22,Appartement,4244.29
33300,663,4809.53,Maison,4500.0
33310,1032,16700.99,Appartement,2826.29
33310,439,3446.22,Maison,3136.99
33320,1067,3743.06,Appartement,3548.78
33320,1637,4382.58,Maison,3782.05
33330,38,32666.33,Appartement,7301.47
33330,339,19062.37,Maison,2638.89
33340,258,3127.84,Appartement,2170.29
33340,1736,3633.31,Maison,1955.4
33350,205,3797.46,Appartement,2433.02
33350,1274,2302.3,Maison,1811.81
33360,98,4679.86,Appartement,3668.05
33360,1188,3960.54,Maison,3615.66
33370,390,5496.0,Appartement,3240.39
33370,1665,4575.96,Maison,3349.51
33380,342,5961.85,Appartement,3636.36
33380,1987,8028.15,Maison,3734.95
33390,434,3996.97,Appartement,2003.12
33390,1358,2218.35,Maison,1685.79
33400,2788,106580.65,Appartement,4521.3
33400,1397,14990.42,Maison,4801.2
33410,100,4696.96,Appartement,2605.99
33410,611,2478.67,Maison,2045.45
33420,134,5534.98,Appartement,3097.43
33420,989,2822.98,Maison,2290.91
33430,113,3447.14,Appartement,2735.29
33430,818,2198.79,Maison,2099.78
33440,307,5550.31,Appartement,2912.28
33440,1221,3334.25,Maison,2833.33
33450,185,4959.47,Appartement,3152.17
33450,1521,3050.14,Maison,2935.58
33460,81,15344.27,Appartement,2575.76
33460,1241,26793.81,Maison,2716.52
33470,740,5594.91,Appartement,4158.28
33470,2478,5554.16,Maison,4797.96
33480,133,3618.67,Appartement,2857.14
33480,1187,2778.4,Maison,2753.85
33490,161,3879.5,Appartement,2045.45
33490,795,2125.34,Maison,2029.41
33500,1624,9077.58,Appartement,2608.95
33500,1786,4229.52,Maison,2635.47
33510,401,9821.13,Appartement,5833.33
33510,1229,6608.14,Maison,5357.14
33520,1196,14304.79,Appartement,3623.13
33520,629,5116.32,Maison,4380.0
33530,184,4063.12,Appartement,3047.02
33530,282,7531.23,Maison,3200.23
33540,43,3154.66,Appartement,1854.17
33540,530,2209.72,Maison,1764.71
33550,91,3592.12,Appartement,2266.67
33550,619,2576.82,Maison,2427.78
33560,228,11492.2,Appartement,2883.03
33560,662,3388.14,Maison,3071.9
33570,40,5571.55,Appartement,3629.17
33570,473,3018.65,Maison,1919.19
33580,25,5147.06,Appartement,4579.5
33580,562,1886.43,Maison,1612.01
33590,44,3524.63,Appartement,2104.25
33590,6261,5573.44,Maison,5413.24
33600,2470,96859.59,Appartement,3665.61
33600,2669,6478.23,Maison,4193.55
33610,96,4101.57,Appartement,3924.44
33610,1170,4347.48,Maison,3870.06
33620,170,2502.07,Appartement,1968.96
33620,1092,2217.08,Maison,2139.88
33640,78,9205.81,Appartement,4091.63
33640,781,3240.32,Maison,2950.0
33650,118,4459.26,Appartement,3354.9
33650,1441,3735.87,Maison,3373.18
33660,95,1665.84,Appartement,1458.33
33660,649,1866.36,Maison,1709.33
33670,138,6464.32,Appartement,3009.26
33670,997,3432.74,Maison,2937.5
33680,574,5583.48,Appartement,4891.33
33680,1220,5661.17,Maison,4779.2
33690,24,2615.54,Appartement,2060.98
33690,396,1900.37,Maison,1674.8
33700,4227,7713.89,Appartement,3611.9
33700,2350,5418.11,Maison,4367.01
33710,97,5723.87,Appartement,2608.7
33710,1181,2277.25,Maison,1979.17
33720,80,3913.25,Appartement,2858.02
33720,1019,2895.12,Maison,2333.12
33730,14,2328.99,Appartement,2171.44
33730,527,2501.4,Maison,2042.5
33740,213,7312.78,Appartement,4807.69
33740,682,7588.11,Maison,5012.12
33750,234,2615.82,Appartement,2205.88
33750,811,2934.82,Maison,2819.28
33760,32,3254.05,Appartement,2744.2
33760,588,2234.3,Maison,2151.77
33770,55,4113.14,Appartement,3509.38
33770,675,3394.21,Maison,3384.62
33780,410,22415.44,Appartement,4138.89
33780,593,17293.44,Maison,3839.29
33790,3,4817.0,Appartement,7088.89
33790,189,2169.6,Maison,1492.54
33800,4079,16576.57,Appartement,5000.0
33800,1096,6927.34,Maison,5053.82
33810,111,2795.09,Appartement,2024.14
33810,162,2479.1,Maison,2198.69
33820,95,3069.45,Appartement,2000.0
33820,666,1548.95,Maison,1384.09
33830,27,3053.77,Appartement,2854.1
33830,641,3259.0,Maison,2906.98
33840,2,1666.67,Appartement,1666.67
33840,303,1653.23,Maison,1500.0
33850,62,18196.6,Appartement,4657.11
33850,663,5014.42,Maison,3737.29
33860,26,3563.61,Appartement,2587.41
33860,311,1612.45,Maison,1349.4
33870,39,2551.25,Appartement,2387.83
33870,318,2858.73,Maison,2615.5
33880,66,3138.4,Appartement,2445.59
33880,403,3528.07,Maison,3080.68
33890,20,1962.72,Appartement,1668.69
33890,183,3318.72,Maison,1589.29
33910,109,20027.21,Appartement,4333.33
33910,896,2113.87,Maison,2028.57
33920,116,2868.96,Appartement,1833.75
33920,970,2047.86,Maison,1894.41
33930,55,33800.02,Appartement,15222.22
33930,427,3811.49,Maison,3263.59
33950,192,12652.15,Appartement,7387.04
33950,918,11600.57,Maison,8916.34
33970,134,21666.31,Appartement,13580.32
33970,608,33624.01,Maison,20003.53
33980,312,3564.97,Appartement,3529.66
33980,605,4363.04,Maison,3994.25
33990,172,3157.82,Appartement,2839.94
33990,672,3612.52,Maison,3390.27
34000,9479,7190.3,Appartement,3970.59
34000,510,7108.33,Maison,4855.11
34070,8027,7866.73,Appartement,3042.31
34070,1278,6054.57,Maison,3907.1
34080,3958,38476.39,Appartement,2652.01
34080,432,3323.2,Maison,3112.33
34090,4771,4718.28,Appartement,3805.0
34090,617,5374.88,Maison,4583.82
34110,1464,4011.51,Appartement,3308.79
34110,1668,4650.48,Maison,3797.73
34120,645,4733.95,Appartement,2559.09
34120,1106,3127.61,Maison,2624.04
34130,1666,5723.91,Appartement,4482.49
34130,1549,4730.99,Maison,4133.5
34140,603,4992.55,Appartement,3506.25
34140,1035,3748.05,Maison,3485.85
34150,243,4509.33,Appartement,2745.1
34150,950,3099.17,Maison,2857.91
34160,323,8405.12,Appartement,4132.95
34160,1533,3948.13,Maison,3741.5
34170,1693,11663.62,Appartement,3918.37
34170,871,5542.98,Maison,4741.38
34190,442,2627.67,Appartement,1605.77
34190,681,2659.47,Maison,2386.36
34200,5972,4520.69,Appartement,3371.68
34200,961,6070.34,Maison,4788.96
34210,72,3862.96,Appartement,1650.98
34210,888,1791.83,Maison,1563.56
34220,164,2715.62,Appartement,2125.0
34220,395,1474.67,Maison,1162.79
34230,200,4049.03,Appartement,2553.92
34230,1637,2841.6,Maison,2626.26
34240,403,5416.09,Appartement,2500.0
34240,203,2300.28,Maison,2142.27
34250,1434,5220.62,Appartement,4975.23
34250,185,5396.52,Maison,5057.47
34260,278,1744.68,Appartement,805.19
34260,591,1920.56,Maison,1545.45
34270,82,5919.49,Appartement,3799.5
34270,850,3815.95,Maison,3595.93
34280,3826,5483.31,Appartement,5119.43
34280,313,5959.07,Maison,5891.09
34290,208,4361.09,Appartement,2861.57
34290,1792,3216.59,Maison,2463.09
34300,9432,4280.49,Appartement,3500.0
34300,2587,4725.88,Maison,3809.03
34310,130,3749.96,Appartement,2524.76
34310,946,2306.86,Maison,2095.83
34320,64,2644.13,Appartement,2195.15
34320,935,2577.76,Maison,2335.29
34330,64,2831.95,Appartement,2246.88
34330,374,2084.42,Maison,1501.63
34340,1031,4640.03,Appartement,3972.5
34340,932,5539.72,Maison,3677.86
34350,1245,4554.29,Appartement,3676.47
34350,941,3920.4,Maison,3446.67
34360,56,3097.38,Appartement,2415.49
34360,578,2245.46,Maison,1705.88
34370,198,4415.06,Appartement,2493.33
34370,1095,2352.76,Maison,2173.33
34380,42,9261.23,Appartement,4139.02
34380,439,3662.99,Maison,3288.46
34390,54,15774.02,Appartement,3092.12
34390,400,2225.27,Maison,1735.99
34400,1414,4497.41,Appartement,2498.63
34400,1939,3343.09,Maison,3097.87
34410,348,4180.64,Appartement,3435.71
34410,1019,6047.99,Maison,2842.86
34420,292,3220.93,Appartement,2467.6
34420,1167,45852.2,Maison,2959.68
34430,433,9861.08,Appartement,4142.86
34430,479,4737.42,Maison,4181.82
34440,116,3654.19,Appartement,2681.01
34440,563,2538.5,Maison,2295.08
34450,295,10617.4,Appartement,3705.13
34450,850,4418.38,Maison,2962.49
34460,58,6943.74,Appartement,3764.71
34460,376,2165.66,Maison,1972.41
34470,207,8544.74,Appartement,4716.67
34470,519,4693.17,Maison,4688.89
34480,111,3247.01,Appartement,2681.82
34480,1359,2261.83,Maison,2240.0
34490,164,3557.2,Appartement,2862.45
34490,1080,2334.23,Maison,2216.67
34500,9001,12471.88,Appartement,2320.75
34500,3102,5157.96,Maison,2228.57
34510,83,3722.13,Appartement,2888.89
34510,436,2553.28,Maison,2491.19
34520,26,3327.61,Appartement,2982.72
34520,155,1766.84,Maison,1594.29
34530,127,3393.08,Appartement,2923.08
34530,401,2426.11,Maison,2142.86
34540,1196,6953.63,Appartement,4234.21
34540,470,5119.53,Maison,3816.41
34550,90,5387.4,Appartement,2441.98
34550,428,2833.43,Maison,2416.21
34560,285,3741.1,Appartement,2816.09
34560,807,3131.67,Maison,2988.76
34570,305,4167.21,Appartement,3404.76
34570,1057,3852.34,Maison,3477.68
34590,237,4491.59,Appartement,3096.77
34590,446,3990.69,Maison,2909.09
34600,795,2511.73,Appartement,1588.1
34600,1030,1872.26,Maison,1690.12
34610,28,1133.41,Appartement,859.14
34610,191,1432.21,Maison,1027.75
34620,55,3406.66,Appartement,1937.5
34620,329,2016.29,Maison,1689.81
34630,48,6519.76,Appartement,7166.42
34630,277,2469.47,Maison,2371.13
34650,21,2661.12,Appartement,1365.98
34650,154,2000.84,Maison,1551.72
34660,153,4122.2,Appartement,3052.5
34660,529,3574.85,Maison,3502.41
34670,371,4391.81,Appartement,3694.09
34670,561,4761.96,Maison,3960.0
34680,223,3997.37,Appartement,3033.71
34680,230,3808.3,Maison,3620.11
34690,171,4579.41,Appartement,3618.42
34690,386,3867.71,Maison,3699.13
34700,565,2223.01,Appartement,1395.35
34700,993,2967.46,Maison,2395.34
34710,54,5933.87,Appartement,2903.3
34710,337,2553.2,Maison,1991.99
34720,28,3758.62,Appartement,1989.73
34720,291,2972.25,Maison,2574.26
34725,149,3433.11,Appartement,2518.75
34725,595,2734.57,Maison,2620.14
34730,129,5443.51,Appartement,4051.72
34730,362,4174.67,Maison,4066.24
34740,147,6353.59,Appartement,4010.69
34740,302,4550.63,Maison,3997.03
34750,179,4099.68,Appartement,3383.33
34750,422,3946.53,Maison,4024.2
34760,72,2945.66,Appartement,2515.96
34760,187,2317.61,Maison,2319.02
34770,181,5200.33,Appartement,3025.78
34770,340,3282.48,Maison,3287.68
34790,529,3540.13,Appartement,3123.43
34790,306,4695.96,Maison,3987.04
34800,720,3413.19,Appartement,2208.44
34800,1580,2841.14,Maison,2621.06
34810,22,2143.29,Appartement,1940.75
34810,340,2602.2,Maison,2560.23
34820,52,7674.65,Appartement,4065.48
34820,389,4549.11,Maison,4234.2
34830,273,4527.04,Appartement,3973.47
34830,476,4135.0,Maison,4128.99
34850,12,3990.98,Appartement,2362.47
34850,146,2634.81,Maison,2643.23
34880,56,4023.24,Appartement,3562.5
34880,143,4224.16,Maison,3705.88
34920,235,4561.53,Appartement,4158.73
34920,366,4015.15,Maison,3947.37
34970,754,5116.36,Appartement,4643.41
34970,658,8986.78,Maison,4710.43
34980,369,15358.68,Appartement,4456.14
34980,1380,4665.74,Maison,4369.4
34990,453,3604.51,Appartement,3195.65
34990,587,3571.68,Maison,3478.82
35000,11018,5646.02,Appartement,4000.0
35000,1348,6000.41,Maison,5145.19
35111,18,5318.19,Appartement,2915.72
35111,212,2533.13,Maison,2312.53
35113,41,2371.29,Appartement,2226.42
35113,174,2347.29,Maison,2264.97
35114,11,3111.51,Appartement,2330.0
35114,77,2608.69,Maison,2582.52
35120,324,3353.96,Appartement,2444.56
35120,1474,2209.86,Maison,2098.56
35130,104,2577.35,Appartement,1867.73
35130,704,1563.29,Maison,1521.69
35131,443,3759.3,Appartement,3000.0
35131,466,3567.62,Maison,2895.99
35132,204,3033.93,Appartement,3054.04
35132,246,3347.93,Maison,3113.12
35133,52,2563.05,Appartement,1870.28
35133,1680,1781.21,Maison,1735.58
35134,3,1496.43,Appartement,1269.84
35134,248,1823.92,Maison,1605.46
35135,499,3276.85,Appartement,3103.45
35135,238,3251.65,Maison,3282.04
35136,944,8025.12,Appartement,3000.0
35136,324,3692.68,Maison,3330.18
35137,103,3882.9,Appartement,2510.2
35137,460,2491.98,Maison,2476.63
35140,73,7171.99,Appartement,3843.48
35140,994,2081.44,Maison,1983.42
35150,355,3709.04,Appartement,2539.86
35150,1319,2435.05,Maison,2262.5
35160,264,3214.25,Appartement,2511.69
35160,900,2791.96,Maison,2380.0
35170,685,12818.66,Appartement,3200.0
35170,683,3430.53,Maison,3192.77
35190,138,3936.36,Appartement,2591.69
35190,1054,2173.87,Maison,2062.5
35200,2823,5130.77,Appartement,2678.16
35200,607,4754.67,Maison,4408.6
35210,26,3015.68,Appartement,2250.0
35210,526,1884.86,Maison,1522.09
35220,193,3589.02,Appartement,2814.58
35220,601,2461.87,Maison,2354.26
35230,644,2957.97,Appartement,2808.93
35230,1148,2951.95,Maison,2738.1
35235,137,3109.19,Appartement,3125.0
35235,359,3620.69,Maison,3269.23
35240,102,9008.58,Appartement,4748.08
35240,549,1931.15,Maison,1844.66
35250,118,3703.08,Appartement,2629.76
35250,929,2754.99,Maison,2510.58
35260,239,13203.39,Appartement,4115.38
35260,443,4329.35,Maison,3823.53
35270,114,3283.16,Appartement,2352.04
35270,847,2270.82,Maison,2065.22
35290,229,2257.14,Appartement,1833.33
35290,797,1703.86,Maison,1594.2
35300,1263,3140.86,Appartement,1934.78
35300,915,2080.6,Maison,1907.24
35310,570,3858.81,Appartement,2818.98
35310,1266,3761.14,Maison,2642.87
35320,63,3185.44,Appartement,2492.06
35320,922,1986.78,Maison,1970.49
35330,39,2814.6,Appartement,2052.63
35330,1003,1920.45,Maison,1772.46
35340,183,3119.91,Appartement,2926.23
35340,900,2965.85,Maison,2587.59
35350,91,5432.14,Appartement,3488.89
35350,627,3602.2,Maison,3183.9
35360,105,3140.67,Appartement,2485.11
35360,859,2098.77,Maison,2072.95
35370,87,3050.54,Appartement,2257.14
35370,913,1839.5,Maison,1816.9
35380,44,2628.73,Appartement,2279.36
35380,974,2497.55,Maison,1920.53
35390,17,2598.61,Appartement,2657.14
35390,580,1612.96,Maison,1500.0
35400,3714,10372.6,Appartement,4607.84
35400,1873,5979.48,Maison,4629.63
35410,380,4455.1,Appartement,2841.09
35410,1021,3007.55,Maison,2727.83
35420,52,2445.45,Appartement,1559.88
35420,953,1512.83,Maison,1254.55
35430,118,8455.4,Appartement,3649.79
35430,651,3650.92,Maison,3000.0
35440,56,5675.75,Appartement,2976.19
35440,477,2231.86,Maison,2053.57
35450,31,5648.57,Appartement,4179.1
35450,522,2220.24,Maison,1886.7
35460,63,2673.46,Appartement,2409.84
35460,1161,1872.11,Maison,1538.46
35470,218,3803.44,Appartement,2568.5
35470,844,2128.91,Maison,2000.0
35480,45,2502.86,Appartement,2100.0
35480,808,1847.04,Maison,1842.11
35490,28,2697.42,Appartement,2395.52
35490,513,1804.12,Maison,1733.33
35500,754,11651.65,Appartement,2960.26
35500,1638,2392.11,Maison,2172.31
35510,637,4318.62,Appartement,3700.0
35510,654,4475.83,Maison,4058.63
35520,410,5892.37,Appartement,2968.99
35520,955,3031.55,Maison,2946.43
35530,365,5750.97,Appartement,3068.18
35530,679,2958.26,Maison,2745.28
35540,110,3121.42,Appartement,2346.15
35540,724,2485.23,Maison,2308.12
35550,45,1785.73,Appartement,1766.5
35550,925,1784.12,Maison,1645.57
35560,29,3542.97,Appartement,1918.92
35560,667,1871.42,Maison,1479.45
35580,278,3387.26,Appartement,2603.06
35580,1799,2544.24,Maison,2333.33
35590,251,4226.49,Appartement,2895.83
35590,588,2850.33,Maison,2694.71
35600,503,3609.82,Appartement,2142.86
35600,1180,2016.63,Maison,1897.94
35610,65,2533.55,Appartement,1875.0
35610,581,1803.41,Maison,1582.68
35620,6,1500.69,Appartement,1359.22
35620,362,1715.24,Maison,1513.74
35630,54,2247.42,Appartement,1603.01
35630,544,2422.08,Maison,2342.48
35640,57,3856.66,Appartement,2016.13
35640,454,1550.75,Maison,1428.57
35650,407,3992.17,Appartement,2873.68
35650,307,3593.4,Maison,2912.09
35660,11,3091.2,Appartement,2980.77
35660,565,1575.81,Maison,1366.91
35680,46,4473.49,Appartement,3351.45
35680,672,1880.85,Maison,1815.71
35690,124,3246.29,Appartement,3069.3
35690,262,3324.85,Maison,3071.44
35700,2804,4233.46,Appartement,3808.82
35700,607,5855.94,Maison,5090.09
35720,40,1804.19,Appartement,1812.66
35720,661,2085.36,Maison,1991.15
35730,242,3297.34,Appartement,3018.7
35730,440,3228.11,Maison,3058.58
35740,332,5682.8,Appartement,3316.18
35740,469,4447.12,Maison,3409.09
35750,30,6489.35,Appartement,6285.71
35750,562,2101.35,Maison,1888.46
35760,403,4390.08,Appartement,3559.32
35760,525,4153.88,Maison,3666.94
35770,144,4011.32,Appartement,2802.61
35770,378,3378.13,Maison,2962.3
35780,59,5209.06,Appartement,4518.61
35780,172,4141.1,Maison,3329.9
35800,1184,8701.04,Appartement,5608.7
35800,1394,7273.52,Maison,5321.38
35830,298,3967.13,Appartement,3352.27
35830,502,3507.15,Maison,3453.73
35850,209,3402.91,Appartement,2741.94
35850,861,2717.07,Maison,2566.67
35870,1,5853.57,Appartement,5853.57
35870,155,4008.32,Maison,3519.35
35890,110,2870.85,Appartement,2670.54
35890,600,2946.74,Maison,2531.36
35960,8,4639.14,Appartement,3988.52
35960,97,2271.22,Maison,2215.56
36000,1954,4890.25,Appartement,1458.33
36000,2110,1761.69,Maison,1463.85
36100,249,3549.82,Appartement,2394.37
36100,1464,1388.12,Maison,1062.78
36110,61,2434.47,Appartement,1573.53
36110,633,1075.58,Maison,955.22
36120,34,2274.48,Appartement,2186.96
36120,769,1409.16,Maison,1261.05
36130,57,1843.02,Appartement,1368.42
36130,719,1472.01,Maison,1434.18
36140,38,1434.76,Appartement,1134.03
36140,511,989.47,Maison,767.86
36150,23,2119.18,Appartement,1625.0
36150,453,1234.84,Maison,989.01
36160,11,2065.92,Appartement,1700.0
36160,472,1074.44,Maison,857.14
36170,8,939.14,Appartement,800.0
36170,447,939.76,Maison,788.89
36180,3,8746.03,Appartement,12500.0
36180,173,1007.91,Maison,857.14
36190,2,604.17,Appartement,604.17
36190,378,978.56,Maison,840.17
36200,222,3385.34,Appartement,1990.17
36200,1265,1160.5,Maison,1065.22
36210,35,2584.8,Appartement,2173.91
36210,890,1569.64,Maison,1070.13
36220,10,704.25,Appartement,709.28
36220,513,1062.88,Maison,900.0
36230,6,436.07,Appartement,409.09
36230,589,1167.56,Maison,1009.17
36240,28,1544.04,Appartement,1549.3
36240,272,1197.35,Maison,847.92
36250,30,8980.26,Appartement,6486.49
36250,331,1634.05,Maison,1468.25
36260,10,2554.88,Appartement,1587.04
36260,403,1241.76,Maison,926.47
36270,10,990.28,Appartement,908.0
36270,240,1221.96,Maison,1003.22
36290,498,2994.83,Maison,1065.75
36300,123,2761.76,Appartement,2250.0
36300,1074,1635.32,Maison,1015.77
36310,4,524.59,Appartement,539.81
36310,282,1000.07,Maison,764.62
36320,80,4298.3,Appartement,2542.31
36320,191,1380.75,Maison,1201.75
36330,38,4423.31,Appartement,3478.49
36330,575,2232.2,Maison,1683.67
36340,24,1443.41,Appartement,811.51
36340,210,1016.76,Maison,781.25
36350,1,5500.0,Appartement,5500.0
36350,118,1452.3,Maison,1355.14
36360,2,731.21,Appartement,731.21
36360,150,1214.37,Maison,991.74
36370,4,854.17,Appartement,854.17
36370,372,1210.52,Maison,836.02
36400,172,26201.49,Appartement,1463.85
36400,1309,1170.57,Maison,1024.59
36500,26,5788.84,Appartement,1913.38
36500,1072,1300.4,Maison,1012.95
36600,17,2444.37,Appartement,2608.7
36600,749,1314.64,Maison,1000.0
36700,47,1284.7,Appartement,1063.83
36700,674,1181.13,Maison,951.19
36800,27,2316.54,Appartement,1147.06
36800,662,1457.66,Maison,965.79
37000,6500,5683.5,Appartement,3354.49
37000,1587,4956.06,Maison,4052.63
37100,2956,6884.3,Appartement,2888.89
37100,1214,3250.22,Maison,2945.94
37110,117,3873.23,Appartement,2100.0
37110,1205,2190.9,Maison,1638.1
37120,63,994.78,Appartement,727.27
37120,883,2127.83,Maison,1291.67
37130,36,5176.08,Appartement,3327.4
37130,1123,2226.41,Maison,1957.21
37140,62,2324.07,Appartement,1563.3
37140,1092,1964.76,Maison,1627.33
37150,107,4712.33,Appartement,3500.0
37150,1449,3813.21,Maison,2071.43
37160,80,2241.49,Appartement,957.13
37160,781,1450.24,Maison,1250.0
37170,455,2741.56,Appartement,2625.0
37170,523,3310.04,Maison,2783.33
37190,58,4527.48,Appartement,2188.18
37190,901,2693.17,Maison,2136.36
37200,1735,7351.69,Appartement,3038.46
37200,40,3597.45,Maison,2719.27
37210,106,4192.9,Appartement,2797.06
37210,1128,3167.66,Maison,2666.67
37220,16,1887.59,Appartement,1155.38
37220,612,1930.13,Maison,1424.75
37230,98,3819.12,Appartement,2871.75
37230,1419,2990.74,Maison,2747.57
37240,32,3106.55,Appartement,3105.04
37240,951,2155.51,Maison,1521.74
37250,70,4353.25,Appartement,3417.68
37250,1022,2745.69,Maison,2561.24
37260,64,3753.04,Appartement,1742.9
37260,1023,2631.76,Maison,2398.31
37270,141,6737.48,Appartement,2954.55
37270,1910,3280.85,Maison,2455.67
37290,52,3458.37,Appartement,2983.87
37290,744,1562.67,Maison,1030.3
37300,1692,2877.26,Appartement,2128.7
37300,1415,2835.58,Maison,2600.0
37310,7,2209.83,Appartement,2045.45
37310,811,2249.9,Maison,1866.91
37320,57,4362.79,Appartement,4083.07
37320,1072,2415.03,Maison,2222.22
37330,32,1883.04,Appartement,1850.43
37330,785,3892.15,Maison,1578.95
37340,5,2445.85,Appartement,2325.58
37340,795,1934.76,Maison,1704.55
37350,5,1185.3,Appartement,1081.4
37350,522,2242.36,Maison,1073.56
37360,65,6288.32,Appartement,4179.1
37360,802,2827.53,Maison,2214.64
37370,29,2169.74,Appartement,2058.82
37370,668,1736.21,Maison,1491.32
37380,36,4570.74,Appartement,4200.0
37380,784,2445.76,Maison,2185.47
37390,82,4578.11,Appartement,2696.15
37390,1026,3236.92,Maison,2667.93
37400,449,5570.81,Appartement,2510.0
37400,976,3447.26,Maison,2493.32
37420,33,2692.48,Appartement,1483.87
37420,678,2178.68,Maison,1743.85
37460,18,4531.33,Appartement,3235.29
37460,992,2561.64,Maison,1396.6
37500,241,3223.66,Appartement,1710.53
37500,1411,2230.06,Maison,1767.44
37510,143,3891.29,Appartement,2822.58
37510,1017,2903.2,Maison,2689.08
37520,680,3483.18,Appartement,2780.24
37520,311,3474.12,Maison,2966.67
37530,39,4560.24,Appartement,3308.82
37530,1237,2870.63,Maison,2136.13
37540,803,29411.8,Appartement,2849.46
37540,858,4430.91,Maison,3623.19
37550,305,3650.31,Appartement,2765.62
37550,984,3481.83,Maison,3028.17
37600,164,3071.08,Appartement,2148.71
37600,1667,2230.45,Maison,1620.0
37700,480,3105.07,Appartement,1776.19
37700,868,2889.9,Maison,2565.25
37800,45,2519.01,Appartement,1800.0
37800,1122,1818.03,Maison,1651.45
38000,9231,7032.69,Appartement,3116.28
38000,112,7204.0,Maison,4134.97
38070,43,3225.47,Appartement,3047.24
38070,307,4349.35,Maison,2763.44
38080,870,14897.9,Appartement,2930.91
38080,938,5395.26,Maison,2848.54
38090,474,18186.18,Appartement,2936.04
38090,789,2948.92,Maison,2753.79
38100,7939,9197.62,Appartement,2324.32
38100,292,3655.22,Maison,3451.54
38110,851,3493.71,Appartement,2306.99
38110,1925,2935.02,Maison,2510.64
38112,61,4346.21,Appartement,3144.7
38112,70,3876.29,Maison,3747.37
38113,13,3092.92,Appartement,2977.16
38113,77,3500.93,Maison,3308.41
38114,303,5592.45,Appartement,4304.35
38114,112,4210.71,Maison,3438.87
38118,23,5832.01,Appartement,3033.9
38118,106,2679.97,Maison,2614.85
38119,38,21720.04,Appartement,2454.55
38119,145,10894.49,Maison,2673.08
38120,1141,5363.28,Appartement,2845.12
38120,414,4204.05,Maison,3944.91
38121,33,2876.94,Appartement,2215.83
38121,198,3255.33,Maison,3158.73
38122,19,3458.61,Appartement,3662.16
38122,178,2595.03,Maison,2533.32
38130,2251,8336.25,Appartement,2153.85
38130,256,3622.72,Maison,3434.18
38134,22,2403.26,Appartement,1985.71
38134,103,2599.2,Maison,2444.44
38138,61,7759.75,Appartement,3510.64
38138,114,2799.91,Maison,2954.74
38140,819,19997.49,Appartement,2405.0
38140,1066,7368.04,Maison,2624.5
38142,178,3733.25,Appartement,3651.0
38142,77,2765.37,Maison,2442.86
38144,29,2131.59,Maison,1857.14
38150,617,4310.73,Appartement,2010.42
38150,1365,2661.91,Maison,2445.71
38160,941,38157.06,Appartement,2289.86
38160,1005,5604.3,Maison,2393.78
38170,857,2660.39,Appartement,2290.91
38170,145,4133.55,Maison,3973.21
38180,376,3304.69,Appartement,3320.77
38180,200,4305.98,Maison,4164.6
38190,964,3544.77,Appartement,2856.46
38190,692,3598.21,Maison,3541.37
38200,2735,5048.9,Appartement,2752.69
38200,1290,3546.31,Maison,3389.36
38210,359,2859.17,Appartement,1935.0
38210,595,3882.57,Maison,2736.84
38220,509,2563.17,Appartement,2049.18
38220,521,2483.98,Maison,2430.08
38230,798,4716.31,Appartement,2709.79
38230,1162,3403.25,Maison,3297.93
38240,1404,23732.06,Appartement,3854.18
38240,330,4821.56,Maison,4726.55
38250,1313,4063.11,Appartement,3506.36
38250,333,4830.32,Maison,4674.24
38260,379,3089.15,Appartement,2288.33
38260,1373,2293.6,Maison,2153.85
38270,380,3482.07,Appartement,2104.02
38270,831,2204.09,Maison,2119.05
38280,115,3881.88,Appartement,3648.65
38280,323,3958.7,Maison,3788.89
38290,411,2885.74,Appartement,2922.67
38290,472,3752.63,Maison,3127.76
38300,2274,5469.03,Appartement,2690.61
38300,2185,3092.1,Maison,2899.29
38320,998,7585.76,Appartement,3412.02
38320,451,4012.96,Maison,3666.67
38330,692,5044.77,Appartement,4514.56
38330,704,4918.41,Maison,4617.01
38340,512,16433.33,Appartement,3402.47
38340,395,3321.01,Maison,3227.92
38350,465,2349.6,Appartement,1954.55
38350,481,2109.27,Maison,2000.0
38360,885,10118.26,Appartement,3152.97
38360,378,3550.57,Maison,3451.04
38370,150,3631.17,Appartement,3022.79
38370,403,3278.21,Maison,2756.41
38380,318,4153.84,Appartement,2490.26
38380,629,2471.94,Maison,2414.64
38390,141,2987.16,Appartement,1987.25
38390,650,2469.55,Maison,2357.14
38400,2507,3397.34,Appartement,2352.94
38400,263,3609.37,Maison,3450.0
38410,835,3498.91,Appartement,3023.81
38410,441,4100.53,Maison,3829.69
38420,589,5693.27,Appartement,3262.5
38420,447,4174.31,Maison,3692.61
38430,522,8690.17,Appartement,3103.85
38430,481,3000.1,Maison,2892.15
38440,188,2991.35,Appartement,2659.09
38440,920,2596.38,Maison,2526.08
38450,358,3957.45,Appartement,3274.48
38450,509,3303.22,Maison,3340.0
38460,350,5331.86,Appartement,3154.47
38460,1245,3622.43,Maison,2981.14
38470,313,4070.43,Appartement,2355.56
38470,616,2890.89,Maison,2277.79
38480,230,2648.45,Appartement,2264.56
38480,556,2374.84,Maison,2310.07
38490,339,3436.76,Appartement,2475.0
38490,1161,2906.57,Maison,2410.0
38500,2367,5259.72,Appartement,2665.96
38500,975,3924.79,Maison,3312.5
38510,265,5958.69,Appartement,2593.33
38510,1072,2424.79,Maison,2290.87
38520,167,4117.99,Appartement,2743.24
38520,223,3240.44,Maison,2916.67
38530,450,2872.45,Appartement,2780.3
38530,627,2966.32,Maison,2971.14
38540,218,4128.18,Appartement,3541.96
38540,581,3549.26,Maison,3548.39
38550,483,2888.46,Appartement,1956.52
38550,905,2442.99,Maison,2350.0
38560,160,4018.74,Appartement,3058.46
38560,234,3447.56,Maison,3449.25
38570,300,3469.45,Appartement,3272.01
38570,390,3245.72,Maison,3302.62
38580,679,3585.11,Appartement,2112.73
38580,268,2737.01,Maison,2575.43
38590,348,23346.69,Appartement,3420.96
38590,473,2542.08,Maison,2240.36
38600,1569,2496.42,Appartement,1931.48
38600,255,3490.38,Maison,3410.0
38610,413,4212.58,Appartement,3257.44
38610,149,4016.22,Maison,3652.48
38620,98,2704.17,Appartement,2300.2
38620,508,2450.66,Maison,2360.02
38630,168,3021.39,Appartement,2050.64
38630,732,2356.06,Maison,2290.11
38640,286,4237.75,Appartement,3740.55
38640,285,3905.77,Maison,3850.38
38650,186,2551.77,Appartement,2155.0
38650,328,2900.29,Maison,2514.74
38660,329,4076.88,Appartement,3187.5
38660,521,3554.54,Maison,3534.88
38670,348,4674.98,Appartement,3723.33
38670,213,3131.13,Maison,3149.79
38680,86,2277.42,Appartement,1547.73
38680,245,2293.01,Maison,2168.42
38690,137,2667.97,Appartement,2415.24
38690,918,2433.64,Maison,2363.74
38700,679,7711.1,Appartement,4130.34
38700,375,5411.6,Maison,4716.97
38710,54,2268.91,Appartement,2086.05
38710,227,2246.65,Maison,2088.89
38730,61,4374.78,Appartement,2784.62
38730,359,2370.13,Maison,2375.52
38740,16,1859.86,Appartement,1748.0
38740,121,1844.53,Maison,1500.0
38750,1499,36761.61,Appartement,7861.36
38750,65,15149.16,Maison,9215.48
38760,272,6782.53,Appartement,3587.82
38760,297,3735.11,Maison,3741.26
38770,60,3522.4,Appartement,2066.18
38770,203,2027.04,Maison,1895.16
38780,493,8276.23,Appartement,2714.98
38780,638,3128.77,Maison,3032.1
38790,145,6578.06,Appartement,3657.14
38790,442,3259.04,Maison,3174.56
38800,904,4196.91,Appartement,1942.37
38800,152,3639.34,Maison,3458.66
38830,23,2914.82,Appartement,1962.03
38830,172,2839.3,Maison,2721.28
38840,42,2179.1,Appartement,1719.16
38840,292,2492.97,Maison,2215.42
38850,152,5085.25,Appartement,2525.93
38850,519,2861.99,Maison,2683.87
38860,1687,34629.08,Appartement,5318.18
38860,73,5868.74,Maison,4444.44
38870,71,3037.56,Appartement,2231.3
38870,257,2010.51,Maison,2020.2
38880,171,3673.07,Appartement,3494.64
38880,62,4944.87,Maison,4482.82
38890,64,4331.64,Appartement,2505.32
38890,481,2703.93,Maison,2730.34
38920,422,13888.35,Appartement,4264.94
38920,281,3999.94,Maison,3868.18
38930,40,3032.92,Appartement,2496.23
38930,166,3256.47,Maison,2378.21
38940,26,3534.99,Appartement,4458.25
38940,138,2079.52,Maison,1848.75
38950,472,26281.98,Appartement,3292.26
38950,160,4068.05,Maison,3576.59
38960,35,3753.39,Appartement,2920.79
38960,214,2867.02,Maison,3022.28
38970,69,5742.25,Appartement,6250.0
38970,133,1738.19,Maison,1500.0
38980,31,3074.44,Appartement,2735.85
38980,145,2036.61,Maison,1952.38
39000,4572,2547355.99,Appartement,2902937.68
39000,401,427849.08,Maison,2102.38
39100,2349,566500.69,Appartement,1902.99
39100,1711,162088.69,Maison,1963.3
39110,648,1350300.5,Appartement,4165.07
39110,405,190215.64,Maison,1574.8
39120,207,2214873.38,Appartement,5555.56
39120,1071,112392.51,Maison,1475.0
39130,397,2848172.26,Appartement,9807.69
39130,524,171388.35,Maison,1871.35
39140,308,2382289.83,Appartement,2342572.86
39140,750,313589.61,Maison,1593.96
39150,426,2216262.95,Appartement,9783.33
39150,415,107631.38,Maison,2308.5
39160,262,3065591.34,Appartement,2941643.52
39160,370,233364.7,Maison,1575.0
39170,485,2826541.25,Appartement,2865237.19
39170,211,426637.91,Maison,1804.26
39190,145,1042000.99,Appartement,2000.0
39190,628,301199.11,Maison,1518.07
39200,996,224256.06,Appartement,1000.0
39200,265,1587.58,Maison,1500.0
39210,168,1186321.04,Appartement,6254.39
39210,412,166947.36,Maison,1809.43
39220,1007,215310.33,Appartement,3360.0
39220,236,4094.97,Maison,3846.34
39230,100,1180287.53,Appartement,2272.73
39230,624,89553.25,Maison,1434.43
39240,138,1785404.12,Appartement,2775245.17
39240,428,184132.72,Maison,1427.13
39250,121,1476065.91,Appartement,4537.31
39250,248,150767.0,Maison,1787.52
39260,358,1923564.75,Appartement,2521491.07
39260,254,86732.6,Maison,1555.54
39270,140,1192165.77,Appartement,10326.09
39270,336,205462.35,Maison,1436.66
39290,106,2909207.83,Appartement,2143792.09
39290,353,287328.68,Maison,1527.17
39300,1628,2245901.38,Appartement,2865237.19
39300,769,124017.38,Maison,1866.1
39310,182,1646302.01,Appartement,4634.58
39310,143,90650.78,Maison,3419.85
39320,50,1388902.68,Appartement,37812.5
39320,285,1157.62,Maison,1047.17
39330,75,1735537.41,Appartement,2902937.68
39330,85,751398.55,Maison,1889.71
39350,16,1744.86,Appartement,1279.28
39350,194,1646.34,Maison,1673.93
39360,110,1687231.78,Appartement,10810.81
39360,159,260291.8,Maison,1756.76
39370,71,818333.46,Appartement,4440.0
39370,81,216373.75,Maison,2120.0
39380,159,322080.92,Appartement,2547.62
39380,485,130064.81,Maison,1647.73
39400,1065,556283.0,Appartement,2056.4
39400,325,105760.83,Maison,2673.11
39410,30,1826189.36,Appartement,2372293.16
39410,153,138853.81,Maison,1727.84
39460,89,2809857.59,Appartement,3151760.91
39460,57,2684.71,Maison,2575.7
39500,348,2003314.03,Appartement,2565386.79
39500,718,574475.41,Maison,1833.97
39520,20,1085693.98,Appartement,2314.29
39520,18,2536.17,Maison,2123.46
39570,524,818093.35,Appartement,2835.82
39570,1260,393120.74,Maison,1863.24
39600,386,1280857.47,Appartement,3973.68
39600,593,144768.12,Maison,1657.39
39700,524,2323432.16,Appartement,2424431.47
39700,807,138509.02,Maison,1743.48
39800,690,4459917.32,Appartement,3022236.49
39800,615,164513.61,Maison,1575.0
40000,1427,3777.99,Appartement,2232.56
40000,1631,2337.84,Maison,2133.33
40090,80,1945.84,Appartement,1947.22
40090,953,2102.06,Maison,2044.44
40100,2476,4628.7,Appartement,2633.75
40100,965,3199.56,Maison,2563.29
40110,71,3273.76,Appartement,2121.21
40110,749,2205.4,Maison,2053.48
40120,28,2251.59,Appartement,1494.62
40120,659,1765.82,Maison,1651.92
40130,1075,16488.25,Appartement,6509.71
40130,787,8148.09,Maison,7044.26
40140,498,4975.04,Appartement,4176.32
40140,1180,4498.31,Maison,3822.84
40150,430,15725.1,Appartement,7802.0
40150,695,13571.99,Maison,9568.18
40160,131,2968.67,Appartement,2763.16
40160,899,3320.07,Maison,3062.09
40170,205,3724.71,Appartement,3052.63
40170,668,4172.15,Maison,3078.43
40180,97,2956.77,Appartement,2555.56
40180,1556,2736.17,Maison,2531.33
40190,19,1900.43,Appartement,1875.0
40190,552,1815.79,Maison,1708.77
40200,573,4237.16,Appartement,3718.75
40200,1307,4934.53,Maison,3063.48
40210,38,3891.37,Appartement,2500.0
40210,482,4417.74,Maison,2262.37
40220,370,4030.1,Appartement,3762.4
40220,477,4602.62,Maison,4285.71
40230,573,4120.38,Appartement,3466.67
40230,1659,4269.16,Maison,3750.0
40240,11,1958.61,Appartement,1972.48
40240,313,1963.24,Maison,1555.24
40250,24,2296.76,Appartement,2501.06
40250,476,1701.55,Maison,1617.91
40260,147,5712.83,Appartement,3630.14
40260,527,3526.68,Maison,2880.43
40270,35,2557.79,Appartement,1630.43
40270,672,1706.07,Maison,1712.66
40280,344,2316.32,Appartement,2121.21
40280,908,2269.0,Maison,2217.34
40290,40,2769.25,Appartement,1795.49
40290,338,2273.09,Maison,2035.16
40300,176,3380.58,Appartement,2366.67
40300,1193,2651.16,Maison,2400.0
40310,7,1398.53,Appartement,1134.31
40310,244,1589.12,Maison,1373.55
40320,85,5665.29,Appartement,4615.38
40320,493,1631.11,Maison,1542.86
40330,9,1478.4,Appartement,1290.08
40330,338,1845.62,Maison,1677.13
40350,26,3113.6,Appartement,2302.92
40350,342,2243.23,Maison,2142.14
40360,13,3094.76,Appartement,1757.58
40360,304,1905.01,Maison,1802.87
40370,36,3342.75,Appartement,2000.0
40370,323,2241.25,Maison,2118.06
40380,87,2274.0,Appartement,1315.79
40380,684,2005.27,Maison,1989.48
40390,221,4336.21,Appartement,3618.42
40390,751,3949.04,Maison,3526.32
40400,110,2577.28,Appartement,2043.01
40400,808,2136.92,Maison,1914.89
40410,16,2434.09,Appartement,1869.63
40410,379,2489.73,Maison,2324.56
40420,15,1484.22,Appartement,1655.17
40420,245,1963.06,Maison,1732.05
40430,7,2093.76,Appartement,1250.0
40430,235,2855.64,Maison,2035.29
40440,236,4000.74,Appartement,4047.72
40440,324,4987.37,Maison,4473.68
40460,64,8345.03,Appartement,3555.06
40460,364,4004.97,Maison,3845.78
40465,30,3317.39,Appartement,2316.2
40465,455,2532.69,Maison,2253.16
40480,377,6193.91,Appartement,5487.8
40480,188,5597.76,Maison,5381.4
40500,166,2917.17,Appartement,2007.25
40500,895,1764.52,Maison,1721.52
40510,621,5936.65,Appartement,5439.13
40510,524,8566.22,Maison,6975.51
40530,261,4264.55,Appartement,4032.26
40530,452,6038.54,Maison,4912.19
40550,107,4437.84,Appartement,3600.0
40550,295,4887.0,Maison,3950.0
40560,52,3832.58,Appartement,3536.62
40560,198,4859.66,Maison,3855.5
40600,921,4318.23,Appartement,3619.5
40600,1263,5079.87,Maison,4148.54
40630,9,10078.49,Appartement,3300.0
40630,200,2182.23,Maison,2000.0
40660,310,4654.28,Appartement,4231.63
40660,495,5838.1,Maison,5234.91
40700,92,3132.57,Appartement,2270.09
40700,942,1731.8,Maison,1682.75
40800,276,3391.04,Appartement,1906.61
40800,626,1597.38,Maison,1537.04
40990,890,3053.26,Appartement,2558.48
40990,1509,3612.25,Maison,2811.11
41000,2880,2873.84,Appartement,1923.08
41000,1899,2299.0,Maison,1976.74
41100,777,4994.95,Appartement,1965.52
41100,2470,2039.46,Maison,1703.3
41110,92,16044.91,Appartement,3080.65
41110,875,1919.64,Maison,1312.5
41120,39,9451.33,Appartement,2908.96
41120,1399,2351.4,Maison,1896.55
41130,54,6254.98,Appartement,3142.5
41130,1457,1711.74,Maison,1250.0
41140,26,2703.62,Appartement,2571.43
41140,737,1637.4,Maison,1342.86
41150,18,2272.96,Appartement,1694.44
41150,912,2199.12,Maison,1662.28
41160,25,9337.58,Appartement,5512.82
41160,863,1515.79,Maison,1235.75
41170,72,15907.63,Appartement,3250.0
41170,641,1404.19,Maison,1016.95
41190,26,6846.63,Appartement,5128.21
41190,648,1697.94,Maison,1551.59
41200,542,2878.19,Appartement,1800.0
41200,2572,2041.88,Maison,1448.6
41210,10,3030.98,Appartement,1345.24
41210,571,3078.99,Maison,1578.95
41220,48,9426.83,Appartement,3525.51
41220,759,2576.05,Maison,1698.11
41230,12,3034.08,Appartement,3077.65
41230,633,4682.47,Maison,1728.97
41240,18,4092.04,Appartement,4032.26
41240,465,1519.0,Maison,1317.57
41250,23,3630.37,Appartement,2417.14
41250,665,2222.34,Maison,1858.97
41260,149,2309.15,Appartement,1851.85
41260,244,2612.21,Maison,2026.01
41270,7,1999.79,Appartement,2273.75
41270,444,1211.45,Maison,1061.11
41290,8,3759.83,Appartement,4118.64
41290,271,1251.78,Maison,1178.57
41300,81,3695.85,Appartement,1370.37
41300,1255,5004.32,Maison,1362.92
41310,3,3932.18,Appartement,613.21
41310,510,1776.27,Maison,1390.53
41320,25,2062.16,Appartement,1860.0
41320,649,1411.56,Maison,1142.86
41330,6,3230.57,Appartement,2972.22
41330,345,1850.15,Maison,1696.43
41350,82,11215.46,Appartement,2432.15
41350,1236,2434.85,Maison,2026.7
41360,36,2308.42,Appartement,2317.74
41360,614,1408.64,Maison,1217.11
41370,4,2173.2,Appartement,1717.83
41370,309,1412.89,Maison,1225.69
41400,260,3159.69,Appartement,2000.0
41400,1755,2005.39,Maison,1662.86
41500,96,2494.71,Appartement,1638.67
41500,1132,3106.41,Maison,1634.85
41600,53,6257.54,Appartement,6526.32
41600,1077,3907.36,Maison,1826.92
41700,92,5183.29,Appartement,3665.18
41700,1239,1939.21,Maison,1740.38
41800,71,2402.83,Appartement,1813.95
41800,1286,1496.09,Maison,1227.67
42000,11211,23174.0,Appartement,1544.78
42000,550,3287.83,Maison,2187.87
42100,11028,23012.41,Appartement,1409.09
42100,854,2866.74,Maison,2207.57
42110,531,5257.66,Appartement,2430.56
42110,1203,2122.53,Maison,2064.94
42111,2,2487.41,Appartement,2487.41
42111,66,1151.91,Maison,665.62
42114,6,1134.36,Appartement,732.73
42114,73,1515.3,Maison,1513.51
42120,731,2567.41,Appartement,1436.71
42120,763,2214.77,Maison,2000.0
42122,2,2095.43,Appartement,2095.43
42122,58,1523.44,Maison,1485.06
42123,15,1070.38,Appartement,1037.38
42123,202,1905.27,Maison,1984.85
42130,276,2773.97,Appartement,1924.04
42130,920,1823.15,Maison,1745.2
42131,15,1191.31,Appartement,1150.0
42131,73,1888.38,Maison,1833.33
42140,236,3033.67,Appartement,2349.94
42140,578,2168.21,Maison,2223.27
42150,368,1872.39,Appartement,1224.08
42150,181,19721.9,Maison,1957.14
42152,228,70638.81,Appartement,2259.55
42152,149,2636.09,Maison,2491.42
42153,497,2007.73,Appartement,1384.62
42153,729,2177.14,Maison,2058.33
42155,36,2646.75,Appartement,2109.35
42155,733,2252.89,Maison,2012.82
42160,817,36171.18,Appartement,2950.71
42160,833,64522.57,Maison,2651.16
42170,519,41652.28,Appartement,2989.25
42170,961,2908.4,Maison,2787.74
42190,363,2822.25,Appartement,1810.0
42190,475,1726.58,Maison,1640.0
42210,326,11147.42,Appartement,2694.35
42210,1005,2581.77,Maison,2388.06
42220,199,2176.93,Appartement,1734.14
42220,333,1732.66,Maison,1666.67
42230,441,14305.92,Appartement,2052.63
42230,494,2637.95,Maison,2468.5
42240,341,2112.26,Appartement,1566.04
42240,616,2167.7,Maison,2169.24
42260,88,2123.86,Appartement,1565.01
42260,556,1466.74,Maison,1279.36
42270,465,16019.94,Appartement,2586.52
42270,156,2861.65,Maison,2788.87
42290,226,15853.84,Appartement,2597.29
42290,318,2869.63,Maison,2784.32
42300,4897,9347.32,Appartement,1538.46
42300,1859,2715.15,Maison,1922.12
42310,60,3242.92,Appartement,1483.04
42310,286,1326.33,Maison,1128.35
42320,230,3302.02,Appartement,2004.41
42320,430,2653.41,Maison,2678.84
42330,191,50363.23,Appartement,3097.83
42330,844,13815.65,Maison,2714.79
42340,332,12834.21,Appartement,2918.09
42340,582,7455.54,Maison,2659.11
42350,435,7299.44,Appartement,3103.08
42350,230,3328.82,Maison,2822.02
42360,134,2855.22,Appartement,2070.0
42360,409,1632.22,Maison,1527.78
42370,99,3541.05,Appartement,2285.71
42370,689,1950.93,Maison,1814.19
42380,198,2425.49,Appartement,1673.7
42380,663,1861.86,Maison,1672.0
42390,582,55448.49,Appartement,1425.13
42390,176,2651.47,Maison,2540.33
42400,1951,3454.87,Appartement,1558.44
42400,854,2671.82,Maison,2457.26
42410,174,3626.6,Appartement,2037.33
42410,620,2587.31,Maison,2411.99
42420,220,2815.47,Appartement,2317.43
42420,150,2702.69,Maison,2807.13
42430,62,1294.06,Appartement,1041.67
42430,272,1366.08,Maison,1160.0
42440,32,2755.27,Appartement,1529.23
42440,296,1423.88,Maison,1035.32
42450,143,3763.74,Appartement,2111.11
42450,480,2144.5,Maison,2128.11
42460,41,1978.58,Appartement,1640.0
42460,447,1541.56,Maison,1500.0
42470,63,1850.17,Appartement,1531.65
42470,279,1709.96,Maison,1628.45
42480,174,3348.49,Appartement,2279.6
42480,298,2755.61,Maison,2723.58
42490,124,1765.76,Appartement,1412.56
42490,149,2207.68,Maison,2217.95
42500,493,11950.3,Appartement,1436.67
42500,298,2116.63,Maison,2010.84
42510,98,2150.53,Appartement,1798.03
42510,512,1672.67,Maison,1645.1
42520,112,4385.93,Appartement,2518.55
42520,491,2372.7,Maison,2324.68
42530,360,20968.01,Appartement,2407.74
42530,239,5684.72,Maison,2754.16
42540,33,2740.1,Appartement,2763.16
42540,191,1562.25,Maison,1475.0
42550,60,1867.68,Appartement,1381.44
42550,187,1560.14,Maison,1500.0
42560,27,1919.34,Appartement,2000.0
42560,472,2156.41,Maison,2073.22
42570,95,2898.43,Appartement,1820.0
42570,202,2450.76,Maison,2469.67
42580,150,2977.22,Appartement,2942.08
42580,223,4348.55,Maison,2900.0
42590,41,2456.23,Appartement,2068.97
42590,253,2030.51,Maison,1759.8
42600,1098,3166.84,Appartement,2200.96
42600,1732,2580.24,Maison,2242.28
42610,69,3524.89,Appartement,2163.36
42610,342,2284.77,Maison,2328.77
42620,12,1655.19,Appartement,1311.27
42620,157,1144.7,Maison,1072.84
42630,108,2223.9,Appartement,1429.56
42630,241,1511.15,Maison,1460.53
42640,29,2573.66,Appartement,2157.14
42640,310,1746.58,Maison,1808.18
42650,239,4695.54,Appartement,2437.5
42650,226,2387.2,Maison,2415.12
42660,217,2722.82,Appartement,1818.18
42660,463,2493.24,Maison,2291.18
42670,57,2182.47,Appartement,1372.55
42670,252,1453.28,Maison,1375.0
42680,115,195987.64,Appartement,3099.11
42680,348,2528.21,Maison,2524.24
42700,1340,65403.56,Appartement,1611.76
42700,339,2155.18,Maison,2156.86
42720,98,2912.85,Appartement,1974.58
42720,488,1756.14,Maison,1709.46
42740,151,6879.41,Appartement,2723.08
42740,239,2728.25,Maison,2481.82
42750,47,2281.27,Appartement,2243.24
42750,163,1589.3,Maison,1454.55
42780,20,1986.21,Appartement,2096.88
42780,92,1793.22,Maison,1807.02
42800,960,28508.56,Appartement,2214.85
42800,1187,2671.41,Maison,2643.37
42810,14,1911.36,Appartement,1467.82
42810,123,2219.81,Maison,1839.08
42820,12,1816.96,Appartement,1777.78
42820,170,1924.44,Maison,1708.37
42830,2,1005.49,Appartement,1005.49
42830,89,936.9,Maison,757.58
42840,40,1547.91,Appartement,1338.82
42840,99,2070.86,Maison,1675.0
42890,43,1165.85,Appartement,968.75
42890,116,1299.24,Maison,1254.38
42920,17,1048.94,Appartement,843.75
42920,76,1223.45,Maison,1174.1
42940,15,3385.93,Appartement,2707.69
42940,72,1556.44,Maison,1341.35
42990,14,1654.04,Appartement,1566.67
42990,99,1242.55,Maison,1041.67
43000,2530,3485.09,Appartement,1697.49
43000,785,2055.25,Maison,1878.0
43100,372,3028.15,Appartement,1880.68
43100,917,1375.16,Maison,1318.18
43110,147,2870.24,Appartement,2435.9
43110,333,2312.12,Maison,2139.61
43120,244,2956.29,Appartement,2327.38
43120,486,2202.98,Maison,2230.77
43130,126,2103.97,Appartement,1632.64
43130,302,1491.28,Maison,1525.47
43140,273,2012.53,Appartement,1521.74
43140,218,1783.21,Maison,1805.0
43150,115,2144.33,Appartement,1568.63
43150,402,1470.05,Maison,1315.27
43160,22,1395.05,Appartement,1116.25
43160,288,1136.05,Maison,928.93
43170,41,2562.07,Appartement,1973.68
43170,213,1055.26,Maison,872.14
43190,88,2431.55,Appartement,1583.33
43190,253,1887.59,Maison,1618.75
43200,326,3445.51,Appartement,2678.57
43200,990,1811.62,Maison,1755.66
43210,104,2554.5,Appartement,2166.67
43210,418,1975.4,Maison,1985.47
43220,181,2269.11,Appartement,1583.33
43220,259,1647.78,Maison,1612.41
43230,36,1156.12,Appartement,1195.0
43230,369,1090.09,Maison,940.0
43240,80,2124.04,Appartement,1578.95
43240,184,2136.77,Maison,2162.88
43250,39,1672.99,Appartement,1229.39
43250,354,1366.28,Maison,1321.86
43260,105,2428.31,Appartement,1757.1
43260,503,1847.01,Maison,1755.56
43270,86,3333.5,Appartement,3444.44
43270,255,1073.58,Maison,950.0
43290,71,2173.55,Appartement,1666.67
43290,221,1640.85,Maison,1600.0
43300,160,1779.8,Appartement,1300.0
43300,710,1185.33,Maison,1017.86
43320,7,1040.67,Appartement,647.06
43320,307,1330.43,Maison,1250.0
43330,96,2163.75,Appartement,1825.19
43330,214,2210.13,Maison,2278.24
43340,35,1788.7,Appartement,1203.09
43340,149,1126.32,Maison,1027.03
43350,53,2239.14,Appartement,1875.0
43350,305,1451.96,Maison,1443.51
43360,31,2999.95,Appartement,1958.33
43360,282,1394.0,Maison,1340.66
43370,52,2023.91,Appartement,1847.64
43370,329,1677.62,Maison,1616.79
43380,4,610.54,Appartement,327.32
43380,270,1083.99,Maison,901.39
43390,6,1702.81,Appartement,1592.66
43390,183,1066.85,Maison,939.31
43400,182,2208.7,Appartement,1489.56
43400,252,2238.22,Maison,1851.95
43410,12,2255.93,Appartement,1930.67
43410,164,1484.85,Maison,1175.49
43420,30,1079.06,Appartement,595.82
43420,111,1308.73,Maison,1052.63
43430,36,5494.76,Appartement,2575.0
43430,93,1502.25,Maison,1333.33
43440,107,873.76,Maison,673.08
43450,4,910.09,Appartement,963.83
43450,132,1321.41,Maison,1191.67
43490,28,2615.86,Appartement,2508.44
43490,77,1321.17,Maison,1148.65
43500,185,1790.18,Appartement,1236.36
43500,497,1248.54,Maison,1059.21
43510,10,2293.91,Appartement,2000.0
43510,151,1290.92,Maison,1217.39
43520,40,1607.23,Appartement,1133.33
43520,110,1882.85,Maison,1710.53
43530,7,750.42,Appartement,466.67
43530,60,1403.6,Maison,1150.0
43550,14,1390.45,Appartement,511.9
43550,70,1577.71,Maison,1378.99
43580,24,2050.65,Appartement,1006.33
43580,140,1081.37,Maison,894.44
43590,46,2516.81,Appartement,2342.86
43590,258,1766.2,Maison,1703.26
43600,162,2588.4,Appartement,2090.4
43600,380,1892.53,Maison,1910.86
43620,71,2544.43,Appartement,2250.0
43620,196,1850.13,Maison,1879.7
43700,256,3005.96,Appartement,1822.98
43700,650,1993.27,Maison,1909.09
43750,192,1689.18,Appartement,1494.9
43750,119,2499.06,Maison,1982.5
43770,60,2452.66,Appartement,1820.56
43770,105,2290.31,Maison,2088.89
43800,122,1864.82,Appartement,1533.52
43800,620,1439.29,Maison,1375.83
43810,16,1403.02,Appartement,1146.92
43810,125,1259.2,Maison,1078.43
44000,9969,6695.44,Appartement,4215.69
44000,1218,6002.58,Maison,5369.4
44100,5014,7554.63,Appartement,3833.33
44100,1710,5290.55,Maison,4719.6
44110,406,5113.18,Appartement,2507.41
44110,1737,1782.8,Maison,1635.59
44115,84,3873.72,Appartement,3711.58
44115,768,3842.39,Maison,3533.94
44116,7,5300.39,Appartement,5882.35
44116,353,2555.54,Maison,2200.0
44117,61,4653.3,Appartement,3690.48
44117,511,3834.99,Maison,3306.77
44118,5,2207.23,Appartement,2700.0
44118,455,2952.15,Maison,2833.33
44119,98,3875.79,Appartement,3464.64
44119,935,3106.91,Maison,3155.56
44120,440,5818.91,Appartement,3734.33
44120,1646,4029.82,Maison,3695.65
44130,171,3710.04,Appartement,2333.33
44130,1461,2346.85,Maison,2246.91
44140,72,3486.9,Appartement,2752.36
44140,1252,3055.62,Maison,2647.05
44150,264,3762.96,Appartement,2745.0
44150,815,2571.79,Maison,2413.79
44160,256,5411.33,Appartement,2856.06
44160,1726,2465.47,Maison,2270.12
44170,102,4794.34,Appartement,2879.4
44170,1170,1974.72,Maison,1826.7
44190,154,4385.78,Appartement,3253.07
44190,1460,2721.92,Maison,2626.35
44200,3221,14228.95,Appartement,3453.85
44200,380,4936.84,Maison,4066.1
44210,427,6446.58,Appartement,5046.51
44210,1681,5116.92,Maison,4456.52
44220,505,3220.33,Appartement,3110.0
44220,1335,3415.62,Maison,3217.39
44230,1086,4123.94,Appartement,3349.7
44230,1252,3924.89,Maison,3727.67
44240,376,3817.88,Appartement,3545.23
44240,1466,4087.09,Maison,3656.53
44250,733,8239.3,Appartement,4307.69
44250,1405,4452.66,Maison,3928.57
44260,135,5400.53,Appartement,3191.79
44260,1389,2668.49,Maison,2598.38
44270,104,17500.73,Appartement,2640.62
44270,1055,2847.34,Maison,2296.7
44290,64,3806.86,Appartement,3222.22
44290,898,1637.64,Maison,1505.89
44300,6521,5577.43,Appartement,3385.71
44300,2644,4773.44,Maison,4094.08
44310,35,5061.72,Appartement,3238.1
44310,1290,5608.46,Maison,2600.0
44320,86,3922.71,Appartement,3026.32
44320,1506,2801.68,Maison,2694.88
44330,101,3267.67,Appartement,2928.57
44330,1330,2710.24,Maison,2638.49
44340,326,3630.21,Appartement,3274.15
44340,1100,3293.36,Maison,3103.15
44350,408,5200.33,Appartement,4095.45
44350,1441,4235.4,Maison,3500.0
44360,91,4143.6,Appartement,3222.22
44360,1291,3045.86,Maison,2903.5
44370,41,4416.83,Appartement,3162.16
44370,685,1978.93,Maison,1838.24
44380,1164,7610.41,Appartement,6150.45
44380,928,6754.07,Maison,5190.17
44390,92,4808.22,Appartement,3366.67
44390,1389,2652.8,Maison,2532.26
44400,1956,3598.0,Appartement,2802.03
44400,1816,3976.6,Maison,3660.62
44410,86,4891.05,Appartement,3680.71
44410,1645,2803.94,Maison,2613.64
44420,350,6344.38,Appartement,4800.0
44420,1422,4453.09,Maison,4022.61
44430,94,4234.15,Appartement,3232.56
44430,758,3051.49,Maison,2698.91
44440,31,2628.65,Appartement,1697.25
44440,676,2018.42,Maison,1813.66
44450,61,3546.61,Appartement,3234.38
44450,850,3028.29,Maison,2875.99
44460,64,3690.94,Appartement,2545.81
44460,782,1764.07,Maison,1685.39
44470,781,5700.57,Appartement,3500.0
44470,1657,3570.43,Maison,3395.06
44480,69,3726.67,Appartement,2876.71
44480,677,2408.51,Maison,2150.54
44490,488,5243.9,Appartement,4391.78
44490,401,5339.3,Maison,4487.18
44500,2534,7701.12,Appartement,6513.87
44500,1499,7361.11,Maison,5795.45
44510,487,10107.81,Appartement,5275.86
44510,481,6816.46,Maison,5482.14
44520,22,1803.99,Appartement,1832.14
44520,609,2423.21,Maison,1500.0
44521,3,4359.79,Appartement,2357.14
44521,450,2566.3,Maison,2459.34
44522,5,3242.72,Appartement,2750.0
44522,428,2124.81,Maison,2168.08
44530,32,4098.98,Appartement,3260.0
44530,1114,2124.77,Maison,1981.49
44540,36,2996.39,Appartement,2530.77
44540,255,1638.1,Maison,1458.33
44550,168,4459.78,Appartement,2729.02
44550,636,13808.05,Maison,2427.92
44560,223,3944.56,Appartement,2058.14
44560,431,2575.38,Maison,2528.74
44570,200,6016.43,Appartement,2998.07
44570,530,2683.16,Maison,2418.5
44580,20,4230.73,Appartement,2808.33
44580,444,2489.43,Maison,2437.14
44590,36,4488.08,Appartement,3468.98
44590,763,1952.93,Maison,1538.46
44600,4205,4262.16,Appartement,3051.88
44600,3002,3756.05,Maison,3000.0
44610,117,3578.81,Appartement,3016.95
44610,231,3450.74,Maison,3444.44
44620,48,3719.66,Appartement,3183.5
44620,411,3164.14,Maison,3066.87
44630,37,4394.2,Appartement,4375.0
44630,651,2017.84,Maison,1829.79
44640,99,3746.94,Appartement,3000.0
44640,1141,2880.76,Maison,2815.53
44650,28,3836.17,Appartement,3132.18
44650,932,2178.75,Maison,1996.57
44660,10,1481.0,Appartement,1598.31
44660,370,1431.1,Maison,1285.71
44670,11,3472.92,Appartement,739.73
44670,316,1851.13,Maison,1243.13
44680,40,5518.33,Appartement,3372.4
44680,1044,2826.93,Maison,2693.39
44690,36,3727.59,Appartement,2700.02
44690,906,2822.99,Maison,2795.7
44700,838,3358.35,Appartement,2898.98
44700,1194,4186.55,Maison,3703.81
44710,47,3928.79,Appartement,2807.02
44710,347,3134.51,Maison,2855.77
44720,10,2200.95,Appartement,2454.82
44720,379,2326.59,Maison,2073.63
44730,162,5713.55,Appartement,4254.63
44730,664,4331.68,Maison,4028.89
44740,114,5502.79,Appartement,4800.4
44740,408,5263.15,Maison,4750.0
44750,11,2945.47,Appartement,2271.43
44750,450,2299.51,Maison,2171.17
44760,118,4819.21,Appartement,4398.61
44760,716,4686.77,Maison,4153.08
44770,85,4154.94,Appartement,3950.0
44770,908,4671.97,Maison,4052.57
44780,39,6186.51,Appartement,4833.33
44780,583,2432.47,Maison,2178.57
44800,2739,2666.37,Appartement,2593.75
44800,1435,4328.89,Maison,3425.93
44810,30,11742.39,Appartement,5400.0
44810,513,2959.75,Maison,2666.49
44830,116,3291.81,Appartement,3284.27
44830,636,3356.95,Maison,3085.11
44840,158,3712.28,Appartement,3373.08
44840,487,3473.91,Maison,3278.69
44850,74,11489.57,Appartement,6666.67
44850,1073,2818.26,Maison,2633.33
44860,20,10266.02,Appartement,7285.71
44860,735,3167.14,Maison,3018.87
44880,154,4160.32,Appartement,3768.2
44880,541,3989.16,Maison,3727.27
44980,441,15584.65,Appartement,3552.08
44980,713,3849.92,Maison,3500.0
45000,7058,5971.59,Appartement,2871.11
45000,1548,3344.53,Maison,2793.29
45100,1867,3782.48,Appartement,2406.25
45100,891,2911.55,Maison,2471.43
45110,299,2288.91,Appartement,1714.29
45110,1079,2030.12,Maison,1881.19
45120,191,2650.71,Appartement,1942.0
45120,1230,1741.51,Maison,1600.0
45130,166,2873.72,Appartement,2019.3
45130,1316,2088.26,Maison,1953.99
45140,649,2280.81,Appartement,1784.62
45140,1366,2590.29,Maison,2252.82
45150,79,2875.5,Appartement,2244.9
45150,569,2120.81,Maison,1994.67
45160,1193,8809.55,Appartement,2700.0
45160,1355,4724.76,Maison,2733.64
45170,60,2614.56,Appartement,1489.57
45170,912,1904.61,Maison,1846.15
45190,356,5116.2,Appartement,1726.18
45190,868,2838.26,Maison,1803.98
45200,1326,4377.08,Appartement,1682.75
45200,1653,1847.23,Maison,1666.67
45210,48,6558.43,Appartement,4166.67
45210,1665,1808.41,Maison,1666.67
45220,95,4240.55,Appartement,3100.0
45220,1367,1577.7,Maison,1400.0
45230,55,2827.37,Appartement,1875.0
45230,982,1492.67,Maison,1220.47
45240,139,11304.44,Appartement,3500.0
45240,1151,3060.57,Maison,2113.4
45250,134,2793.64,Appartement,2208.61
45250,626,1791.84,Maison,1441.36
45260,42,3210.58,Appartement,2500.0
45260,1075,2186.34,Maison,1534.48
45270,88,1073.52,Appartement,2.0
45270,719,1546.21,Maison,1407.69
45290,35,3458.33,Appartement,3333.33
45290,929,1797.88,Maison,1483.52
45300,468,5196.02,Appartement,2217.39
45300,1922,1966.03,Maison,1666.67
45310,12,1577.98,Appartement,1571.69
45310,497,1647.42,Maison,1687.5
45320,64,3701.05,Appartement,2903.5
45320,1044,1682.43,Maison,1569.77
45330,222,3008.13,Appartement,1723.18
45330,456,2139.81,Maison,1929.13
45340,47,1933.61,Appartement,1666.67
45340,1167,1770.99,Maison,1484.52
45360,51,3243.51,Appartement,1687.5
45360,456,1435.92,Maison,1216.74
45370,6,11249.12,Appartement,3269.47
45370,633,3035.16,Maison,2210.14
45380,369,3960.0,Appartement,2153.85
45380,858,2658.38,Maison,2291.99
45390,105,6437.99,Appartement,3999.38
45390,709,2168.73,Maison,1707.33
45400,892,15989.21,Appartement,2306.79
45400,1101,2534.63,Maison,2343.75
45410,69,2454.59,Appartement,1757.53
45410,231,1896.39,Maison,1720.43
45420,30,1150.96,Appartement,896.08
45420,316,1355.89,Maison,1134.62
45430,74,2890.21,Appartement,2187.14
45430,872,2405.02,Maison,2282.05
45450,54,4864.12,Appartement,2020.45
45450,641,2124.83,Maison,1990.33
45460,36,13943.6,Appartement,17260.27
45460,716,1870.61,Maison,1682.18
45470,26,11003.78,Appartement,11637.93
45470,586,2278.64,Maison,2051.82
45480,13,2691.68,Appartement,2583.33
45480,523,1789.04,Maison,1671.3
45490,12,2173.94,Appartement,2222.22
45490,446,1620.15,Maison,1466.67
45500,989,52034.1,Appartement,10166.67
45500,1667,3145.3,Maison,1406.78
45510,16,2453.66,Appartement,1821.32
45510,637,3951.44,Maison,1905.88
45520,25,2396.26,Appartement,2142.86
45520,381,2148.02,Maison,1986.3
45530,7,5372.92,Appartement,7456.14
45530,454,2105.6,Maison,1824.16
45550,43,5615.94,Appartement,2500.0
45550,221,2305.89,Maison,2057.47
45560,31,2819.19,Appartement,2545.45
45560,543,2756.72,Maison,2660.5
45570,34,6060.11,Appartement,4380.21
45570,453,6451.5,Maison,1546.39
45590,43,18980.12,Appartement,9615.37
45590,214,3325.36,Maison,2500.0
45600,131,4109.35,Appartement,2327.59
45600,958,2507.75,Maison,1612.7
45620,8,1571.34,Appartement,1568.67
45620,230,3282.24,Maison,1343.15
45630,14,1862.01,Appartement,1885.0
45630,303,1459.4,Maison,1209.68
45640,43,9127.56,Appartement,6865.67
45640,302,2507.03,Maison,2377.99
45650,441,4550.27,Appartement,2375.0
45650,410,2844.27,Maison,2546.71
45680,12,3975.55,Appartement,3631.33
45680,304,2104.78,Maison,1937.87
45700,98,7693.59,Appartement,2475.0
45700,1635,2102.57,Maison,1702.59
45720,18,2023.83,Appartement,2058.82
45720,227,2297.77,Maison,1490.0
45730,4,2473.64,Appartement,2250.54
45730,228,2317.69,Maison,1800.0
45740,10,2071.66,Appartement,1885.18
45740,270,2243.31,Maison,1918.8
45750,96,3640.67,Appartement,2442.15
45750,352,2896.16,Maison,2547.42
45760,17,3109.56,Appartement,2044.12
45760,390,2368.23,Maison,2267.44
45770,295,3350.67,Appartement,1823.53
45770,761,3346.04,Maison,2359.76
45800,920,6795.12,Appartement,2060.1
45800,880,3271.63,Maison,2394.59
46000,1548,3526.68,Appartement,1788.35
46000,1193,2017.76,Maison,1785.71
46090,111,2833.62,Appartement,2142.86
46090,1257,1987.89,Maison,1785.71
46100,650,3554.42,Appartement,2050.64
46100,1367,2006.21,Maison,1808.51
46110,41,1459.21,Appartement,1282.05
46110,614,2143.83,Maison,1741.94
46120,64,5140.19,Appartement,3842.86
46120,531,1742.11,Maison,1445.45
46130,103,3130.6,Appartement,2642.14
46130,818,1743.47,Maison,1547.57
46140,72,5232.79,Appartement,3655.04
46140,774,2073.63,Maison,1728.48
46150,50,2892.44,Appartement,2086.99
46150,646,2146.56,Maison,1851.85
46160,31,4058.01,Appartement,3246.75
46160,398,2955.27,Maison,2033.97
46170,33,2848.09,Appartement,2181.82
46170,352,2133.67,Maison,1725.71
46190,10,1095.58,Appartement,996.58
46190,166,2723.68,Maison,1044.3
46200,323,7676.88,Appartement,2983.87
46200,737,1875.19,Maison,1608.18
46210,48,3233.58,Appartement,3125.0
46210,237,1403.8,Maison,1200.0
46220,34,1945.66,Appartement,1768.46
46220,410,2339.96,Maison,1941.49
46230,9,10992.43,Appartement,5636.94
46230,535,2395.64,Maison,1960.78
46240,18,2062.51,Appartement,1422.95
46240,273,1892.43,Maison,1585.76
46250,8,2929.08,Appartement,2481.75
46250,385,2622.81,Maison,1967.14
46260,16,2318.25,Appartement,1816.87
46260,408,2345.7,Maison,1659.91
46270,17,1700.27,Appartement,1607.14
46270,263,1381.93,Maison,1282.09
46300,261,3869.08,Appartement,1998.96
46300,1145,2095.92,Maison,1806.53
46310,6,2212.43,Appartement,979.02
46310,254,1953.88,Maison,1714.99
46320,33,9357.88,Appartement,11645.26
46320,374,1792.89,Maison,1698.23
46330,3,2165.06,Appartement,2166.67
46330,318,2181.54,Maison,1692.24
46340,19,2706.9,Appartement,1666.67
46340,272,1999.29,Maison,1689.92
46350,12,2273.16,Appartement,2119.06
46350,281,1984.63,Maison,1750.0
46360,129,2015.49,Maison,1744.94
46400,209,3205.43,Appartement,2278.48
46400,580,1695.33,Maison,1538.46
46500,127,2627.27,Appartement,1585.37
46500,850,2062.85,Maison,1617.52
46600,41,3099.97,Appartement,2271.43
46600,612,2123.19,Maison,1815.34
46700,75,4187.44,Appartement,2388.89
46700,1006,2465.65,Maison,1768.35
46800,26,2980.42,Appartement,1637.1
46800,511,2667.26,Maison,1830.77
47000,3491,4100.86,Appartement,1973.68
47000,1371,2111.31,Maison,1805.0
47110,97,3128.36,Appartement,2487.18
47110,907,1906.21,Maison,1518.18
47120,93,7312.22,Appartement,5016.67
47120,895,2541.75,Maison,1725.84
47130,41,2631.46,Appartement,1900.0
47130,510,1642.82,Maison,1419.56
47140,60,2129.2,Appartement,1500.0
47140,997,2905.53,Maison,1834.06
47150,57,2236.89,Appartement,875.0
47150,867,2165.72,Maison,1630.0
47160,61,2443.98,Appartement,1412.16
47160,550,1497.22,Maison,1387.25
47170,43,2598.9,Appartement,1893.94
47170,508,1788.29,Maison,1250.0
47180,54,2037.87,Appartement,1428.57
47180,669,1601.69,Maison,1582.73
47190,112,2352.81,Appartement,2120.0
47190,497,1533.46,Maison,1319.44
47200,832,4228.91,Appartement,1624.67
47200,2438,14397.09,Maison,1753.34
47210,20,3305.99,Appartement,2713.59
47210,642,2403.08,Maison,1827.78
47220,21,3294.95,Appartement,2783.51
47220,378,1742.37,Maison,1614.82
47230,105,2650.85,Appartement,1958.33
47230,850,1751.99,Maison,1480.39
47240,106,2433.36,Appartement,1733.49
47240,820,2002.24,Maison,1946.11
47250,16,2494.05,Appartement,2246.27
47250,478,1635.96,Maison,1630.4
47260,19,2438.11,Appartement,2156.86
47260,445,1990.42,Maison,1404.49
47270,19,2241.97,Appartement,1684.68
47270,573,2025.28,Maison,1797.44
47290,41,3307.09,Appartement,1639.86
47290,532,1654.8,Maison,1456.31
47300,1005,2540.96,Appartement,1465.62
47300,3162,1717.44,Maison,1515.15
47310,87,2481.3,Appartement,1975.61
47310,1182,2106.73,Maison,2050.92
47320,84,1748.4,Appartement,1072.5
47320,393,1570.35,Maison,1263.16
47330,30,2186.29,Appartement,1953.85
47330,419,2088.51,Maison,1490.8
47340,22,2506.7,Appartement,2208.33
47340,653,2220.42,Maison,1916.67
47350,35,1120.35,Appartement,1160.71
47350,392,1669.83,Maison,1581.63
47360,11,2749.07,Appartement,2622.73
47360,499,2151.93,Maison,1704.92
47370,2,3624.41,Appartement,3624.41
47370,369,2618.95,Maison,1776.32
47380,21,3335.0,Appartement,3074.36
47380,450,1874.49,Maison,1520.4
47390,80,2279.38,Appartement,1764.91
47390,300,1780.47,Maison,1826.36
47400,309,3196.66,Appartement,1461.54
47400,1345,1422.57,Maison,1316.67
47410,4,6144.7,Appartement,6115.15
47410,348,2115.26,Maison,1703.3
47420,7,1284.25,Appartement,878.38
47420,169,1923.84,Maison,1466.26
47430,17,2122.85,Appartement,1483.33
47430,335,1562.66,Maison,1428.57
47440,56,3374.8,Appartement,3153.67
47440,238,1653.91,Maison,1433.04
47450,59,3730.94,Appartement,3732.14
47450,375,1965.06,Maison,1875.0
47470,238,1915.39,Maison,1594.16
47480,38,2976.01,Appartement,1849.45
47480,488,1874.47,Maison,1887.59
47500,171,4772.85,Appartement,1973.68
47500,1710,1736.75,Maison,1373.38
47510,61,19593.5,Appartement,27536.23
47510,463,2228.59,Maison,2068.97
47520,285,2421.16,Appartement,1625.0
47520,821,1956.79,Maison,1863.64
47550,64,2927.92,Appartement,2004.3
47550,371,2144.76,Maison,1982.14
47600,286,2816.9,Appartement,1810.13
47600,976,1705.86,Maison,1524.03
47700,197,3654.45,Appartement,2028.3
47700,770,12640.51,Maison,1766.87
47800,87,2101.43,Appartement,1189.19
47800,1102,1659.63,Maison,1419.75
48000,857,65567.81,Appartement,2771.43
48000,569,3189.15,Maison,1975.0
48100,480,3865.18,Appartement,2000.0
48100,504,1807.64,Maison,1472.97
48110,21,2018.18,Appartement,1352.94
48110,94,2292.4,Maison,1968.63
48120,45,2196.63,Appartement,1714.29
48120,147,1354.5,Maison,1220.0
48130,31,3378.95,Appartement,2800.0
48130,127,1383.0,Maison,1239.65
48140,29,2032.33,Appartement,1738.64
48140,121,1537.1,Maison,1441.44
48150,27,2376.05,Appartement,1628.57
48150,94,1861.22,Maison,1427.73
48160,49,3392.39,Appartement,2909.09
48160,121,2773.77,Maison,2229.33
48170,16,1304.56,Appartement,1144.18
48170,107,1456.31,Maison,1188.89
48190,39,2575.25,Appartement,1466.67
48190,133,1483.78,Maison,1312.5
48200,178,3732.55,Appartement,2300.0
48200,331,1609.43,Maison,1536.02
48210,22,4345.36,Appartement,2549.35
48210,136,2170.0,Maison,1786.32
48220,23,2383.38,Appartement,1152.78
48220,126,1706.41,Maison,1393.38
48230,28,3738.45,Appartement,2206.92
48230,126,1728.86,Maison,1542.57
48240,8,1818.39,Appartement,1759.06
48240,92,2558.35,Maison,2081.67
48250,42,2590.41,Appartement,1816.5
48250,88,1535.47,Maison,1342.19
48260,15,5538.97,Appartement,6547.62
48260,56,2216.5,Maison,1457.13
48270,2,2102.0,Appartement,2102.0
48270,7,1258.93,Maison,1275.26
48300,261,2349.0,Appartement,1596.24
48300,214,1358.53,Maison,1284.4
48310,12,2707.67,Appartement,3110.0
48310,81,1389.93,Maison,1388.89
48320,26,3040.09,Appartement,1780.0
48320,106,1836.59,Maison,1749.83
48330,9,1673.46,Appartement,1888.89
48330,60,3150.77,Maison,2238.04
48340,6,3515.37,Appartement,3587.91
48340,92,1741.71,Maison,1582.4
48370,10,769.67,Appartement,733.33
48370,41,2474.14,Maison,2058.76
48400,71,2863.14,Appartement,2049.18
48400,267,1811.36,Maison,1703.12
48500,71,3082.52,Appartement,2816.67
48500,281,1855.43,Maison,1641.79
48600,26,1376.31,Appartement,1228.41
48600,171,1221.92,Maison,989.58
48700,34,1236.67,Appartement,692.31
48700,171,1327.59,Maison,1104.35
48800,81,2538.13,Appartement,1875.0
48800,144,1682.3,Maison,1483.7
49000,4306,4826.04,Appartement,2959.09
49000,1976,4154.37,Maison,3150.0
49070,57,8177.76,Appartement,4545.45
49070,455,3558.59,Maison,2773.11
49080,37,9240.77,Appartement,3294.87
49080,421,4137.5,Maison,3214.29
49100,7340,9331.9,Appartement,3658.54
49100,1558,3708.02,Maison,3376.98
49110,27,9939.18,Appartement,2083.33
49110,964,3219.5,Maison,1571.43
49112,31,33939.51,Appartement,2427.54
49112,147,4013.87,Maison,2415.73
49120,103,9482.84,Appartement,3375.0
49120,1105,1882.31,Maison,1774.19
49122,48,1798.12,Appartement,1388.89
49122,368,2087.38,Maison,1790.01
49123,28,4339.33,Appartement,3433.79
49123,277,2085.95,Maison,1858.97
49124,183,2917.04,Appartement,2682.93
49124,579,2845.49,Maison,2797.62
49125,122,5007.8,Appartement,2300.0
49125,744,2490.53,Maison,2273.73
49130,349,6509.03,Appartement,3081.4
49130,777,3627.02,Maison,2954.55
49140,76,7007.05,Appartement,3090.19
49140,1488,2512.51,Maison,2114.39
49150,132,3921.42,Appartement,2504.51
49150,1316,1780.7,Maison,1528.06
49160,46,23938.43,Appartement,3409.09
49160,957,4662.34,Maison,1656.05
49170,71,5513.49,Appartement,3955.56
49170,964,2584.97,Maison,2371.44
49190,69,4353.58,Appartement,3522.73
49190,358,2523.21,Maison,2244.4
49220,104,4319.18,Appartement,3451.57
49220,950,2810.67,Maison,2111.59
49230,27,44754.91,Appartement,55281.54
49230,639,5307.82,Maison,2076.92
49240,596,4759.72,Appartement,2931.73
49240,682,4212.03,Maison,3075.5
49250,171,11322.4,Appartement,5222.22
49250,1238,2915.77,Maison,1930.65
49260,73,5311.74,Appartement,3194.44
49260,1073,2134.72,Maison,1500.0
49270,46,7139.16,Appartement,5433.47
49270,948,4614.68,Maison,2217.69
49280,20,4055.82,Appartement,2812.86
49280,760,3757.69,Maison,2142.86
49290,214,5281.69,Appartement,3217.93
49290,675,17783.8,Maison,2274.19
49300,1881,3671.85,Appartement,2230.77
49300,3079,6914.62,Maison,2205.93
49310,56,20310.08,Appartement,3501.99
49310,719,3429.92,Maison,1500.0
49320,67,4962.79,Appartement,3013.7
49320,988,2605.07,Maison,2273.7
49330,95,3983.7,Appartement,2202.78
49330,1036,1805.2,Maison,1708.33
49340,18,2921.97,Appartement,2723.47
49340,498,2677.77,Maison,1818.18
49350,43,6431.05,Appartement,4000.0
49350,723,2327.95,Maison,1904.35
49360,10,1759.2,Appartement,1404.76
49360,590,3537.28,Maison,1689.75
49370,25,4572.36,Appartement,3243.24
49370,783,2392.13,Maison,2077.72
49380,25,3314.25,Appartement,2638.14
49380,552,2233.52,Maison,1920.44
49390,4,761.48,Appartement,806.29
49390,671,1608.03,Maison,1384.62
49400,1941,5854.53,Appartement,2107.14
49400,2320,2298.35,Maison,1924.61
49410,63,2916.91,Appartement,2541.19
49410,664,7888.98,Maison,1774.17
49420,62,3831.13,Appartement,2600.92
49420,512,1412.34,Maison,1157.28
49430,24,3132.81,Appartement,3035.71
49430,583,1827.72,Maison,1507.94
49440,64,3423.44,Appartement,2996.54
49440,520,1557.46,Maison,1490.94
49450,25,16339.03,Appartement,3833.33
49450,1004,2509.74,Maison,1956.52
49460,107,3464.75,Appartement,2627.91
49460,819,3808.83,Maison,2650.6
49480,22,3586.39,Appartement,2812.49
49480,345,3343.8,Maison,2662.5
49490,14,1590.92,Appartement,446.43
49490,618,1293.39,Maison,1091.57
49500,311,7219.81,Appartement,2170.21
49500,1085,1781.07,Maison,1621.62
49510,17,16777.0,Appartement,3807.69
49510,411,2301.95,Maison,1695.24
49520,48,10078.24,Appartement,6666.67
49520,799,1416.33,Maison,1304.35
49530,14,4340.88,Appartement,4208.75
49530,424,4551.14,Maison,2069.82
49540,13,3107.02,Appartement,1607.14
49540,293,1716.23,Maison,1605.84
49560,4,2029.02,Appartement,1406.25
49560,204,1546.42,Maison,1180.61
49570,58,3987.14,Appartement,3302.0
49570,250,17253.45,Maison,2174.32
49590,100,1428.18,Maison,1250.0
49600,320,3879.3,Appartement,1270.37
49600,1174,2431.13,Maison,1855.67
49610,141,9617.96,Appartement,3048.39
49610,919,2804.52,Maison,2666.67
49620,13,5448.37,Appartement,4428.57
49620,251,2096.93,Maison,1933.96
49630,37,5966.45,Appartement,4200.0
49630,738,2301.73,Maison,2078.85
49640,10,1608.5,Appartement,1645.85
49640,347,1718.3,Maison,1506.21
49650,21,3059.92,Appartement,2666.67
49650,457,2377.27,Maison,1754.39
49660,5,2213.89,Appartement,1900.0
49660,159,1821.53,Maison,1802.33
49670,8,2507.02,Appartement,2322.8
49670,158,1572.27,Maison,1480.0
49680,15,2148.24,Appartement,1746.03
49680,360,2371.84,Maison,1770.03
49690,5,2004.56,Appartement,1105.26
49690,119,1779.88,Maison,1600.0
49700,127,10458.33,Appartement,4100.0
49700,1215,3979.33,Maison,1819.67
49710,7,1588.72,Appartement,1276.6
49710,126,1914.61,Maison,1902.49
49730,20,3045.09,Appartement,1785.71
49730,300,2100.35,Maison,1818.18
49740,1,1414.89,Appartement,1414.89
49740,137,1859.5,Maison,1853.93
49750,35,4104.46,Appartement,2352.94
49750,427,2002.69,Maison,1867.47
49770,52,5739.63,Appartement,4905.66
49770,367,2475.08,Maison,2464.29
49800,284,4844.16,Appartement,2607.44
49800,1629,2644.19,Maison,2484.38
50000,948,3170.82,Appartement,1654.05
50000,1111,2109.37,Maison,1702.13
50100,1742,5947.42,Appartement,2857.14
50100,779,2485.66,Maison,2243.9
50110,390,3638.08,Appartement,2495.9
50110,1253,2398.43,Maison,2317.07
50120,321,4012.4,Appartement,2457.14
50120,840,2460.76,Maison,2300.44
50130,196,2620.99,Appartement,2100.0
50130,512,2291.05,Maison,2294.77
50140,102,3169.54,Appartement,1381.94
50140,884,1530.1,Maison,1209.68
50150,72,5441.95,Appartement,3050.0
50150,773,1596.33,Maison,1277.78
50160,41,4155.3,Appartement,3775.51
50160,778,1570.1,Maison,1485.29
50170,127,6428.33,Appartement,2500.0
50170,787,3357.55,Maison,1724.14
50180,107,2196.04,Appartement,1708.33
50180,514,1792.09,Maison,1713.12
50190,28,3206.73,Appartement,2009.26
50190,847,1441.38,Maison,1410.0
50200,395,3607.71,Appartement,2215.38
50200,1384,2147.37,Maison,1874.78
50210,1,967.74,Appartement,967.74
50210,561,1500.28,Maison,1352.94
50220,31,8949.17,Appartement,7750.0
50220,812,1985.23,Maison,1727.78
50230,52,4979.96,Appartement,4151.98
50230,465,4366.86,Maison,3676.47
50240,51,4605.22,Appartement,3500.0
50240,888,1443.24,Maison,1326.85
50250,51,11159.81,Appartement,5285.71
50250,1104,1829.78,Maison,1562.5
50260,123,6714.05,Appartement,7843.94
50260,892,2004.87,Maison,1881.07
50270,201,7986.62,Appartement,4269.23
50270,929,3077.8,Maison,2681.82
50290,87,3688.97,Appartement,2777.78
50290,839,2791.38,Maison,2650.94
50300,435,4443.84,Appartement,2415.49
50300,1447,2470.03,Maison,2066.67
50310,32,4125.58,Appartement,3027.78
50310,548,2197.85,Maison,1829.08
50320,54,3438.47,Appartement,2609.76
50320,694,1928.47,Maison,1838.89
50330,31,4008.02,Appartement,3177.14
50330,578,3282.32,Maison,2020.29
50340,40,5933.92,Appartement,5029.84
50340,1115,2646.98,Maison,2200.0
50350,166,8821.14,Appartement,3681.25
50350,253,3598.54,Maison,3357.14
50360,19,2905.07,Appartement,2434.78
50360,358,1715.76,Maison,1550.97
50370,42,3662.32,Appartement,3562.59
50370,730,1597.4,Maison,1372.02
50380,146,4264.79,Appartement,3939.29
50380,534,3691.76,Maison,3277.36
50390,33,4522.96,Appartement,3902.44
50390,496,1726.93,Maison,1580.36
50400,1158,4554.38,Appartement,3750.0
50400,914,3601.73,Maison,3000.0
50410,8,1513.17,Appartement,1000.0
50410,755,1399.47,Maison,1238.74
50420,24,4536.35,Appartement,3965.49
50420,690,1616.62,Maison,1344.83
50430,9,1277.19,Appartement,1174.6
50430,681,2134.16,Maison,1888.11
50440,9,5654.62,Appartement,5400.0
50440,571,2408.31,Maison,2162.3
50450,10,1912.33,Appartement,2045.45
50450,673,1621.56,Maison,1500.0
50460,109,3378.78,Appartement,3030.3
50460,430,3897.46,Maison,2529.91
50470,198,2470.64,Appartement,1834.84
50470,486,2436.82,Maison,2278.98
50480,36,4402.12,Appartement,3706.45
50480,678,2061.47,Maison,1792.16
50490,14,17909.78,Appartement,23750.0
50490,522,1527.89,Maison,1398.2
50500,225,3276.61,Appartement,2059.52
50500,1299,1784.88,Maison,1538.46
50510,14,3723.88,Appartement,4103.12
50510,525,2068.69,Maison,1842.11
50520,16,1979.46,Appartement,1829.47
50520,652,1302.44,Maison,1116.36
50530,41,4195.09,Appartement,2421.05
50530,955,2729.24,Maison,2291.67
50540,570,1625.4,Maison,1264.49
50550,46,4057.84,Appartement,3510.72
50550,197,2920.32,Maison,2600.0
50560,19,6095.03,Appartement,6296.3
50560,535,2996.02,Maison,2633.33
50570,13,2394.23,Appartement,2305.08
50570,742,1531.63,Maison,1413.04
50580,6,5664.56,Appartement,6716.78
50580,574,2573.14,Maison,2305.16
50590,25,4665.83,Appartement,3821.43
50590,381,3255.26,Maison,2758.33
50600,158,3481.97,Appartement,2120.0
50600,1172,2107.64,Maison,1432.99
50610,60,5352.85,Appartement,3991.02
50610,405,3825.98,Maison,3471.26
50620,3,1068.41,Appartement,1108.43
50620,742,1728.2,Maison,1352.94
50630,26,3478.12,Appartement,2923.08
50630,389,2115.31,Maison,1892.86
50640,10,1121.26,Appartement,753.69
50640,697,1643.51,Maison,1131.94
50660,8,4442.23,Appartement,2162.17
50660,728,2179.04,Maison,1954.68
50670,521,1686.3,Maison,1254.22
50680,3,21309.76,Appartement,1818.18
50680,685,1843.58,Maison,1413.04
50690,9,6309.4,Appartement,3289.47
50690,664,3285.37,Maison,2246.12
50700,167,4925.91,Appartement,3000.0
50700,1162,2173.59,Maison,1991.87
50710,7,2216.51,Appartement,2141.94
50710,185,1930.87,Maison,1764.71
50720,10,1239.53,Appartement,658.33
50720,313,1239.63,Maison,1057.69
50730,434,1498.96,Maison,1341.46
50740,23,6080.79,Appartement,5707.14
50740,105,3978.41,Maison,3472.22
50750,8,3058.49,Appartement,2836.47
50750,1002,1671.76,Maison,1457.14
50760,37,4508.81,Appartement,3235.29
50760,471,2683.86,Maison,2287.23
50770,4,3047.75,Appartement,2456.52
50770,268,2706.56,Maison,2446.25
50800,162,3054.62,Appartement,2537.78
50800,1417,1690.34,Maison,1466.67
50810,487,1595.53,Maison,1544.64
50840,153,3142.26,Maison,2518.99
50850,1,1000.0,Appartement,1000.0
50850,152,1186.75,Maison,1075.19
50860,157,4706.32,Maison,1250.0
50870,318,1891.75,Maison,1660.26
50880,38,5145.98,Appartement,1164.06
50880,263,1445.58,Maison,1428.57
50890,6,3389.12,Appartement,3714.29
50890,295,1554.64,Maison,1525.42
51000,3289,59984.53,Appartement,2347.0
51000,1144,1925.35,Maison,1773.42
51100,14700,43447.75,Appartement,3041.08
51100,3037,3474.84,Maison,2714.29
51110,55,2164.28,Appartement,1300.0
51110,683,2408.49,Maison,2281.82
51120,147,2976.0,Appartement,1727.79
51120,754,1675.29,Maison,1386.42
51130,42,7182.9,Appartement,6587.47
51130,514,1674.46,Maison,1569.26
51140,46,5840.24,Appartement,4750.0
51140,573,2653.88,Maison,2391.3
51150,18,9988.45,Appartement,4246.32
51150,593,1974.77,Maison,1868.79
51160,128,5148.52,Appartement,2531.25
51160,453,2264.95,Maison,2043.48
51170,100,4379.35,Appartement,2190.93
51170,754,2100.88,Maison,1877.02
51190,43,7288.1,Appartement,7066.67
51190,247,2211.61,Maison,1949.15
51200,1578,2830.74,Appartement,1858.73
51200,766,2414.7,Maison,2161.99
51210,58,2902.26,Appartement,2632.39
51210,540,1539.44,Maison,1394.44
51220,25,4419.48,Appartement,2830.51
51220,557,2512.57,Maison,2392.03
51230,45,2417.36,Appartement,1858.97
51230,444,1440.86,Maison,1131.17
51240,28,2134.9,Appartement,2450.0
51240,451,1640.4,Maison,1637.93
51250,60,1688.04,Appartement,1556.2
51250,163,990.0,Maison,928.57
51260,7,901.37,Appartement,980.77
51260,632,1416.23,Maison,1315.04
51270,32,6776.29,Appartement,1336.67
51270,333,1706.54,Maison,1296.05
51290,11,3187.43,Appartement,902.78
51290,378,52156.15,Maison,1385.5
51300,3582,1841341.84,Appartement,1812230.67
51300,1765,306389.86,Maison,1445.38
51310,28,4859.07,Appartement,4024.99
51310,423,1635.72,Maison,1511.76
51320,14,1089384.8,Appartement,1040062.82
51320,220,37176.53,Maison,1233.59
51330,14,1290.03,Appartement,904.17
51330,269,1002.35,Maison,898.6
51340,64,2757254.07,Appartement,3858297.55
51340,311,127968.61,Maison,1061.64
51350,290,3764.42,Appartement,3343.36
51350,319,2937.24,Maison,2743.9
51360,1,4593.33,Appartement,4593.33
51360,220,2351.94,Maison,2162.99
51370,137,3661.08,Appartement,2989.8
51370,284,2917.04,Maison,2871.35
51380,1,1264.15,Appartement,1264.15
51380,140,2177.34,Maison,1966.04
51390,3,1878.44,Appartement,801.98
51390,291,3476.92,Maison,2947.18
51400,78,3176.14,Appartement,1938.22
51400,553,1905.27,Maison,1897.69
51420,51,2584.05,Appartement,2296.3
51420,331,2678.05,Maison,2535.49
51430,1024,7918.36,Appartement,3631.42
51430,501,6133.45,Maison,2850.47
51450,161,2409.22,Appartement,2241.38
51450,362,2717.78,Maison,2639.67
51460,17,5153.77,Appartement,2141.67
51460,310,1751.15,Maison,1803.31
51470,611,113762.35,Appartement,128906.47
51470,201,2572.05,Maison,1933.33
51480,18,2317.73,Appartement,1891.25
51480,485,2099.63,Maison,1925.0
51490,70,10319.91,Appartement,11364.53
51490,349,2114.58,Maison,1899.22
51500,103,2512.62,Appartement,2363.27
51500,681,2917.76,Maison,2614.68
51510,51,2103.81,Appartement,2075.0
51510,389,2273.2,Maison,1830.99
51520,3,2696.22,Appartement,2554.35
51520,253,1964.71,Maison,1936.0
51530,169,4180.01,Appartement,2168.67
51530,811,2420.55,Maison,2149.53
51600,46,1785.55,Appartement,1275.58
51600,451,1584.81,Maison,1437.5
51700,94,5141.71,Appartement,2679.75
51700,709,1851.69,Maison,1580.0
51800,613,32499.83,Appartement,37721.49
51800,726,1379.13,Maison,956.0
52000,799,2764.29,Appartement,1463.41
52000,1220,1673.26,Maison,1517.47
52100,854,4813.67,Appartement,1484.72
52100,1708,1473.43,Maison,1360.18
52110,6,782.6,Appartement,639.79
52110,243,575.06,Maison,479.17
52120,14,1768.75,Appartement,1655.59
52120,360,1074.34,Maison,830.3
52130,41,2253.93,Appartement,2034.74
52130,509,1179.68,Maison,949.37
52140,29,3036.76,Appartement,2784.71
52140,289,809.63,Maison,735.68
52150,13,2020.43,Appartement,2392.86
52150,298,634.41,Maison,444.44
52160,3,543.86,Appartement,543.86
52160,189,1165.22,Maison,707.55
52170,30,1780.19,Appartement,1121.21
52170,265,1296.11,Maison,1100.0
52190,21,997.69,Appartement,839.74
52190,386,1148.86,Maison,926.09
52200,357,3232.77,Appartement,1593.75
52200,602,1584.45,Maison,1237.63
52210,34,814.61,Appartement,2.07
52210,257,1155.91,Maison,812.5
52220,23,3054.6,Appartement,2760.87
52220,403,1239.81,Maison,1129.03
52230,128,720.24,Maison,494.27
52240,13,1172.49,Appartement,1371.43
52240,207,514.99,Maison,372.64
52250,22,4260.1,Appartement,2737.77
52250,74,977.62,Maison,926.9
52260,5,2899.56,Appartement,2916.67
52260,116,1029.06,Maison,975.88
52270,8,1009.43,Appartement,974.03
52270,128,717.85,Maison,566.93
52290,20,2512.69,Appartement,2729.41
52290,188,1375.61,Maison,1351.97
52300,123,2162.18,Appartement,1054.35
52300,640,876.74,Maison,788.68
52310,13,3450.29,Appartement,3099.17
52310,158,1166.82,Maison,1040.48
52320,14,1435.1,Appartement,951.37
52320,214,797.98,Maison,709.32
52330,6,2491.63,Appartement,2285.71
52330,187,1101.13,Maison,866.14
52340,15,2081.98,Appartement,1666.67
52340,144,1189.15,Maison,933.87
52360,2,1830.77,Appartement,1830.77
52360,308,987.95,Maison,866.93
52370,5,2843.09,Appartement,2727.27
52370,48,1034.97,Maison,654.01
52400,184,2787.75,Appartement,1526.18
52400,804,695.28,Maison,550.0
52410,25,1661.96,Appartement,1512.5
52410,260,2893.44,Maison,1075.49
52500,36,1377.96,Appartement,1107.71
52500,533,760.86,Maison,625.0
52600,80,3009.23,Appartement,2582.1
52600,525,1035.72,Maison,917.53
52700,18,2621.11,Appartement,2480.59
52700,534,1099.25,Maison,765.25
52800,71,2790.27,Appartement,1061.22
52800,475,1099.04,Maison,954.11
53000,3381,5924.18,Appartement,2407.41
53000,2029,2469.16,Maison,2230.77
53100,563,4824.79,Appartement,2333.33
53100,1391,1708.66,Maison,1529.41
53110,16,3469.62,Appartement,2712.5
53110,508,1429.72,Maison,1129.12
53120,47,2520.83,Appartement,1857.14
53120,677,1217.04,Maison,1055.56
53140,67,1844.08,Appartement,1168.43
53140,677,1171.57,Maison,1008.62
53150,58,2635.02,Appartement,2366.67
53150,560,1702.62,Maison,1320.38
53160,28,1520.31,Appartement,758.12
53160,831,1052.08,Maison,928.57
53170,68,3140.4,Appartement,2518.89
53170,776,1534.34,Maison,1448.91
53190,17,1729.42,Appartement,2090.91
53190,529,1143.5,Maison,1000.0
53200,431,3951.0,Appartement,2333.33
53200,2100,2193.34,Maison,1726.73
53210,20,7391.66,Appartement,6106.82
53210,365,1807.07,Maison,1700.0
53220,23,3508.02,Appartement,1974.36
53220,685,1257.13,Maison,1115.25
53230,36,3519.57,Appartement,2882.21
53230,484,1650.59,Maison,1429.07
53240,53,2935.9,Appartement,2222.22
53240,725,1689.45,Maison,1565.97
53250,15,2292.86,Appartement,1600.0
53250,661,1337.64,Maison,915.25
53260,24,3713.17,Appartement,3728.66
53260,228,1826.64,Maison,1849.09
53270,22,15205.85,Appartement,15642.36
53270,417,1347.43,Maison,1097.56
53290,12,1853.69,Appartement,1650.0
53290,655,1496.51,Maison,1265.62
53300,48,1414.24,Appartement,1237.62
53300,1003,1597.72,Maison,1118.11
53320,30,3590.39,Appartement,4067.86
53320,398,1594.12,Maison,1648.91
53340,9,708.48,Appartement,500.0
53340,272,1285.93,Maison,1080.98
53350,272,1422.54,Maison,1288.02
53360,6,2766.09,Appartement,2175.85
53360,350,1682.55,Maison,1496.67
53370,12,3839.95,Appartement,3660.89
53370,482,1408.1,Maison,1283.19
53380,12,1628.18,Appartement,1711.29
53380,428,1486.28,Maison,1266.29
53390,10,1353.43,Appartement,1408.45
53390,219,1256.77,Maison,1185.19
53400,84,2704.51,Appartement,2528.23
53400,724,1370.5,Maison,1304.35
53410,70,2993.32,Appartement,2024.62
53410,888,1631.37,Maison,1569.32
53420,14,1795.25,Appartement,1262.2
53420,148,1544.05,Maison,1293.73
53440,8,2355.13,Appartement,1218.83
53440,462,1494.38,Maison,1407.1
53470,2,1553.4,Appartement,1553.4
53470,343,1680.41,Maison,1576.58
53480,16,6544.88,Appartement,5868.84
53480,202,1541.55,Maison,1382.68
53500,171,3607.48,Appartement,3055.56
53500,1012,1310.32,Maison,1184.21
53540,6,946.74,Appartement,847.55
53540,179,1339.11,Maison,1178.34
53600,168,3842.28,Appartement,2674.29
53600,876,1658.31,Maison,1415.88
53640,2,693.11,Appartement,693.11
53640,327,1246.02,Maison,1010.53
53700,46,2211.86,Appartement,1523.81
53700,720,1143.5,Maison,954.61
53800,55,2185.62,Appartement,1896.55
53800,665,1300.73,Maison,1074.07
53810,59,8044.49,Appartement,3678.16
53810,376,2456.55,Maison,2284.83
53940,93,2833.48,Appartement,2138.89
53940,793,2022.48,Maison,1975.31
53950,54,2786.17,Appartement,2325.22
53950,330,2065.03,Maison,1988.92
53960,10,5603.83,Appartement,5094.34
53960,446,2247.64,Maison,2206.93
53970,28,2460.79,Appartement,2160.54
53970,428,2036.05,Maison,2000.0
54000,13097,7595.49,Appartement,2590.36
54000,1092,3135.89,Maison,2850.0
54100,106,2105.13,Appartement,989.0
54100,55,2121.61,Maison,2121.21
54110,455,2598.91,Appartement,1750.0
54110,1284,2082.18,Maison,1777.74
54111,5,3730.98,Appartement,3981.48
54111,93,1486.87,Maison,1400.0
54112,2,713.33,Appartement,713.33
54112,114,1115.2,Maison,962.9
54113,21,1670.97,Appartement,1463.64
54113,198,1293.72,Maison,1194.66
54114,6,2247.9,Appartement,1793.26
54114,44,1713.84,Maison,1650.26
54115,25,1720.42,Appartement,1699.66
54115,220,986.19,Maison,830.95
54116,10,3001.91,Appartement,3435.15
54116,55,1486.22,Maison,1440.0
54118,61,972.16,Maison,973.48
54119,9,1029.54,Appartement,810.81
54119,85,1387.86,Maison,1360.81
54120,276,2121.09,Appartement,1756.43
54120,581,1228.06,Maison,1140.0
54121,19,1813.23,Appartement,1298.7
54121,78,1861.51,Maison,1879.86
54122,23,1788.7,Appartement,1475.41
54122,221,1268.87,Maison,1208.33
54123,3,715.15,Appartement,840.43
54123,50,1808.59,Maison,1805.08
54129,1,900.0,Appartement,900.0
54129,31,1094.91,Maison,1078.41
54130,853,7018.79,Appartement,1900.0
54130,325,2742.86,Maison,2582.61
54134,13,1750.56,Appartement,1493.75
54134,118,1722.83,Maison,1793.19
54135,25,2143.47,Appartement,1791.18
54135,188,2540.6,Maison,2446.52
54136,68,2735.4,Appartement,1978.67
54136,227,2232.4,Maison,2220.83
54140,532,8492.9,Appartement,1887.36
54140,222,2363.58,Maison,2340.12
54150,523,2395.91,Appartement,1711.54
54150,775,1999.21,Maison,1904.76
54160,17,2730.43,Appartement,2484.38
54160,157,1689.68,Maison,1681.42
54170,27,1423.81,Appartement,1275.51
54170,315,1310.48,Maison,1216.67
54180,65,2856.36,Appartement,2187.5
54180,294,2698.3,Maison,2635.39
54190,451,25917.65,Appartement,2545.45
54190,716,3770.03,Maison,2699.07
54200,1135,3595.38,Appartement,1520.83
54200,1260,1788.26,Maison,1727.39
54210,383,3172.96,Appartement,1888.89
54210,579,1984.77,Maison,1950.67
54220,503,3017.2,Appartement,2011.94
54220,319,2684.54,Maison,2404.0
54230,293,2502.07,Appartement,1863.64
54230,749,1852.54,Maison,1818.67
54240,504,2335.15,Appartement,1225.77
54240,369,1313.05,Maison,1276.06
54250,268,10667.79,Appartement,1733.81
54250,252,2159.76,Maison,2155.98
54260,414,2871.91,Appartement,1470.56
54260,650,1718.05,Maison,1588.96
54270,454,4246.66,Appartement,2066.19
54270,278,2827.11,Maison,2353.69
54280,67,3239.22,Appartement,2135.52
54280,545,2262.34,Maison,2202.27
54290,71,2237.53,Appartement,1620.25
54290,445,1460.0,Maison,1426.92
54300,1693,4378.84,Appartement,2043.01
54300,1092,1735.32,Maison,1613.59
54310,394,2946.17,Appartement,2229.65
54310,411,1560.86,Maison,1510.83
54320,693,2527.53,Appartement,1413.69
54320,183,2825.59,Maison,2278.75
54330,81,4260.01,Appartement,2708.33
54330,312,1416.4,Maison,1380.49
54340,143,4538.2,Appartement,1914.89
54340,229,1826.9,Maison,1785.71
54350,245,4788.96,Appartement,3316.33
54350,300,2224.38,Maison,2138.32
54360,134,3305.85,Appartement,2350.88
54360,495,1792.26,Maison,1758.24
54370,51,2432.51,Appartement,1591.4
54370,426,1227.12,Maison,1101.72
54380,139,3447.7,Appartement,2098.59
54380,478,1682.89,Maison,1627.42
54385,7,2142.66,Appartement,2606.84
54385,123,1376.64,Maison,1433.33
54390,288,31793.84,Appartement,2099.42
54390,312,1880.35,Maison,1886.47
54400,878,4260.09,Appartement,2534.38
54400,689,2157.54,Maison,2073.56
54410,147,2177.89,Appartement,1563.38
54410,256,2512.83,Maison,2356.76
54420,48,2248.53,Appartement,2238.1
54420,273,2515.82,Maison,2391.3
54425,84,14038.93,Appartement,1810.63
54425,231,2439.18,Maison,2507.18
54430,192,3175.23,Appartement,2203.09
54430,220,2181.93,Maison,2229.46
54440,206,2803.22,Appartement,2011.93
54440,226,1989.97,Maison,1898.72
54450,87,1321.51,Appartement,1135.0
54450,429,975.75,Maison,884.62
54460,131,3646.31,Appartement,2500.0
54460,399,2038.09,Maison,1919.19
54470,79,2527.48,Appartement,1584.16
54470,425,1354.89,Maison,1142.5
54480,55,1114.57,Appartement,972.22
54480,338,832.16,Maison,653.29
54490,103,2715.23,Appartement,2148.51
54490,411,1384.73,Maison,1278.18
54500,1847,18297.36,Appartement,1976.75
54500,445,2488.84,Maison,2346.15
54510,338,7757.02,Appartement,2100.12
54510,524,2427.3,Maison,2365.2
54520,933,5086.56,Appartement,2175.93
54520,296,2854.69,Maison,2669.81
54530,119,3333.95,Appartement,2108.43
54530,262,1935.12,Maison,1936.37
54540,74,1373.19,Appartement,937.33
54540,344,912.51,Maison,793.74
54550,154,2838.21,Appartement,1845.1
54550,253,1758.62,Maison,1740.74
54560,175,8098.33,Appartement,4042.55
54560,317,2220.05,Maison,2173.91
54570,42,2013.49,Appartement,1357.58
54570,257,1612.85,Maison,1466.67
54580,221,2639.23,Appartement,1630.77
54580,239,1862.9,Maison,1904.86
54590,125,4413.15,Appartement,2876.81
54590,252,2966.22,Maison,2657.01
54600,739,15811.2,Appartement,2285.71
54600,530,6836.33,Maison,2430.39
54610,22,3055.7,Appartement,2294.71
54610,277,1651.7,Maison,1584.0
54620,58,1202.78,Appartement,989.5
54620,287,1838.07,Maison,1742.31
54630,60,2736.49,Appartement,2066.83
54630,207,2275.05,Maison,2197.92
54640,82,1992.96,Appartement,1473.68
54640,228,1737.83,Maison,1697.12
54650,80,1698.94,Appartement,1634.62
54650,191,2259.49,Maison,2083.33
54660,22,1708.18,Appartement,1878.35
54660,122,1455.57,Maison,1338.63
54670,63,2398.34,Appartement,2043.48
54670,284,1999.12,Maison,1938.59
54680,19,6507.51,Appartement,2411.82
54680,201,2489.86,Maison,2481.48
54690,36,3836.07,Appartement,3263.75
54690,248,2436.96,Maison,2376.73
54700,1447,7194.71,Appartement,1766.07
54700,1315,3032.76,Maison,1909.09
54710,91,2089.6,Appartement,1958.49
54710,343,2713.26,Maison,2521.69
54720,66,3180.94,Appartement,2676.33
54720,285,2628.46,Maison,2666.67
54730,38,2715.71,Appartement,2145.15
54730,235,2591.29,Maison,2654.32
54740,10,1833.45,Appartement,1404.21
54740,263,1593.73,Maison,1537.19
54750,34,3105.69,Appartement,2704.33
54750,178,2393.69,Maison,2329.07
54760,37,3573.58,Appartement,2000.0
54760,246,1770.3,Maison,1757.22
54770,34,2220.21,Appartement,1905.56
54770,188,2125.17,Maison,2142.86
54780,19,5087.67,Appartement,5144.74
54780,127,1772.14,Maison,1659.21
54800,475,2663.19,Appartement,1666.67
54800,1264,1782.58,Maison,1667.48
54810,131,10122.68,Appartement,4070.71
54810,98,2328.17,Maison,2339.06
54820,50,2047.93,Appartement,1429.09
54820,112,1856.68,Maison,1878.79
54830,34,2358.66,Appartement,2060.52
54830,154,1107.29,Maison,1058.41
54840,52,2771.44,Appartement,2222.88
54840,324,2097.29,Maison,2168.63
54850,9,1761.81,Appartement,1635.71
54850,146,2227.69,Maison,2237.92
54860,39,5008.2,Appartement,2964.29
54860,164,2497.6,Maison,2438.67
54870,25,1961.11,Appartement,1951.22
54870,136,2224.18,Maison,2316.85
54880,106,6113.42,Appartement,2651.16
54880,134,2613.66,Maison,2433.11
54890,22,3205.19,Appartement,2060.43
54890,204,1676.03,Maison,1758.33
54910,89,4799.3,Appartement,4891.3
54910,150,1986.41,Maison,1875.0
54920,43,3222.11,Appartement,2729.73
54920,159,2431.04,Maison,2341.27
54930,8,1044.9,Appartement,831.75
54930,121,1151.06,Maison,1101.92
54940,24,5106.53,Appartement,4037.64
54940,102,1947.04,Maison,1911.76
54950,118,6100.72,Appartement,6559.68
54950,62,1305.78,Maison,1281.03
54960,13,3828.94,Appartement,3062.5
54960,116,1832.18,Maison,1575.17
54970,26,1738.77,Appartement,1149.22
54970,58,1997.75,Maison,1993.33
54980,8,1625.72,Appartement,1330.97
54980,97,2054.49,Maison,2124.12
54990,3,1469.7,Appartement,1567.07
54990,71,1828.92,Maison,1906.57
55000,900,2549.79,Appartement,1505.1
55000,1742,1282.75,Maison,1220.11
55100,1348,4235.11,Appartement,2500.0
55100,1190,7535.83,Maison,1573.24
55110,43,1846.23,Appartement,1180.56
55110,594,1000.44,Maison,825.82
55120,24,2112.05,Appartement,2325.0
55120,421,1122.57,Maison,875.0
55130,26,609.2,Appartement,438.0
55130,401,748.81,Maison,618.56
55140,53,1856.32,Appartement,1307.69
55140,442,834.88,Maison,726.53
55150,42,7473.94,Appartement,3615.47
55150,319,1092.12,Maison,956.52
55160,13,4022.17,Appartement,2753.62
55160,262,1155.5,Maison,1113.96
55170,72,1840.95,Appartement,1398.91
55170,485,1164.68,Maison,1075.0
55190,27,1465.41,Appartement,1282.35
55190,381,1127.15,Maison,1111.11
55200,289,2398.78,Appartement,1494.79
55200,770,6416.18,Maison,1227.38
55210,26,2772.22,Appartement,2370.76
55210,348,1064.85,Maison,966.67
55220,12,1964.93,Appartement,1834.92
55220,176,1190.6,Maison,1030.1
55230,13,4193.61,Appartement,4233.7
55230,221,1132.41,Maison,977.27
55240,90,2072.46,Appartement,2018.52
55240,426,4898.65,Maison,1264.91
55250,11,993.5,Appartement,1177.08
55250,206,902.75,Maison,824.77
55260,4,1363.12,Appartement,1363.12
55260,192,1174.89,Maison,962.76
55270,28,924.58,Appartement,788.6
55270,224,1450.4,Maison,904.55
55290,19,1672.5,Appartement,1724.85
55290,121,675.54,Maison,500.0
55300,298,3175.76,Appartement,1481.48
55300,887,1028.83,Maison,875.0
55310,14,2558.23,Appartement,2622.95
55310,83,1011.61,Maison,945.05
55320,23,28899.7,Appartement,10188.24
55320,259,3932.71,Maison,1197.06
55400,129,3161.13,Appartement,2605.04
55400,558,1252.22,Maison,1183.2
55430,96,2153.93,Appartement,1270.8
55430,146,1545.77,Maison,1513.05
55500,164,1733.3,Appartement,1325.89
55500,631,1835.63,Maison,878.57
55600,123,2605.12,Appartement,1887.1
55600,555,1469.73,Maison,1120.0
55700,184,12498.64,Appartement,4492.72
55700,456,1010.0,Maison,746.97
55800,40,1942.68,Appartement,1215.34
55800,508,1202.16,Maison,1071.95
55840,43,3094.37,Appartement,2071.43
55840,131,1635.56,Maison,1630.87
56000,9507,3166630.47,Appartement,3749823.24
56000,1862,181104.68,Maison,4150.74
56100,9788,3271805.73,Appartement,3967063.72
56100,1734,390308.64,Maison,2980.65
56110,110,2567.51,Appartement,2021.28
56110,816,1356.86,Maison,1245.02
56120,127,5151.5,Appartement,3888.89
56120,1455,1626.91,Maison,1515.46
56130,146,4349.41,Appartement,2785.56
56130,2139,2375.54,Maison,2211.54
56140,79,4144.98,Appartement,2500.0
56140,1319,1827.58,Maison,1715.12
56150,125,2460.94,Appartement,2275.0
56150,901,32673.84,Maison,2000.0
56160,72,2016.84,Appartement,1408.33
56160,1206,1897.78,Maison,1338.85
56170,670,5886.36,Appartement,5452.76
56170,573,6121.58,Maison,4938.27
56190,234,1401639.64,Appartement,4806.95
56190,1490,41231.86,Maison,2674.0
56200,54,15313.82,Appartement,15400.0
56200,779,1639.7,Maison,1547.62
56220,72,3254.67,Appartement,2364.22
56220,1596,1927.55,Maison,1793.27
56230,176,677548.89,Appartement,2791.29
56230,1159,2577.53,Maison,2349.21
56240,229,205053.89,Appartement,2596.77
56240,1073,129981.11,Maison,1951.22
56250,517,4361627.73,Appartement,4845925.42
56250,1783,296752.18,Maison,2643.68
56260,356,7937.34,Appartement,5126.16
56260,455,4821.76,Maison,4244.81
56270,392,12847.73,Appartement,4176.9
56270,1034,20552.51,Maison,3537.97
56290,121,339080.74,Appartement,3460.0
56290,145,3700.24,Maison,3428.57
56300,871,416803.67,Appartement,2446.81
56300,1678,33215.42,Maison,1644.01
56310,65,434091.4,Appartement,2556.82
56310,1316,89557.41,Maison,1516.0
56320,75,4339.71,Appartement,2876.92
56320,1027,1841.43,Maison,1566.27
56330,199,4980.08,Appartement,3181.82
56330,1055,2566.83,Maison,2366.07
56340,570,6696.22,Appartement,5909.09
56340,766,6255.7,Maison,4903.57
56350,44,5108.18,Appartement,4570.51
56350,1343,1850.9,Maison,1767.12
56360,196,23689.51,Appartement,4688.21
56360,656,5704.17,Maison,4813.63
56370,314,190499.25,Appartement,4692.23
56370,1407,26436.37,Maison,4117.65
56380,90,4733.76,Appartement,2575.37
56380,851,1821.14,Maison,1744.19
56390,62,204450.72,Appartement,4430.56
56390,1075,2962.62,Maison,2590.36
56400,1407,19907.7,Appartement,3611.11
56400,2485,3646.15,Maison,3172.41
56410,243,6830.28,Appartement,4250.0
56410,565,4024.96,Maison,3742.03
56420,10,2697.2,Appartement,2196.43
56420,822,2118.26,Maison,1845.24
56430,61,2513.01,Appartement,2460.0
56430,768,1786.93,Maison,1410.26
56440,92,2126114.55,Appartement,2830.23
56440,611,74473.23,Maison,2208.59
56450,370,3189875.17,Appartement,4199802.03
56450,1232,365987.31,Maison,3329.53
56460,18,4247.16,Appartement,4113.64
56460,804,2105.66,Maison,1916.03
56470,208,5428.68,Appartement,4927.79
56470,358,8001.62,Maison,5768.6
56480,23,2889.15,Appartement,2142.86
56480,542,1694.11,Maison,1387.99
56490,21,1546.53,Appartement,1625.0
56490,994,1264.96,Maison,1156.83
56500,298,12327.36,Appartement,3286.5
56500,2468,1987.92,Maison,1753.83
56510,85,6430.51,Appartement,5689.66
56510,396,6213.86,Maison,4830.46
56520,441,4225.98,Appartement,3432.84
56520,680,3666.07,Maison,3439.49
56530,131,1106266.26,Appartement,2940.0
56530,657,15876.04,Maison,2622.95
56540,14,1377.76,Appartement,1453.49
56540,504,1618.45,Maison,1263.74
56550,127,18537.86,Appartement,7647.06
56550,603,6275.88,Maison,3563.22
56560,11,2542.79,Appartement,2500.0
56560,443,1279.36,Maison,1157.41
56570,71,1941566.23,Appartement,4035.09
56570,303,127984.31,Maison,3009.71
56580,36,5201.52,Appartement,2704.79
56580,638,1542.02,Maison,1322.79
56590,45,3714446.29,Appartement,5352387.56
56590,309,4750.21,Maison,4201.68
56600,1014,3997.76,Appartement,3055.56
56600,1014,21926.2,Maison,2467.25
56610,247,1896573.64,Appartement,5797.83
56610,359,540129.45,Maison,5185.19
56620,119,3031740.56,Appartement,4379226.18
56620,481,2377.3,Maison,2230.22
56630,7,810.59,Appartement,961.54
56630,427,1634.92,Maison,1363.64
56640,374,5129.86,Appartement,5029.17
56640,374,5860.12,Maison,5312.26
56650,57,3335.22,Appartement,2790.7
56650,471,2230.01,Maison,2176.19
56660,18,2411.23,Appartement,2095.83
56660,252,2293.15,Maison,2068.97
56670,168,4770145.78,Appartement,5268756.5
56670,440,211572.4,Maison,2887.38
56680,85,459312.06,Appartement,4444.44
56680,487,3756.57,Maison,3384.0
56690,59,3881.83,Appartement,2785.6
56690,495,2856.74,Maison,2664.91
56700,2538,3588001.7,Appartement,4379226.18
56700,1818,596488.08,Maison,2683.49
56730,40,5503.57,Appartement,5493.98
56730,392,4816.66,Maison,4350.38
56740,40,6777.98,Appartement,6867.95
56740,177,7152.25,Maison,5372.34
56750,135,5604.44,Appartement,5200.0
56750,348,4354.05,Maison,4000.0
56760,60,4797.66,Appartement,3747.69
56760,433,3735.33,Maison,3339.69
56770,5,1269.52,Appartement,1394.93
56770,250,1642.72,Maison,1404.49
56780,18,7316.54,Appartement,4966.85
56780,113,7104.43,Maison,6428.57
56800,322,3972.6,Appartement,2376.99
56800,1866,2148.79,Maison,1781.36
56840,2,7700.74,Appartement,7700.74
56840,66,5896.78,Maison,5631.01
56850,87,1612029.21,Appartement,3104.17
56850,401,2489.49,Maison,2500.0
56860,467,1761225.41,Appartement,4196.43
56860,502,192416.56,Maison,4093.98
56870,182,3889637.8,Appartement,4772502.3
56870,582,329362.42,Maison,5079.64
56880,250,2243439.12,Appartement,3842.0
56880,400,440640.88,Maison,3500.0
56890,970,2542167.24,Appartement,16052.63
56890,1021,80702.65,Maison,3129.87
56910,16,2316.8,Appartement,2101.56
56910,413,1561.58,Maison,1437.5
56920,29,4267.32,Appartement,4000.0
56920,715,1568.88,Maison,1413.04
56930,19,2292.09,Appartement,1625.0
56930,353,1850.63,Maison,1698.41
56950,20,5470.33,Appartement,6629.63
56950,389,6854.53,Maison,4038.33
58000,2966,2420.97,Appartement,1274.49
58000,1590,1535.05,Maison,1419.9
58110,46,3033.29,Appartement,1460.6
58110,642,1090.74,Maison,869.57
58120,67,1758.89,Appartement,1363.64
58120,527,1159.74,Maison,1011.24
58130,132,1328.24,Appartement,632.91
58130,507,1336.22,Maison,1225.49
58140,35,1352.02,Appartement,1148.65
58140,590,1217.58,Maison,1047.72
58150,33,1290.78,Appartement,1000.0
58150,608,1138.54,Maison,969.31
58160,109,1277.06,Appartement,904.76
58160,489,1209.2,Maison,1093.75
58170,48,2065.33,Appartement,1226.46
58170,412,1178.03,Maison,1024.55
58180,22,1690.54,Appartement,1286.21
58180,236,1790.84,Maison,1728.95
58190,35,1314.7,Appartement,971.43
58190,353,1103.98,Maison,787.04
58200,537,2594.38,Appartement,1673.68
58200,1253,1370.43,Maison,1184.62
58210,22,2460.19,Appartement,1628.79
58210,478,952.41,Maison,733.33
58220,45,2324.52,Appartement,1826.92
58220,344,983.08,Maison,876.05
58230,15,1655.67,Appartement,1477.27
58230,704,1427.94,Maison,1171.04
58240,58,2328.93,Appartement,2242.8
58240,570,1271.5,Maison,1019.03
58250,35,1598.84,Appartement,1233.33
58250,432,1318.35,Maison,914.29
58260,106,8395.3,Appartement,13010.49
58260,445,882.94,Maison,800.0
58270,10,707.14,Appartement,597.31
58270,328,1201.74,Maison,1000.0
58290,32,935.12,Appartement,796.88
58290,325,1070.72,Maison,808.33
58300,293,1644.5,Appartement,928.57
58300,1082,1345.26,Maison,1093.6
58310,51,2359.2,Appartement,1732.14
58310,533,1186.71,Maison,1000.0
58320,72,3149.64,Appartement,1957.45
58320,343,1448.76,Maison,1358.97
58330,77,9752.22,Appartement,11764.71
58330,317,874.15,Maison,708.33
58340,46,964.32,Appartement,542.55
58340,225,995.5,Maison,909.09
58350,12,1611.73,Appartement,1492.86
58350,243,858.6,Maison,737.7
58360,70,8924.25,Appartement,3669.72
58360,251,1081.83,Maison,819.67
58370,7,2773.44,Appartement,2272.73
58370,230,1447.0,Maison,1212.12
58380,4,1477.09,Appartement,1587.11
58380,123,1004.25,Maison,833.33
58390,9,944.84,Appartement,1000.0
58390,101,1293.66,Maison,968.75
58400,267,43240.68,Appartement,1885.25
58400,963,1317.59,Maison,1212.5
58410,3,670.73,Appartement,250.0
58410,142,818.5,Maison,666.67
58420,2,342.31,Appartement,342.31
58420,302,1001.69,Maison,754.72
58430,6,3074.88,Appartement,2890.8
58430,133,1241.4,Maison,937.5
58440,12,1087.81,Appartement,955.08
58440,163,1371.5,Maison,1013.89
58450,27,2242.83,Appartement,1619.57
58450,250,1054.75,Maison,919.54
58460,1,250.0,Appartement,250.0
58460,104,912.39,Maison,699.2
58470,23,1170.28,Appartement,802.82
58470,156,1450.35,Maison,1203.33
58490,8,2061.51,Appartement,1436.52
58490,121,1202.39,Maison,1197.67
58500,206,1828.56,Appartement,1214.35
58500,589,1037.03,Maison,778.85
58530,5,2487.88,Appartement,1562.5
58530,110,851.68,Maison,586.0
58600,364,2671.72,Appartement,1909.73
58600,480,1417.43,Maison,1304.35
58640,119,2050.06,Appartement,1291.67
58640,489,1654.1,Maison,1550.0
58660,44,2232.9,Appartement,1055.78
58660,262,1768.7,Maison,1557.0
58700,47,1757.62,Appartement,1048.39
58700,522,947.21,Maison,852.98
58800,70,1540.33,Appartement,1702.73
58800,589,1096.22,Maison,914.63
59000,9057,50693.69,Appartement,4055.56
59000,1796,5174.75,Maison,2868.46
59100,3797,193866.72,Appartement,3684.13
59100,3540,16456.82,Maison,1459.3
59110,1968,265132.25,Appartement,3600.0
59110,825,8986.5,Maison,3743.56
59111,30,4365.53,Appartement,2757.98
59111,527,6558.41,Maison,1666.67
59112,122,4562.64,Appartement,2814.58
59112,640,2500.09,Maison,2343.0
59113,463,1220723.05,Appartement,3595.51
59113,687,44729.91,Maison,2478.18
59114,35,4923.0,Appartement,4451.79
59114,490,2173.3,Maison,2037.5
59115,42,3608.42,Appartement,3214.88
59115,500,2672.76,Maison,2642.53
59116,78,16353.58,Appartement,5576.12
59116,580,2254.53,Maison,2248.46
59117,121,151445.86,Appartement,3222.22
59117,231,2937.08,Maison,2827.71
59118,292,286948.43,Appartement,3628.07
59118,607,3546.14,Maison,3440.19
59119,36,3670.46,Appartement,3900.0
59119,394,1440.35,Maison,1313.95
59120,1342,465707.01,Appartement,3250.0
59120,816,36644.3,Maison,2456.07
59121,19,9288.1,Appartement,9195.4
59121,298,2044.57,Maison,1465.98
59122,24,4897.2,Appartement,4223.21
59122,571,1913.72,Maison,1777.78
59123,518,3747.96,Appartement,3440.35
59123,416,2526.39,Maison,2337.76
59124,66,6251.74,Appartement,5000.0
59124,484,1355.0,Maison,1273.51
59125,156,11829.52,Appartement,7894.86
59125,356,1874.28,Maison,1474.25
59126,188,3758.75,Appartement,3736.49
59126,484,3112.8,Maison,2974.19
59127,18,564.17,Appartement,0.03
59127,374,36809.19,Maison,1044.94
59128,63,4069.42,Appartement,4500.0
59128,274,1645.1,Maison,1569.29
59129,8,3613.87,Appartement,3432.81
59129,267,4334.4,Maison,1148.28
59130,1061,6412.11,Appartement,3343.75
59130,1564,5701.86,Maison,3822.12
59131,75,1120.41,Appartement,892.84
59131,289,1486.04,Maison,1503.76
59132,43,2469.13,Appartement,2142.86
59132,445,1191.33,Maison,1111.11
59133,131,3730.32,Appartement,3192.86
59133,360,2666.26,Maison,2557.48
59134,19,4687.64,Appartement,3139.53
59134,389,2963.66,Maison,2900.0
59135,24,2736.64,Appartement,2524.51
59135,353,1724.62,Maison,1660.0
59136,29,4912.61,Appartement,2962.96
59136,460,2718.41,Maison,2535.05
59137,18,2234.96,Appartement,2205.96
59137,224,1234.44,Maison,1020.25
59138,25,3757.65,Appartement,3529.41
59138,374,1463.55,Maison,1382.43
59139,644,400119.33,Appartement,2829.99
59139,649,2799.47,Maison,2548.39
59140,1841,11790.61,Appartement,2906.98
59140,150,2154.76,Maison,2164.59
59141,54,3826.77,Appartement,3251.78
59141,332,36298.29,Maison,1481.59
59142,8,3565.05,Appartement,3468.95
59142,156,1093.36,Maison,1019.8
59143,14,3628.43,Appartement,3506.94
59143,501,1761.08,Maison,1621.57
59144,1,16187.5,Appartement,16187.5
59144,510,2064.49,Maison,1889.1
59145,26,5280.79,Appartement,5373.44
59145,261,1309.9,Maison,1250.0
59146,50,9175.77,Appartement,1489.36
59146,275,1770.22,Maison,1716.98
59147,7,4371.43,Appartement,2294.44
59147,298,2818.53,Maison,2579.1
59148,15,3635.36,Appartement,3095.54
59148,393,2346.51,Maison,2063.49
59149,54,9493.51,Appartement,11000.0
59149,232,1296.44,Maison,1192.7
59150,714,849035.0,Appartement,3654.89
59150,2217,4850.08,Maison,1980.09
59151,19,941.82,Appartement,38.98
59151,450,1679.46,Maison,1638.64
59152,35,3329.49,Appartement,3062.5
59152,571,342571.13,Maison,3680.85
59153,13,2591.45,Appartement,2474.58
59153,331,1750.06,Maison,1666.67
59154,27,5753.23,Appartement,6323.33
59154,268,2227.16,Maison,1216.9
59155,331,76231.31,Appartement,2806.45
59155,1042,2836.76,Maison,2512.35
59156,20,2850.89,Appartement,2564.29
59156,216,1409.02,Maison,1000.16
59157,38,4952.4,Appartement,3771.38
59157,318,1180.85,Maison,1094.99
59158,14,3171.18,Appartement,2550.36
59158,358,1924.28,Maison,1789.99
59159,8,3799.39,Appartement,3655.56
59159,204,31645.6,Maison,1448.68
59160,1066,242928.7,Appartement,3106.11
59160,1386,3812.99,Maison,2805.1
59161,4,1257.12,Appartement,1119.32
59161,380,1502.96,Maison,1383.42
59162,58,180550.9,Appartement,200806.45
59162,307,2024.34,Maison,1875.0
59163,231,5260.67,Appartement,4720.0
59163,447,1577.87,Maison,1336.63
59164,24,4092.44,Appartement,2940.74
59164,214,1117.16,Maison,1023.41
59165,30,14584.7,Appartement,15600.0
59165,304,1415.0,Maison,1356.02
59166,65,6652.32,Appartement,3454.55
59166,282,2686.01,Maison,2656.47
59167,15,14462.34,Appartement,1522.73
59167,293,1715.33,Maison,1702.9
59168,11,3209.93,Appartement,3428.57
59168,198,1233.24,Maison,1173.95
59169,30,4520.51,Appartement,27.27
59169,383,1870.12,Maison,1803.57
59170,1203,15730.49,Appartement,3506.49
59170,1330,3294.49,Maison,2704.55
59171,2,1773.15,Appartement,1773.15
59171,441,1741.6,Maison,1626.02
59172,10,2004.84,Appartement,2977.01
59172,257,1520.92,Maison,1351.49
59173,29,6889.37,Appartement,7111.59
59173,424,1931.78,Maison,1793.72
59174,29,7879.4,Appartement,1746.03
59174,173,1651.21,Maison,1483.87
59175,102,3957.74,Appartement,3249.57
59175,297,2870.26,Maison,2793.19
59176,5,1290.42,Appartement,1214.29
59176,232,1527.2,Maison,1446.74
59177,47,3065.76,Appartement,2909.09
59177,225,1080.59,Maison,973.96
59178,20,2394.39,Appartement,1606.06
59178,440,2133.96,Maison,1933.33
59179,18,6302.91,Appartement,4488.93
59179,313,1699.31,Maison,1630.06
59180,78,32927.86,Appartement,38584.5
59180,446,2079.0,Maison,1873.66
59181,7,2815.7,Appartement,2154.93
59181,208,2337.81,Maison,2215.66
59182,5,126080.23,Appartement,7111.11
59182,232,1790.5,Maison,1776.69
59184,21,3682.51,Appartement,3358.46
59184,404,2557.34,Maison,2494.44
59185,23,2492082.79,Appartement,2955328.72
59185,266,2215.11,Maison,2203.61
59186,12,2416.1,Appartement,1964.29
59186,232,1344.68,Maison,1156.95
59187,26,4413.86,Appartement,4088.89
59187,251,1421.02,Maison,1398.48
59188,262,1392.57,Maison,1278.52
59189,204,1727.05,Maison,1668.15
59190,406,4101.04,Appartement,2920.78
59190,1932,2746.9,Maison,1980.43
59191,2,1063.39,Appartement,1063.39
59191,208,1286.42,Maison,1167.05
59192,37,1401.49,Appartement,1349.21
59192,271,1585.31,Maison,1492.54
59193,45,2628.0,Appartement,2687.5
59193,314,2322.89,Maison,2251.05
59194,20,2677.77,Appartement,2477.61
59194,255,1610.56,Maison,1538.46
59195,9,4605.09,Appartement,1800.0
59195,266,1864.46,Maison,1624.6
59198,202,1458.82,Maison,1411.49
59199,23,4573.97,Appartement,4777.78
59199,419,1863.19,Maison,1846.15
59200,3885,53223.2,Appartement,2203.7
59200,4650,11171.88,Maison,1880.9
59210,356,4103.64,Appartement,3135.49
59210,1194,1834.13,Maison,1771.38
59211,11,5637.71,Appartement,4065.22
59211,341,2889.17,Maison,2708.74
59212,38,3292.49,Appartement,2178.57
59212,210,999.6,Maison,926.73
59213,2,1483.08,Appartement,1483.08
59213,239,1750.74,Maison,1700.0
59214,156,1190.14,Maison,1056.98
59215,23,4794.99,Appartement,5400.0
59215,262,1440.84,Maison,1325.45
59216,13,3047.29,Appartement,2068.97
59216,146,1432.15,Maison,1161.01
59217,227,47730.23,Maison,1240.0
59218,7,1825.85,Appartement,1782.18
59218,274,1474.24,Maison,1364.17
59219,5,2641.75,Appartement,2291.67
59219,149,1146.44,Maison,1000.0
59220,440,5793.34,Appartement,4062.5
59220,1294,4432.35,Maison,995.07
59221,14,4349.67,Appartement,3708.57
59221,316,2035.07,Maison,2032.57
59222,6,7164.75,Appartement,7051.28
59222,168,1254.66,Maison,1170.08
59223,222,12611.72,Appartement,3375.06
59223,872,3310.44,Maison,2815.11
59224,13,8051.1,Appartement,7019.23
59224,216,1700.12,Maison,1619.72
59225,149,1281.88,Maison,1142.86
59226,14,3632.78,Appartement,2935.41
59226,323,2464.45,Maison,2396.69
59227,248,1604.87,Maison,1553.13
59229,58,2668.58,Appartement,2478.45
59229,501,2876.65,Maison,2513.89
59230,226,7229.36,Appartement,4335.88
59230,1436,2349.02,Maison,1957.2
59231,3,1267.96,Appartement,1123.08
59231,147,1279.11,Maison,1238.94
59232,6,6437.75,Appartement,5617.58
59232,178,2238.07,Maison,2133.36
59233,119,9090.32,Appartement,10593.75
59233,262,1630.27,Maison,1684.71
59234,4,2707.23,Appartement,1781.13
59234,292,1489.85,Maison,1474.13
59235,2,2066.57,Appartement,2066.57
59235,155,2832.73,Maison,2720.62
59236,11,1128571.24,Appartement,4838.18
59236,169,2922.82,Maison,2840.91
59237,9,5294.76,Appartement,4030.61
59237,191,4117.67,Maison,3686.13
59238,3,785.19,Appartement,800.0
59238,118,1182.57,Maison,1000.0
59239,13,6768.24,Appartement,2500.0
59239,345,2453.78,Maison,2317.81
59240,2045,6828.02,Appartement,2852.19
59240,1519,4066.91,Maison,2375.0
59241,21,4320.53,Appartement,3928.57
59241,196,108812.46,Maison,1377.45
59242,253,9709.18,Appartement,3809.52
59242,798,3111.29,Maison,2904.19
59243,24,5414.36,Appartement,4475.25
59243,209,1714.1,Maison,1714.29
59244,153,1404.73,Maison,1350.0
59245,11,4953.58,Appartement,4818.18
59245,166,1338.08,Maison,1331.97
59246,5,4073.8,Appartement,4087.25
59246,164,3224.14,Maison,2617.73
59247,1,2755.56,Appartement,2755.56
59247,165,1530.29,Maison,1453.33
59249,2,1993.35,Appartement,1993.35
59249,229,3130.6,Maison,2884.62
59250,377,15149.46,Appartement,3196.72
59250,1270,8279.91,Maison,2311.15
59251,7,3097.22,Appartement,0.02
59251,230,2610.71,Maison,2320.06
59252,13,4799.06,Appartement,5000.0
59252,202,1515.05,Maison,1441.37
59253,81,3087.64,Appartement,2341.77
59253,366,1901.21,Maison,1929.39
59254,10,4877.01,Appartement,4208.73
59254,215,2574.35,Maison,2176.47
59255,1,1528.3,Appartement,1528.3
59255,170,1350.46,Maison,1287.78
59258,1,618.04,Appartement,618.04
59258,166,20684.57,Maison,1595.74
59259,2,2859.26,Appartement,2859.26
59259,115,1297.84,Maison,1284.93
59260,920,282412.73,Appartement,3875.0
59260,1056,67138.62,Maison,2696.03
59261,8,4819.83,Appartement,4819.83
59261,186,2350.87,Maison,2293.58
59262,12,4432.6,Appartement,4441.86
59262,168,3516.87,Maison,3398.92
59263,6,8576.73,Appartement,10831.41
59263,220,2600.3,Maison,2570.24
59264,49,5346.58,Appartement,3117.22
59264,579,33678.2,Maison,1545.45
59265,17,5453.77,Appartement,4333.33
59265,139,1858.32,Maison,1537.74
59266,135,1330.72,Maison,1225.17
59267,10,1660.46,Appartement,1527.78
59267,316,188138.19,Maison,1882.22
59268,1,1601.59,Appartement,1601.59
59268,148,1508.66,Maison,1483.91
59269,2,2000.19,Appartement,2000.19
59269,175,1974.0,Maison,1809.09
59270,396,3657.41,Appartement,2870.41
59270,1458,2617.34,Maison,2321.98
59271,1,437.5,Appartement,437.5
59271,126,950.62,Maison,860.39
59272,11,5089.35,Appartement,2271.7
59272,77,2486.87,Maison,2300.0
59273,14,16207.45,Appartement,25866.52
59273,322,4016.43,Maison,2940.18
59274,14,192033.68,Appartement,265761.26
59274,131,2459.91,Maison,2459.89
59277,6,2695.45,Appartement,2697.53
59277,73,1394.97,Maison,1382.72
59278,54,3026.89,Appartement,0.02
59278,189,1166.93,Maison,1104.76
59279,19,12355.8,Appartement,8000.0
59279,387,2284.34,Maison,1955.88
59280,1468,5372.39,Appartement,3209.78
59280,1663,2565.43,Maison,1969.7
59281,122,89147.3,Maison,1663.04
59282,20,5167.17,Appartement,1817.31
59282,517,1370.73,Maison,1323.53
59283,10,3289.34,Appartement,2882.39
59283,392,2087.16,Maison,2112.22
59284,82,1870.15,Maison,1739.98
59285,2,1826.31,Appartement,1826.31
59285,218,1878.43,Maison,1796.83
59286,10,2793.95,Appartement,1272.77
59286,341,1693.02,Maison,1626.51
59287,19,4534.68,Appartement,4200.0
59287,310,1540.04,Maison,1506.53
59288,70,1214.97,Maison,1141.03
59290,423,8222.22,Appartement,3265.31
59290,1161,3564.63,Maison,3300.97
59292,6,1341.2,Appartement,1324.71
59292,135,1246.53,Maison,1212.12
59293,216,1395.05,Maison,1384.61
59294,2,2105.66,Appartement,2105.66
59294,136,38316.11,Maison,1075.42
59295,102,1669.81,Maison,1750.8
59296,105,1433.2,Maison,1436.36
59297,44,1289.15,Maison,1284.41
59299,10,3531.94,Appartement,3059.08
59299,170,2575.17,Maison,2208.67
59300,4352,33060.82,Appartement,3143.92
59300,2496,35505.07,Maison,1767.98
59310,210,4790.13,Appartement,2860.77
59310,1909,2683.07,Maison,2520.55
59320,600,8043.03,Appartement,3191.96
59320,1791,39109.41,Maison,2608.89
59330,167,5743.29,Appartement,4428.57
59330,1176,1385.18,Maison,1180.55
59350,719,9202.97,Appartement,3684.21
59350,619,3603.74,Maison,3361.11
59360,213,4275.34,Appartement,2555.56
59360,1198,1101.18,Maison,931.86
59370,933,4120.34,Appartement,1698.85
59370,669,3302.87,Maison,2882.91
59380,119,4798.91,Appartement,3400.0
59380,1298,2655.44,Maison,2123.98
59390,500,64198.49,Appartement,2539.91
59390,1174,2617.57,Maison,2488.13
59400,2026,145535.4,Appartement,3832.17
59400,2319,20014.06,Maison,1446.08
59410,439,5484.8,Appartement,2698.54
59410,729,42951.49,Maison,1228.81
59420,444,591872.12,Appartement,4789.68
59420,935,3883.08,Maison,3496.81
59430,379,4845.79,Appartement,3096.23
59430,1072,1958.59,Maison,1631.24
59440,362,3279.08,Appartement,2615.32
59440,791,1413.14,Maison,1212.12
59450,233,4948.5,Appartement,1177.78
59450,897,1465.84,Maison,1416.42
59460,158,8105.83,Appartement,6947.83
59460,559,1210.34,Maison,1160.62
59470,76,3591.78,Appartement,2857.14
59470,1334,2233.83,Maison,1951.45
59480,129,68301.06,Appartement,5625.0
59480,496,2074.14,Maison,2005.82
59490,169,4296.7,Appartement,2500.0
59490,803,1543.26,Maison,1435.9
59491,367,84973.27,Appartement,3729.27
59491,436,6770.16,Maison,3588.09
59492,155,2252.83,Maison,2173.91
59493,265,10387.33,Appartement,4639.64
59493,465,3463.87,Maison,3300.97
59494,49,3887.79,Appartement,1540.3
59494,353,2034.96,Maison,1785.71
59495,52,3743.98,Appartement,3369.74
59495,264,6196.35,Maison,2463.61
59496,5,0.02,Appartement,0.02
59496,322,2208.93,Maison,2218.33
59500,2350,7285.34,Appartement,2579.57
59500,1449,1699.51,Maison,1595.12
59510,124,477849.89,Appartement,3886.19
59510,1019,3103.82,Maison,2842.11
59520,526,167700.4,Appartement,4010.95
59520,647,185643.66,Maison,3307.92
59530,126,4376.55,Appartement,3207.2
59530,996,1954.3,Maison,1647.97
59540,480,150359.43,Appartement,3411.9
59540,1228,14737.99,Maison,1012.66
59550,65,2357.44,Appartement,2080.0
59550,578,1395.28,Maison,1217.39
59551,5,6567.55,Appartement,6506.85
59551,211,2927.13,Maison,2840.71
59552,63,3108.27,Appartement,2296.72
59552,446,1744.03,Maison,1691.89
59553,24,3741.63,Appartement,3577.92
59553,503,1857.49,Maison,1786.02
59554,60,270768.65,Appartement,3071.93
59554,596,37217.56,Maison,1497.21
59560,144,3399.3,Appartement,2664.86
59560,650,2599.16,Maison,2344.78
59570,64,4250.93,Appartement,3419.31
59570,1017,1768.09,Maison,1655.91
59580,119,3595.36,Appartement,2750.0
59580,628,1324.21,Maison,1215.02
59590,257,4736.99,Appartement,3600.0
59590,640,1483.15,Maison,1345.84
59600,1004,6221.96,Appartement,1469.67
59600,2041,1516.57,Maison,1240.0
59610,236,5135.8,Appartement,3066.24
59610,786,1280.74,Maison,1072.34
59620,113,6137.32,Appartement,5714.29
59620,732,1781.0,Maison,1272.12
59630,221,14490.15,Appartement,9990.0
59630,892,1906.28,Maison,1742.42
59640,69,5098.98,Appartement,4145.45
59640,705,2000.53,Maison,1733.33
59650,1701,80331.72,Appartement,4679.57
59650,1299,20421.14,Maison,3109.89
59660,147,7278.07,Appartement,4928.18
59660,772,2052.51,Maison,1792.7
59670,37,11632.26,Appartement,2272.73
59670,801,2473.85,Maison,1973.68
59680,76,7054.28,Appartement,6743.75
59680,693,1653.26,Maison,1405.52
59690,47,7604.85,Appartement,4307.69
59690,667,49807.39,Maison,1492.54
59700,1820,376694.02,Appartement,3720.76
59700,2019,12729.2,Maison,4198.35
59710,102,4859.47,Appartement,3067.42
59710,733,3359.23,Maison,3069.31
59720,107,19586.54,Appartement,1470.59
59720,335,3283.75,Maison,1278.4
59730,56,3513.27,Appartement,2468.38
59730,650,1259.32,Maison,1067.04
59740,38,2549.57,Appartement,2004.17
59740,463,1480.56,Maison,1222.22
59750,63,5529.26,Appartement,4705.13
59750,522,1832.11,Maison,1380.42
59760,102,2083.41,Appartement,1178.58
59760,465,1991.52,Maison,1619.32
59770,247,96929.6,Appartement,5757.58
59770,682,1785.44,Maison,1592.92
59777,104,5120.76,Appartement,4475.48
59780,85,6173.0,Appartement,3949.15
59780,639,3341.89,Maison,3055.56
59790,727,4399.81,Appartement,2530.61
59790,941,2496.56,Maison,2417.35
59800,9885,38550.4,Appartement,4580.36
59800,1465,4057.61,Maison,3213.57
59810,222,1198834.82,Appartement,4297.19
59810,455,204408.89,Maison,3119.05
59820,387,45712.04,Appartement,11904.76
59820,617,3091.11,Maison,2026.79
59830,123,6452.56,Appartement,4000.0
59830,834,3163.16,Maison,3074.12
59840,271,5235.46,Appartement,3472.78
59840,765,2930.29,Maison,2846.94
59850,96,7891.11,Appartement,3845.83
59850,484,2532.95,Maison,2424.42
59860,106,73214.08,Appartement,5456.52
59860,710,19693.51,Maison,1337.84
59870,45,4656.93,Appartement,3420.0
59870,818,2101.7,Maison,2000.0
59880,223,8068.42,Appartement,2116.28
59880,605,2295.42,Maison,2021.28
59890,60,64458.16,Appartement,3457.73
59890,474,4739.88,Maison,2988.01
59910,63,8222.15,Appartement,4647.06
59910,775,5013.34,Maison,4342.86
59920,78,2690.23,Appartement,2050.0
59920,433,1242.09,Maison,1134.02
59930,98,6849.86,Appartement,3247.31
59930,575,2716.29,Maison,2498.65
59940,105,4489.07,Appartement,2835.29
59940,595,2151.0,Maison,2090.99
59950,6,33191.16,Appartement,4232.41
59950,339,1583.94,Maison,1415.09
59960,67,3179.46,Appartement,3070.51
59960,607,2758.8,Maison,2691.57
59970,232,442013.13,Appartement,513009.8
59970,638,34236.27,Maison,1407.62
59980,3,467.74,Appartement,428.57
59980,417,1164.8,Maison,1090.91
59990,51,2651.6,Appartement,2102.56
59990,722,2636.86,Maison,2048.46
60000,2613,5230.6,Appartement,2011.36
60000,1967,2675.6,Maison,2253.52
60100,1056,4740.71,Appartement,2062.81
60100,329,2979.03,Maison,2260.64
60110,316,7267.82,Appartement,2804.74
60110,862,2772.75,Maison,2595.77
60112,31,24086.41,Appartement,37500.0
60112,530,2731.49,Maison,1910.34
60113,10,4732.92,Appartement,4067.35
60113,92,2401.87,Maison,2140.87
60117,27,5210.17,Appartement,2586.21
60117,191,2537.56,Maison,2364.58
60119,10,4220.26,Appartement,3934.34
60119,136,2995.94,Maison,2825.53
60120,78,6765.32,Appartement,6000.0
60120,1050,1754.44,Maison,1557.78
60123,102,2070.73,Maison,1979.17
60126,22,6510.35,Appartement,5747.89
60126,168,2655.96,Maison,2174.1
60127,5,8823.12,Appartement,11415.62
60127,155,2621.49,Maison,2225.96
60128,40,9233.43,Appartement,3275.22
60128,177,4910.06,Maison,3294.57
60129,4,6156.81,Appartement,4553.95
60129,135,2450.86,Maison,2397.44
60130,183,3588.76,Appartement,1895.83
60130,1026,1993.8,Maison,1807.85
60134,1,1833.33,Appartement,1833.33
60134,122,2841.59,Maison,2334.38
60138,1,3209.88,Appartement,3209.88
60138,67,1788.36,Maison,1667.53
60140,223,4234.19,Appartement,2403.39
60140,578,2386.38,Maison,2333.33
60141,75,2437.65,Maison,2082.71
60149,3,2306.26,Appartement,2246.32
60149,117,2730.98,Maison,2556.39
60150,206,19562.14,Appartement,18764.32
60150,1175,3291.55,Maison,2144.33
60153,65,2234.39,Maison,2191.49
60155,90,2341.58,Maison,2183.91
60157,15,7740.95,Appartement,7982.76
60157,81,2572.41,Maison,2219.78
60160,313,3873.5,Appartement,2192.98
60160,357,2625.57,Maison,2335.23
60162,57,2090.25,Maison,1978.49
60170,43,3468.46,Appartement,2000.0
60170,911,2011.09,Maison,1879.12
60173,6,2532.47,Appartement,2684.21
60173,82,2524.45,Maison,2475.44
60175,10,2979.99,Appartement,2568.96
60175,88,2859.75,Maison,2757.69
60180,626,16245.56,Appartement,1671.0
60180,492,2598.47,Maison,2262.77
60190,33,6987.93,Appartement,6355.93
60190,1128,2474.79,Maison,2141.6
60200,2875,8577.02,Appartement,2677.42
60200,874,5754.53,Maison,3138.92
60210,33,10579.27,Appartement,8596.49
60210,635,1689.02,Maison,1577.78
60220,42,6662.0,Appartement,5599.21
60220,704,1694.34,Maison,1502.3
60230,338,4693.88,Appartement,3647.24
60230,395,3412.18,Maison,3302.08
60240,107,7579.78,Appartement,3919.0
60240,1415,2869.02,Maison,2522.43
60250,222,21715.03,Appartement,2850.17
60250,920,2283.78,Maison,2076.04
60260,361,6388.96,Appartement,4013.89
60260,891,5711.55,Maison,4360.0
60270,221,4208.86,Appartement,3636.36
60270,521,5040.12,Maison,3903.51
60280,639,8873.1,Appartement,2777.78
60280,693,2898.54,Maison,2607.59
60290,244,3965.69,Appartement,2058.76
60290,860,2459.42,Maison,2300.0
60300,944,56067.83,Appartement,3604.98
60300,1167,57693.67,Maison,3928.57
60310,25,3020.14,Appartement,3278.69
60310,663,1704.78,Maison,1608.7
60320,42,3378.93,Appartement,2241.86
60320,478,2475.81,Maison,2272.73
60330,320,12214.84,Appartement,3580.65
60330,329,3270.72,Maison,3025.64
60340,197,61139.37,Appartement,3480.0
60340,365,7076.23,Maison,2908.54
60350,76,6393.66,Appartement,3586.33
60350,1085,2262.37,Maison,1976.74
60360,47,4431.04,Appartement,3061.54
60360,491,1933.44,Maison,1632.65
60370,23,2834.02,Appartement,2434.15
60370,296,2518.36,Maison,2307.69
60380,21,4766.98,Appartement,2937.5
60380,366,2049.16,Maison,1713.53
60390,20,7076.29,Appartement,6908.93
60390,487,2409.34,Maison,2179.78
60400,423,3113.8,Appartement,1517.86
60400,1565,1896.17,Maison,1550.0
60410,114,3645.99,Appartement,2643.35
60410,451,2683.3,Maison,2434.21
60420,24,4274.57,Appartement,4174.7
60420,579,1784.57,Maison,1666.67
60430,52,6554.82,Appartement,5400.13
60430,626,2460.09,Maison,2341.67
60440,188,17517.9,Appartement,3196.77
60440,473,3030.36,Maison,2773.83
60460,49,4581.14,Appartement,3270.83
60460,278,3539.76,Maison,3053.1
60480,5,5875.0,Appartement,7428.57
60480,585,2053.88,Maison,1816.33
60490,18,6488.11,Appartement,4552.38
60490,568,2923.16,Maison,1861.37
60500,963,6444.3,Appartement,4154.1
60500,275,8781.47,Maison,4831.93
60510,68,7215.55,Appartement,4475.74
60510,796,2329.3,Maison,2080.12
60520,216,48712.42,Appartement,5434.44
60520,254,3268.63,Maison,3182.38
60530,141,4285.19,Appartement,3085.71
60530,737,2888.82,Maison,2727.27
60540,104,7006.82,Appartement,3500.0
60540,403,3091.76,Maison,2917.65
60550,69,4910.55,Appartement,2902.44
60550,356,3667.29,Maison,2625.13
60560,44,4074.38,Appartement,3948.46
60560,241,4773.5,Maison,3661.54
60570,26,2501.03,Appartement,2303.87
60570,465,2663.98,Maison,2467.53
60580,130,3837.07,Appartement,3437.56
60580,179,4262.26,Maison,3785.71
60590,38,4884.02,Appartement,3508.64
60590,842,2420.94,Maison,2217.26
60600,658,8989.37,Appartement,2339.13
60600,1231,2425.62,Maison,2291.67
60610,64,3005.41,Appartement,2596.51
60610,289,2573.28,Maison,2525.0
60620,35,3044.26,Appartement,2375.0
60620,404,2553.94,Maison,2459.56
60640,31,14727.77,Appartement,16372.09
60640,323,1434.37,Maison,1363.64
60650,102,12706.4,Appartement,18750.0
60650,1036,2450.63,Maison,2000.0
60660,137,4645.69,Appartement,2190.48
60660,399,3032.96,Maison,2372.22
60680,10,16153.35,Appartement,15909.09
60680,247,2541.9,Maison,2369.37
60690,208,1930.03,Maison,1670.53
60700,610,4588.71,Appartement,2478.26
60700,1194,2936.54,Maison,2485.42
60710,7,2401.57,Appartement,2656.25
60710,194,2506.18,Maison,2404.01
60730,79,9056.49,Appartement,2909.09
60730,676,2631.85,Maison,2423.08
60740,77,4246.08,Appartement,2955.56
60740,119,5198.09,Maison,3016.67
60750,27,3879.01,Appartement,4035.08
60750,223,3093.27,Maison,2371.79
60790,6,2692.58,Appartement,2566.46
60790,211,2440.18,Maison,2227.72
60800,625,5078.13,Appartement,3083.33
60800,920,2903.91,Maison,2669.28
60810,30,9738.37,Appartement,7259.95
60810,169,3620.22,Maison,3053.73
60820,21,3187.45,Appartement,2906.98
60820,108,3269.93,Maison,2926.14
60840,25,9520.11,Appartement,5222.22
60840,300,2700.33,Maison,2272.33
60850,3,5658.32,Appartement,6380.95
60850,477,2072.64,Maison,1892.19
60860,168,2109.86,Maison,1867.77
60870,117,30606.17,Appartement,2551.72
60870,527,2168.99,Maison,2328.77
60880,51,4717.24,Appartement,3210.53
60880,372,2752.26,Maison,2569.23
60890,39,6647.51,Appartement,3923.08
60890,338,2344.41,Maison,2182.09
60930,9,7234.16,Appartement,7166.67
60930,103,2287.63,Maison,2138.46
60940,16,16980.57,Appartement,16487.07
60940,293,2859.75,Maison,2678.9
60950,28,4490.12,Appartement,3529.2
60950,221,3455.99,Maison,2963.64
60960,8,2229.04,Appartement,2103.66
60960,78,1472.93,Maison,1262.5
61000,1245,3623.46,Appartement,1529.41
61000,1358,1723.87,Maison,1589.86
61100,756,3386.42,Appartement,1650.0
61100,2073,1393.4,Maison,1279.07
61110,71,2831.22,Appartement,1860.47
61110,982,1828.6,Maison,1473.74
61120,63,2297.64,Appartement,1294.12
61120,901,2802.6,Maison,1463.41
61130,45,9554.47,Appartement,3339.62
61130,911,2078.72,Maison,1485.51
61140,532,3482.55,Appartement,2015.01
61140,573,1725.71,Maison,1446.43
61150,17,3430.63,Appartement,3242.11
61150,591,1883.25,Maison,1333.33
61160,50,2862.84,Appartement,2515.96
61160,668,3044.04,Maison,1407.67
61170,36,2359.86,Appartement,1852.13
61170,617,2018.4,Maison,1500.0
61190,39,7464.6,Appartement,7403.9
61190,629,1896.4,Maison,1500.0
61200,383,3516.66,Appartement,2022.86
61200,846,2053.34,Maison,1582.73
61210,11,5736.67,Appartement,5000.0
61210,650,12257.15,Maison,1403.88
61220,12,1948.12,Appartement,1686.44
61220,478,1218.97,Maison,1150.19
61230,25,2702.17,Appartement,1684.93
61230,540,3204.64,Maison,1350.42
61240,10,8715.96,Appartement,1499.65
61240,319,1593.19,Maison,1114.58
61250,42,6248.62,Appartement,2473.53
61250,1153,1904.96,Maison,1594.59
61260,71,18354.44,Appartement,22500.0
61260,458,3851.86,Maison,1330.95
61270,19,3066.71,Appartement,1959.18
61270,730,1665.56,Maison,1400.35
61290,31,3207.34,Appartement,2800.0
61290,642,2029.91,Maison,1526.61
61300,278,3522.48,Appartement,2218.75
61300,1074,1624.52,Maison,1483.14
61310,43,186019.3,Appartement,177777.78
61310,344,34314.0,Maison,1564.63
61320,11,2213.87,Appartement,2068.97
61320,537,1447.35,Maison,1200.0
61330,2,3111.11,Appartement,3111.11
61330,476,1394.99,Maison,1200.0
61340,10,81244.64,Appartement,71902.31
61340,505,2573.39,Maison,1563.64
61350,16,1477.94,Appartement,1056.54
61350,639,1462.19,Maison,1074.55
61360,9,1411.1,Appartement,1686.75
61360,333,1952.21,Maison,1500.0
61370,26,18312.49,Appartement,3376.07
61370,373,1758.39,Maison,1311.63
61380,13,1641.12,Appartement,722.22
61380,434,1718.25,Maison,1373.86
61390,18,43646.78,Appartement,32266.46
61390,225,1793.26,Maison,1349.21
61400,146,4459.14,Appartement,3341.67
61400,941,2200.46,Maison,1562.5
61410,17,3580.1,Appartement,3728.81
61410,266,1156.89,Maison,935.42
61420,4,897.7,Appartement,891.67
61420,329,2004.56,Maison,1373.53
61430,21,2170.42,Appartement,1532.73
61430,473,1786.3,Maison,1290.91
61440,5,1388.3,Appartement,1621.62
61440,216,1336.42,Maison,1290.53
61450,7,515.52,Appartement,394.74
61450,247,1178.52,Maison,1188.42
61470,12,992.93,Appartement,541.67
61470,367,1435.39,Maison,1266.67
61490,1,625.0,Appartement,625.0
61490,114,1148.04,Maison,1019.07
61500,164,3050.12,Appartement,2550.0
61500,867,1650.33,Maison,1346.15
61550,7,1791.66,Appartement,2250.0
61550,548,1538.86,Maison,1451.92
61560,302,2684.29,Maison,1634.31
61570,43,5593.56,Appartement,3247.83
61570,551,1505.34,Maison,1348.68
61600,220,3732.83,Appartement,2054.29
61600,1011,1434.05,Maison,1250.0
61700,157,3870.6,Appartement,2556.0
61700,1006,1477.89,Maison,1203.7
61790,150,180802.85,Appartement,200000.0
61790,119,1426.11,Maison,1250.82
61800,42,2494.21,Appartement,1718.9
61800,1004,1199.44,Maison,1130.86
62000,2580,5819.42,Appartement,2742.4
62000,1786,5268.38,Maison,1980.24
62100,2807,4665.77,Appartement,2725.81
62100,3552,1673.12,Maison,1514.15
62110,458,4309.4,Appartement,2030.05
62110,1504,1733.97,Maison,1448.61
62111,8,2902.8,Appartement,3552.61
62111,194,1414.08,Maison,1322.1
62112,1,1625.0,Appartement,1625.0
62112,251,1744.17,Maison,1721.33
62113,25,11615.28,Appartement,5895.52
62113,415,1750.76,Maison,1727.27
62114,39,2138.72,Appartement,1540.74
62114,310,1831.21,Maison,1631.01
62116,3,2634.69,Appartement,2786.89
62116,210,1476.56,Maison,1437.36
62117,11,3069.88,Appartement,2625.0
62117,310,1851.31,Maison,1805.03
62118,24,4495.23,Appartement,3640.2
62118,556,1997.76,Maison,1812.97
62119,10,3543.9,Appartement,3048.84
62119,369,2011.31,Maison,1754.26
62120,191,4351.21,Appartement,2440.0
62120,1751,1857.22,Maison,1667.0
62121,252,1570.51,Maison,1418.16
62122,2,3820.71,Appartement,3820.71
62122,379,1791.68,Maison,1474.36
62123,5,3251.17,Appartement,4375.0
62123,485,1859.96,Maison,1794.15
62124,5,1278.51,Appartement,1154.41
62124,382,1393.76,Maison,1158.11
62126,65,4069.43,Appartement,3576.47
62126,338,2594.39,Maison,2319.88
62127,1,5573.77,Appartement,5573.77
62127,279,2212.99,Maison,1541.1
62128,25,2894.94,Appartement,1951.18
62128,428,1713.43,Maison,1666.67
62129,2,3206.17,Appartement,3206.17
62129,426,1841.2,Maison,1737.43
62130,264,13697.72,Appartement,8055.56
62130,936,1389.52,Maison,1260.17
62131,24,1656.17,Appartement,1636.36
62131,278,1793.91,Maison,1743.65
62132,232,1852.47,Maison,1798.08
62134,18,3055.75,Appartement,3304.6
62134,342,1412.13,Maison,1227.25
62136,14,23596.4,Appartement,9207.59
62136,868,60123.66,Maison,2273.78
62137,22,1872.02,Appartement,1699.65
62137,382,2326.94,Maison,1875.0
62138,66,3903.51,Appartement,2778.73
62138,1447,1925.54,Maison,1904.76
62140,245,10122.76,Appartement,4519.23
62140,1120,1443.7,Maison,1300.44
62141,2,2716.67,Appartement,2716.67
62141,258,1832.07,Maison,1768.4
62142,15,11034.95,Appartement,11230.77
62142,205,2189.12,Maison,2019.46
62143,2,1508.13,Appartement,1508.13
62143,192,1845.5,Maison,1766.3
62144,2,1714.83,Appartement,1714.83
62144,224,2181.03,Maison,2076.15
62145,264,1332.28,Maison,1306.4
62147,165,1151.03,Maison,1076.92
62149,13,5189.65,Appartement,6200.0
62149,461,1947.1,Maison,1842.88
62150,39,3597.96,Appartement,3082.81
62150,627,1675.73,Maison,1554.35
62151,5,1632.75,Appartement,1493.67
62151,228,1350.61,Maison,1255.28
62152,558,5632.0,Appartement,5471.44
62152,601,3871.4,Maison,3807.69
62153,13,5052.16,Appartement,5461.54
62153,315,2122.8,Maison,2016.13
62155,461,4352.78,Appartement,4083.33
62155,548,3762.64,Maison,3234.09
62156,1,4265.31,Appartement,4265.31
62156,179,1643.88,Maison,1666.67
62157,7,5299.86,Appartement,3948.48
62157,220,1559.68,Maison,1482.78
62158,120,1599.0,Maison,1458.85
62159,128,1462.77,Maison,1371.13
62160,139,4074.51,Appartement,2731.71
62160,977,2738.23,Maison,1641.94
62161,11,15476.25,Appartement,7868.85
62161,289,7632.94,Maison,2210.53
62162,12,9087.05,Appartement,8314.46
62162,155,2329.97,Maison,1951.22
62164,50,6594.46,Appartement,4807.41
62164,234,4298.05,Maison,3424.62
62170,83,4696.32,Appartement,3658.54
62170,1372,2798.05,Maison,2125.0
62172,148,1900.93,Maison,1884.12
62173,163,1816.16,Maison,1701.03
62175,108,1731.06,Maison,1691.57
62176,447,4188.54,Appartement,4100.0
62176,373,3209.85,Maison,3208.79
62179,73,5824.83,Appartement,5652.17
62179,244,3981.45,Maison,3692.17
62180,4,2303.18,Appartement,2399.01
62180,892,3002.26,Maison,2354.1
62182,6,4989.03,Appartement,4062.5
62182,99,1690.1,Maison,1401.46
62185,1,1800.0,Appartement,1800.0
62185,121,2213.53,Maison,2061.54
62187,100,4534.4,Maison,2099.52
62190,61,5212.28,Appartement,3931.62
62190,1027,1353.5,Maison,1222.43
62196,11,2568.19,Appartement,1558.78
62196,56,1838.55,Maison,1785.18
62199,43,1472.34,Maison,1456.31
62200,3013,4301.82,Appartement,2633.8
62200,1211,2122.63,Maison,1641.79
62210,265,2452.18,Appartement,1490.91
62210,723,1609.18,Maison,1480.77
62215,23,3337.4,Appartement,3200.0
62215,367,1970.11,Maison,1910.83
62217,232,10579.64,Appartement,2368.12
62217,999,2933.65,Maison,1976.47
62218,21,3632.74,Appartement,3092.11
62218,352,1591.34,Maison,1544.8
62219,215,54938.86,Appartement,24931.25
62219,474,2580.37,Maison,1738.5
62220,122,3530.42,Appartement,2705.77
62220,1059,1993.65,Maison,1756.82
62221,22,3410.54,Appartement,1863.35
62221,278,1549.58,Maison,1424.04
62223,350,11098.94,Appartement,3000.0
62223,1123,3488.91,Maison,2028.52
62224,71,5237.54,Appartement,4310.57
62224,163,2796.89,Maison,2250.69
62230,135,2369.65,Appartement,1925.93
62230,714,1726.07,Maison,1666.07
62231,113,4275.87,Appartement,2723.43
62231,368,2512.74,Maison,2333.33
62232,38,6349.96,Appartement,4531.25
62232,984,2191.55,Maison,1745.23
62240,50,3895.67,Appartement,3410.81
62240,913,1952.12,Maison,1614.38
62250,49,5847.39,Appartement,3278.69
62250,808,4398.57,Maison,1960.76
62260,128,5024.45,Appartement,1930.56
62260,993,1241.41,Maison,1163.81
62270,6,3452.32,Appartement,3333.7
62270,648,1371.14,Maison,1069.9
62280,321,4523.98,Appartement,2504.41
62280,689,2086.35,Maison,1895.6
62290,137,2976.6,Appartement,2065.77
62290,629,1471.22,Maison,1408.87
62300,1488,30660.14,Appartement,3408.52
62300,1254,1898.93,Maison,1511.88
62310,22,2453.63,Appartement,1881.67
62310,561,1250.92,Maison,1150.0
62320,94,8915.58,Appartement,7663.79
62320,570,2280.59,Maison,1699.51
62330,53,3319.51,Appartement,1466.67
62330,734,1428.38,Maison,1343.05
62340,29,5191.45,Appartement,3500.0
62340,714,1904.35,Maison,1775.76
62350,36,9554.8,Appartement,3876.66
62350,645,2792.74,Maison,1802.2
62360,38,2956.18,Appartement,1960.71
62360,1248,3025.34,Maison,2154.65
62370,45,2553.29,Appartement,2289.38
62370,1251,2740.95,Maison,1929.82
62380,15,2840.03,Appartement,2571.43
62380,1214,1662.49,Maison,1547.22
62390,5,2142.17,Appartement,1305.97
62390,453,1290.33,Maison,1090.35
62400,1125,4016.71,Appartement,2134.83
62400,1523,1676.38,Maison,1585.37
62410,221,450849.34,Appartement,20896.55
62410,927,1829.75,Maison,1743.39
62420,58,5161.77,Appartement,5400.0
62420,338,1419.12,Maison,1379.77
62430,79,4803.79,Appartement,2800.0
62430,252,1544.98,Maison,1435.15
62440,120,117273.33,Appartement,200588.24
62440,639,1820.63,Maison,1521.13
62450,62,5364.87,Appartement,5198.15
62450,392,1814.57,Maison,1368.64
62460,44,1238.24,Appartement,1070.9
62460,494,1451.52,Maison,1352.94
62470,16,6811.01,Appartement,8031.3
62470,362,1420.06,Maison,1343.5
62480,411,7783.32,Appartement,2317.07
62480,402,1906.53,Maison,1741.8
62490,30,5522.04,Appartement,5125.0
62490,565,3342.95,Maison,1867.47
62500,1231,8604.23,Appartement,3550.0
62500,1453,1948.56,Maison,1672.41
62510,115,4798.38,Appartement,3600.0
62510,565,1799.89,Maison,1662.92
62520,1594,12371.75,Appartement,8698.19
62520,768,10397.58,Maison,8823.53
62530,25,2295.01,Appartement,1714.29
62530,353,1658.48,Maison,1566.27
62540,20,8720.13,Appartement,7421.05
62540,291,1317.28,Maison,1218.75
62550,10,2518.15,Appartement,2532.05
62550,443,1590.89,Maison,1378.95
62560,17,1468.01,Appartement,1321.49
62560,587,1548.27,Maison,1384.69
62570,14,19808.3,Appartement,21457.45
62570,491,1675.34,Maison,1665.43
62575,1,1070.59,Appartement,1070.59
62575,472,2340.33,Maison,1718.61
62580,40,7486.89,Appartement,6549.82
62580,952,2091.66,Maison,2012.05
62590,129,111180.76,Appartement,143661.89
62590,456,2052.04,Maison,1857.91
62600,1762,4843.42,Appartement,3366.24
62600,1184,2922.59,Maison,2521.06
62610,34,3675.12,Appartement,3341.0
62610,709,2071.45,Maison,1882.35
62620,29,898446.8,Appartement,1080348.57
62620,542,1708.81,Maison,1561.56
62630,313,13698.55,Appartement,4245.28
62630,916,3087.45,Maison,2234.15
62640,103,2192.68,Appartement,1407.27
62640,441,1851.28,Maison,1571.98
62650,519,1822.91,Maison,1529.09
62660,208,8374.19,Appartement,4097.92
62660,478,1714.79,Maison,1644.5
62670,77,2602.08,Appartement,1486.84
62670,358,1848.45,Maison,1480.18
62680,135,16590.93,Appartement,14561.4
62680,524,1673.58,Maison,1554.68
62690,14,2643.67,Appartement,2171.78
62690,469,1794.1,Maison,1753.25
62700,369,78249.49,Appartement,4566.67
62700,973,4666.04,Maison,1360.19
62710,40,3577.49,Appartement,2401.0
62710,549,1872.4,Maison,1731.71
62720,25,4452.73,Appartement,3176.71
62720,362,2901.24,Maison,1904.2
62730,23,2387.87,Appartement,2045.45
62730,833,9289.05,Maison,2030.0
62740,8,1935.22,Appartement,1983.03
62740,276,1577.46,Maison,1444.83
62750,119,96649.64,Appartement,18235.29
62750,388,2629.61,Maison,1666.67
62760,5,5798.97,Appartement,6000.0
62760,220,1268.83,Maison,1216.73
62770,4,1371.3,Appartement,1364.99
62770,537,1945.34,Maison,1250.0
62780,602,6778.87,Appartement,4393.22
62780,714,5129.06,Maison,4119.17
62790,12,3734.38,Appartement,2361.08
62790,341,1874.05,Maison,1806.45
62800,470,43655.98,Appartement,5850.0
62800,1257,1635.25,Maison,1494.49
62810,20,5080.32,Appartement,2804.82
62810,415,1580.46,Maison,1486.49
62820,7,2805.92,Appartement,1860.78
62820,305,1820.34,Maison,1704.2
62830,16,4549.55,Appartement,3792.86
62830,529,2043.57,Maison,1927.71
62840,42,3328.19,Appartement,2491.06
62840,1074,78039.33,Maison,2486.9
62850,5,3724.43,Appartement,2666.67
62850,352,2022.25,Maison,1792.57
62860,31,3497.96,Appartement,2916.67
62860,766,1615.58,Maison,1429.5
62870,2,1162.26,Appartement,1162.26
62870,288,1751.03,Maison,1491.67
62880,103,3201.78,Appartement,2222.22
62880,910,1915.64,Maison,1734.17
62890,9,3966.2,Appartement,4561.4
62890,577,2307.73,Maison,1757.63
62910,4,3224.41,Appartement,3088.95
62910,644,2147.51,Maison,1859.83
62920,2,2837.44,Appartement,2837.44
62920,412,1781.11,Maison,1721.32
62930,378,5479.39,Appartement,5000.0
62930,393,4273.13,Maison,3670.89
62940,14,3679.98,Appartement,3436.42
62940,223,1650.38,Maison,1473.21
62950,18,6015.0,Appartement,2177.61
62950,218,2068.75,Maison,1757.91
62960,287,1396.19,Maison,1428.57
62970,1,2127.66,Appartement,2127.66
62970,414,1805.73,Maison,1704.69
62980,64,159394.54,Appartement,206666.67
62980,322,1772.39,Maison,1679.14
62990,9,4850.48,Appartement,2000.0
62990,538,10039.7,Maison,1575.42
63000,8593,4884.09,Appartement,2437.5
63000,860,3171.08,Maison,2694.72
63100,3577,4257.43,Appartement,2058.91
63100,1196,3416.66,Maison,2433.08
63110,529,4408.57,Appartement,2310.29
63110,330,2917.79,Maison,2714.0
63112,7,1872.25,Appartement,1911.11
63112,168,2350.76,Maison,2268.94
63113,26,1757.75,Appartement,881.13
63113,85,2063.23,Maison,1778.57
63114,12,2806.75,Appartement,2271.5
63114,169,2103.55,Maison,1960.22
63115,5,4078.8,Appartement,3538.46
63115,231,2079.07,Maison,2014.93
63116,5,2184.78,Appartement,1800.0
63116,84,2067.1,Maison,2030.29
63117,6,2164.2,Appartement,2019.96
63117,118,2802.79,Maison,1925.8
63118,120,3263.07,Appartement,2376.54
63118,387,2468.62,Maison,2357.8
63119,36,2653.61,Appartement,2140.72
63119,178,2346.91,Maison,2225.07
63120,147,3231.24,Appartement,1724.14
63120,653,1409.24,Maison,1282.35
63122,107,4437.7,Appartement,2993.44
63122,603,2866.64,Maison,2666.67
63130,497,3647.93,Appartement,2331.45
63130,180,2799.75,Maison,2708.25
63140,531,4668.69,Appartement,2816.67
63140,435,2676.33,Maison,2183.04
63150,750,2942.22,Appartement,1910.83
63150,194,1990.06,Maison,1726.99
63160,93,3966.9,Appartement,2957.14
63160,782,1754.69,Maison,1697.04
63170,383,5351.11,Appartement,2833.72
63170,592,2727.53,Maison,2600.44
63190,116,4411.09,Appartement,3318.7
63190,1015,1988.67,Maison,1955.05
63200,997,3996.57,Appartement,2316.67
63200,1732,2850.35,Maison,2315.73
63210,57,3171.42,Appartement,1901.25
63210,366,1968.65,Maison,1741.45
63220,67,1316.79,Appartement,875.0
63220,508,909.17,Maison,761.42
63230,83,2718.75,Appartement,2457.45
63230,495,1710.66,Maison,1599.83
63240,629,3268.35,Appartement,2575.0
63240,127,2771.89,Maison,2229.85
63250,62,1393.56,Appartement,1002.74
63250,336,1300.65,Maison,926.5
63260,62,2897.16,Appartement,2088.01
63260,637,1948.33,Maison,1785.71
63270,57,3215.17,Appartement,2966.1
63270,769,2077.03,Maison,1971.08
63290,71,1504.69,Appartement,1190.48
63290,707,1363.53,Maison,1200.0
63300,1119,6611.6,Appartement,1400.0
63300,980,1320.61,Maison,1117.16
63310,14,1569.2,Appartement,1757.05
63310,618,1624.19,Maison,1486.35
63320,44,3100.48,Appartement,2514.47
63320,663,1844.47,Maison,1652.77
63330,10,1672.39,Appartement,985.04
63330,403,1070.27,Maison,920.63
63340,64,6197.09,Appartement,3100.55
63340,626,1557.78,Maison,1363.11
63350,48,2121.37,Appartement,1629.41
63350,603,1674.77,Maison,1580.82
63360,319,3102.7,Appartement,1954.29
63360,578,2229.12,Maison,2229.12
63370,146,3118.82,Appartement,2368.89
63370,377,2428.47,Maison,2336.07
63380,38,1822.98,Appartement,830.46
63380,376,1865.65,Maison,965.71
63390,33,2070.79,Appartement,1265.06
63390,366,1435.06,Maison,1069.55
63400,2049,3419.28,Appartement,2451.92
63400,313,3826.32,Maison,3551.4
63410,34,2859.14,Appartement,2398.5
63410,500,2155.15,Maison,1770.74
63420,20,642.42,Appartement,488.89
63420,194,1312.01,Maison,833.23
63430,93,3664.15,Appartement,2661.76
63430,863,5549.08,Maison,2375.93
63440,7,1207.95,Appartement,523.26
63440,380,1648.33,Maison,1312.32
63450,53,4623.66,Appartement,3849.14
63450,609,2585.09,Maison,2402.27
63460,13,1786.39,Appartement,1864.41
63460,478,1963.69,Maison,1902.1
63470,6,1907.0,Appartement,1586.9
63470,134,1135.01,Maison,951.54
63480,37,1355.18,Appartement,1250.0
63480,243,1194.76,Maison,935.48
63490,22,2431.09,Appartement,2425.5
63490,326,1508.13,Maison,1292.52
63500,897,3440.12,Appartement,1980.36
63500,1335,2236.25,Maison,1989.79
63510,64,5195.56,Appartement,3346.28
63510,234,2095.09,Maison,2091.22
63520,14,2777.52,Appartement,1714.29
63520,315,1471.31,Maison,1294.2
63530,55,3711.07,Appartement,2900.0
63530,554,2301.08,Maison,2298.64
63540,141,3112.34,Appartement,1976.39
63540,382,3278.37,Maison,2492.86
63550,43,2103.64,Appartement,1210.53
63550,272,1380.37,Maison,1104.2
63560,12,1117.7,Appartement,1009.17
63560,301,1334.06,Maison,993.16
63570,77,2566.94,Appartement,2063.49
63570,811,1346.49,Maison,1235.0
63580,13,1587.29,Appartement,1188.68
63580,286,1157.12,Maison,963.73
63590,38,1540.85,Appartement,1038.84
63590,301,1224.43,Maison,1017.99
63600,280,3038.62,Appartement,1742.42
63600,922,1325.75,Maison,1273.17
63610,591,3736.35,Appartement,2790.81
63610,224,2807.76,Maison,2244.09
63620,29,1357.49,Appartement,1128.67
63620,128,752.99,Maison,652.18
63630,24,1345.05,Appartement,1102.43
63630,257,1189.47,Maison,968.42
63640,22,1468.8,Appartement,890.35
63640,210,1258.79,Maison,917.51
63650,91,1327.76,Appartement,869.57
63650,155,876.89,Maison,810.13
63660,23,1707.8,Appartement,1650.0
63660,184,1470.54,Maison,1333.33
63670,154,10732.71,Appartement,3118.12
63670,614,2347.5,Maison,2346.94
63680,77,2129.56,Appartement,1763.64
63680,151,1727.86,Maison,1416.67
63690,52,1859.99,Appartement,1395.35
63690,225,1352.5,Maison,1171.05
63700,199,1827.58,Appartement,1126.76
63700,814,1159.01,Maison,875.0
63710,71,2118.18,Appartement,1397.06
63710,119,1759.48,Maison,1505.97
63720,28,2804.88,Appartement,2375.0
63720,521,2399.68,Maison,2270.45
63730,82,4615.92,Appartement,3521.41
63730,641,2194.39,Maison,2160.0
63740,11,1884.32,Appartement,1468.53
63740,125,1239.96,Maison,1275.51
63750,23,1198.99,Appartement,1250.0
63750,140,842.24,Maison,714.0
63760,19,1796.49,Appartement,1600.0
63760,115,1136.11,Maison,1018.52
63770,21,1591.7,Appartement,982.14
63770,139,3631.95,Maison,1439.39
63780,28,2662.68,Appartement,1917.67
63780,231,1350.35,Maison,1315.56
63790,99,3686.55,Appartement,2375.0
63790,208,3263.99,Maison,2017.42
63800,476,2928.58,Appartement,2224.68
63800,1143,2533.66,Maison,2369.23
63810,5,987.83,Appartement,784.62
63810,103,1646.03,Maison,1312.5
63820,2,590.83,Appartement,590.83
63820,73,1107.17,Maison,945.45
63830,40,4648.76,Appartement,2763.39
63830,231,2832.25,Maison,2595.74
63840,16,2373.62,Appartement,1831.34
63840,159,1306.48,Maison,1250.0
63850,19,1477.97,Appartement,1460.0
63850,121,1260.84,Maison,1052.63
63870,20,2827.01,Appartement,2557.85
63870,214,2793.79,Maison,2688.68
63880,36,1654.55,Appartement,1063.45
63880,201,1222.43,Maison,1033.33
63890,8,2857.19,Appartement,2626.46
63890,128,1161.55,Maison,1100.25
63910,47,3536.42,Appartement,1843.75
63910,330,2121.44,Maison,2128.69
63920,43,2045.86,Appartement,1560.98
63920,177,1750.9,Maison,1750.0
63930,7,712.64,Appartement,600.0
63930,122,1403.98,Maison,1241.67
63940,14,2119.32,Appartement,1901.95
63940,150,1067.09,Maison,955.58
63950,18,3025.41,Appartement,3500.0
63950,102,1418.49,Maison,1270.57
63960,40,6315.38,Appartement,6410.85
63960,263,2650.69,Maison,2487.6
63970,24,5848.64,Appartement,4311.84
63970,269,2498.39,Maison,2444.44
63980,15,2079.41,Appartement,2229.86
63980,125,1196.11,Maison,1004.0
63990,5,1654.55,Appartement,933.33
63990,104,1248.02,Maison,1133.33
64000,10142,4951.31,Appartement,2200.0
64000,1471,2862.74,Maison,2571.43
64023,13,3116.27,Appartement,2359.02
64023,1,2591.42,Maison,2591.42
64100,4875,5945.53,Appartement,4095.24
64100,543,6422.58,Maison,4800.0
64110,485,2810.75,Appartement,2045.45
64110,894,2847.1,Maison,2463.33
64120,188,3044.86,Appartement,2573.17
64120,511,2227.01,Maison,2066.67
64121,48,5043.64,Appartement,3239.81
64121,475,2789.24,Maison,2581.05
64122,517,4802.07,Appartement,4276.79
64122,389,5894.5,Maison,5189.66
64130,170,3216.55,Appartement,1927.71
64130,493,1469.27,Maison,1417.24
64140,1845,2942.91,Appartement,2135.09
64140,930,2561.68,Maison,2489.24
64150,427,18412.3,Appartement,2900.0
64150,521,1750.49,Maison,1728.97
64160,78,4572.67,Appartement,2287.06
64160,1254,4259.75,Maison,2137.43
64170,76,3143.16,Appartement,2110.56
64170,382,1933.34,Maison,1859.72
64190,81,2908.88,Appartement,2000.0
64190,525,1777.02,Maison,1589.89
64200,3767,10950.23,Appartement,7460.32
64200,1268,8462.96,Maison,7222.37
64210,738,9362.69,Appartement,6659.79
64210,688,8980.65,Maison,6765.68
64220,212,5507.85,Appartement,2967.74
64220,306,2381.25,Maison,2298.74
64230,273,4526.08,Appartement,2600.0
64230,1487,2819.77,Maison,2455.86
64240,454,4764.94,Appartement,3516.08
64240,645,3553.99,Maison,3441.56
64250,618,7345.82,Appartement,4113.25
64250,530,4030.99,Maison,3666.67
64260,189,4077.71,Appartement,2537.79
64260,499,1835.81,Maison,1738.89
64270,333,3295.88,Appartement,2100.0
64270,1035,2059.14,Maison,1864.85
64290,79,2868.2,Appartement,2052.59
64290,601,2355.25,Maison,2147.98
64300,779,2785.0,Appartement,1875.0
64300,1688,2279.09,Maison,1875.0
64310,392,5960.27,Appartement,4182.21
64310,645,5294.13,Maison,4765.96
64320,290,3174.52,Appartement,2488.22
64320,835,2721.55,Maison,2621.62
64330,17,6121.74,Appartement,6312.5
64330,329,1691.78,Maison,1539.33
64340,450,21589.86,Appartement,3962.44
64340,308,4463.26,Maison,4128.44
64350,18,1807.44,Appartement,1480.19
64350,384,1607.05,Maison,1467.04
64360,44,2355.71,Appartement,2046.41
64360,490,2057.45,Maison,2022.99
64370,12,2368.47,Appartement,1965.91
64370,451,1980.78,Maison,1833.03
64390,48,1588.19,Appartement,1545.31
64390,390,1956.62,Maison,1759.86
64400,925,3916.09,Appartement,1581.2
64400,1207,1826.38,Maison,1712.64
64410,32,3493.51,Appartement,2759.17
64410,341,1650.07,Maison,1677.81
64420,36,2408.62,Appartement,1951.45
64420,592,2123.8,Maison,2126.29
64430,42,3804.5,Appartement,2300.0
64430,81,2092.31,Maison,1800.0
64440,526,1851.67,Appartement,1775.11
64440,127,1989.81,Maison,1875.0
64450,9,3315.41,Appartement,1813.19
64450,381,2111.91,Maison,2131.62
64460,5,1184.92,Appartement,1165.17
64460,168,1853.37,Maison,1513.72
64470,33,1562.63,Appartement,1323.53
64470,174,1322.39,Maison,1099.35
64480,424,10683.53,Appartement,4070.83
64480,412,4285.39,Maison,3981.11
64490,59,2294.81,Appartement,1732.29
64490,260,1704.69,Maison,1445.83
64500,2365,9450.86,Appartement,6200.0
64500,552,8749.04,Maison,7111.11
64510,69,2081.52,Appartement,1803.28
64510,538,2356.28,Maison,2263.4
64520,177,13836.06,Appartement,4256.56
64520,430,3248.62,Maison,2745.31
64530,53,1951.87,Appartement,1591.3
64530,349,1863.21,Maison,1839.23
64560,4,1085.7,Appartement,1085.7
64560,59,1498.65,Maison,1203.01
64570,182,2168.93,Appartement,2103.42
64570,242,1852.77,Maison,1732.25
64600,3205,10142.85,Appartement,5268.29
64600,1404,8578.73,Maison,7058.44
64640,13,2809.94,Appartement,2522.73
64640,100,2325.96,Maison,2423.74
64660,2,725.83,Appartement,725.83
64660,41,1346.27,Maison,1359.22
64680,7,4036.5,Appartement,4343.75
64680,135,1673.74,Maison,1577.24
64700,2099,5164.67,Appartement,4578.9
64700,327,5089.46,Maison,4688.31
64780,60,4245.44,Appartement,3265.98
64780,99,2381.38,Maison,2092.31
64800,296,2904.73,Appartement,2142.86
64800,1199,1999.18,Maison,1911.76
64870,54,1787.56,Maison,1774.08
64990,523,10233.92,Appartement,4017.1
64990,981,4766.93,Maison,4081.78
65000,4935,3168.06,Appartement,1484.21
65000,1219,2166.65,Maison,1707.69
65100,2010,3090.03,Appartement,1440.4
65100,956,2080.65,Maison,1679.97
65110,949,4181.72,Appartement,3550.0
65110,63,3388.83,Maison,3416.22
65120,593,8877.52,Appartement,2725.27
65120,218,3172.75,Maison,2234.49
65130,110,3769.16,Appartement,1785.51
65130,390,1732.4,Maison,1602.28
65140,27,2284.57,Appartement,2216.22
65140,405,1451.6,Maison,1409.83
65150,52,5263.75,Appartement,3722.27
65150,391,1462.02,Maison,1357.14
65170,1323,3456.17,Appartement,3056.67
65170,192,3422.65,Maison,2941.56
65190,36,3552.58,Appartement,1794.87
65190,366,1787.54,Maison,1560.42
65200,1628,25733.29,Appartement,2314.81
65200,875,2221.08,Maison,1828.5
65220,64,3818.5,Appartement,1957.74
65220,342,9081.74,Maison,1220.87
65230,20,1394.14,Appartement,1042.88
65230,229,1610.21,Maison,1289.89
65240,446,2880.46,Appartement,2612.7
65240,223,2467.85,Maison,2403.87
65250,28,3714.17,Appartement,2661.78
65250,239,1669.15,Maison,1511.63
65260,85,2824.71,Appartement,2125.0
65260,141,2050.13,Maison,1972.03
65270,24,1598.38,Appartement,1075.99
65270,107,1513.43,Maison,1239.26
65290,19,2022.04,Appartement,1736.84
65290,276,2023.09,Maison,1914.52
65300,435,26892.52,Appartement,1470.59
65300,450,1912.23,Maison,1426.96
65310,60,4145.69,Appartement,2381.0
65310,430,2013.58,Maison,1851.85
65320,57,2573.44,Appartement,1726.71
65320,389,1841.56,Maison,1825.66
65330,22,2846.4,Appartement,2367.87
65330,139,1190.03,Maison,1118.02
65350,6,2640.6,Appartement,2602.84
65350,386,1801.56,Maison,1767.24
65360,3,2275.01,Appartement,2005.05
65360,242,2129.21,Maison,1950.43
65370,78,3793.17,Appartement,2054.49
65370,348,1503.56,Maison,1327.7
65380,15,5082.56,Appartement,3116.0
65380,315,1936.65,Maison,1828.28
65390,15,2967.29,Appartement,1550.0
65390,127,1639.83,Maison,1680.39
65400,451,10518.41,Appartement,2827.31
65400,628,3079.18,Maison,2257.63
65410,60,50470.33,Appartement,4213.11
65410,98,1683.59,Maison,1464.5
65420,39,2709.37,Appartement,1785.71
65420,132,2450.74,Maison,1973.03
65430,36,1728.51,Appartement,1322.92
65430,174,1822.92,Maison,1778.43
65440,3,1870.29,Appartement,1594.57
65440,16,1761.55,Maison,1630.34
65460,20,2410.46,Appartement,2557.75
65460,171,1843.03,Maison,1891.89
65490,69,1821.28,Maison,1827.22
65500,211,21133.55,Appartement,1818.18
65500,613,4162.45,Maison,1518.57
65510,73,4523.66,Appartement,4788.3
65510,28,4089.65,Maison,4090.07
65560,4,1981.44,Appartement,2087.96
65560,47,1430.31,Maison,1325.0
65590,4,7872.36,Appartement,7319.71
65590,29,2569.85,Maison,2168.57
65600,111,5750.62,Appartement,1799.21
65600,395,1707.24,Maison,1750.0
65660,12,3329.64,Maison,1484.68
65670,2,1766.67,Appartement,1766.67
65670,109,1291.86,Maison,1156.76
65690,18,3286.47,Appartement,1446.87
65690,236,1906.82,Maison,1818.83
65700,160,33041.38,Appartement,4833.33
65700,684,1493.76,Maison,1380.21
65710,120,2716.1,Appartement,2146.21
65710,286,2444.4,Maison,1944.35
65800,226,2296.8,Appartement,1561.42
65800,558,1805.89,Maison,1720.74
66000,9698,4028.56,Appartement,1838.71
66000,2839,2587.78,Maison,2187.5
66100,3060,2853.58,Appartement,1518.75
66100,489,2460.2,Maison,2217.39
66110,1594,2753.82,Appartement,1481.82
66110,235,2454.72,Maison,1960.53
66120,1179,3210.67,Appartement,2722.89
66120,191,3933.46,Maison,3614.46
66130,260,3291.39,Appartement,2248.32
66130,830,2009.09,Maison,1779.18
66140,2557,480425.64,Appartement,3821.43
66140,900,280628.13,Maison,3373.69
66150,148,2434.55,Appartement,1363.33
66150,369,2445.01,Maison,2000.0
66160,316,3249.15,Appartement,2460.94
66160,461,2648.32,Maison,2533.33
66170,192,1872104.73,Appartement,6645.99
66170,821,117622.76,Maison,2227.85
66180,86,3957.79,Appartement,3527.27
66180,255,2873.84,Maison,2733.33
66190,538,7280.22,Appartement,5210.1
66190,187,6165.48,Maison,4511.68
66200,517,3173.9,Appartement,2519.35
66200,1462,2676.73,Maison,2569.13
66210,1459,4922.94,Appartement,3035.71
66210,763,3777.81,Maison,3428.57
66220,69,1218.93,Appartement,929.49
66220,422,1269.22,Maison,1096.88
66230,164,1950.97,Appartement,1175.27
66230,169,1872.69,Maison,1546.39
66240,349,7349.18,Appartement,2225.0
66240,623,3441.76,Maison,2415.73
66250,309,3110.18,Appartement,2241.38
66250,779,2395.01,Maison,2402.26
66260,72,1381.45,Appartement,1120.02
66260,146,1856.29,Maison,1510.59
66270,135,7966.04,Appartement,3357.14
66270,500,2544.14,Maison,2384.48
66280,198,2564582.61,Appartement,3716.54
66280,384,772485.12,Maison,3070.85
66290,180,3418.62,Appartement,2770.12
66290,60,3283.82,Maison,3261.36
66300,416,5344.8,Appartement,3184.43
66300,2177,2878.62,Maison,2421.05
66310,44,3948.04,Appartement,2805.74
66310,265,1631.7,Maison,1562.5
66320,131,3565.9,Appartement,2967.09
66320,606,1966.36,Maison,1794.2
66330,136,3535.99,Appartement,2609.2
66330,544,2640.6,Maison,2605.1
66340,356,1343776.69,Appartement,4566.67
66340,146,255151.33,Maison,3271.24
66350,66,3838.08,Appartement,2492.33
66350,435,2498.03,Maison,2407.41
66360,73,1871096.35,Appartement,2380505.48
66360,282,1402.13,Maison,1271.68
66370,26,4254.82,Appartement,3393.59
66370,299,2370.95,Maison,2317.07
66380,92,3515.63,Appartement,3032.79
66380,749,2429.15,Maison,2487.18
66390,33,2528.97,Appartement,1822.83
66390,244,1979.96,Maison,1857.42
66400,488,4246.69,Appartement,2565.22
66400,877,3040.56,Maison,2727.27
66410,22,4123.52,Appartement,2585.83
66410,259,2309.53,Maison,2353.18
66420,2658,5270.83,Appartement,3200.0
66420,743,4359.35,Maison,3638.89
66430,228,3449805.66,Appartement,3912351.03
66430,597,723132.17,Maison,2666.67
66440,52,3543.52,Appartement,2744.4
66440,467,4179.69,Maison,2890.0
66450,68,3511.46,Appartement,2750.0
66450,415,2505.47,Maison,2500.0
66460,13,1647.11,Appartement,1538.46
66460,122,1010.08,Maison,849.1
66470,200,6153.08,Appartement,3578.06
66470,635,3537.36,Maison,3428.57
66480,119,2868.06,Appartement,2058.82
66480,393,2438.29,Maison,2222.22
66490,42,7174.36,Appartement,3883.87
66490,180,2685.67,Maison,2519.09
66500,505,20654.3,Appartement,2001.22
66500,1081,14540.01,Maison,1833.33
66510,31,4512.08,Appartement,4000.0
66510,222,2386.7,Maison,2266.22
66530,65,4193.69,Appartement,2153.85
66530,393,2475.22,Maison,2533.33
66540,36,2452.2,Appartement,2228.45
66540,180,2268.03,Maison,2217.14
66550,9,2428.62,Appartement,2962.96
66550,178,1960.07,Maison,1998.31
66560,10,2706.42,Appartement,2330.62
66560,205,2268.44,Maison,2385.34
66570,25,4747.81,Appartement,3160.0
66570,203,2696.47,Maison,2637.25
66600,372,7753.44,Appartement,2574.36
66600,1378,3504.3,Maison,2126.23
66610,10,2071.46,Appartement,1777.61
66610,91,2050.61,Maison,2045.45
66620,14,7600.24,Appartement,4141.33
66620,142,2790.83,Maison,2694.81
66650,458,5468.07,Appartement,3631.76
66650,291,3855.89,Maison,3449.61
66660,557,4787.97,Appartement,3050.85
66660,140,3802.37,Maison,3226.28
66670,75,4073.81,Appartement,3300.0
66670,350,2582.84,Maison,2459.94
66680,88,3162.67,Appartement,2707.35
66680,484,4938.6,Maison,2753.09
66690,214,4897.55,Appartement,3158.73
66690,1031,2855.5,Maison,2841.46
66700,1863,4212.58,Appartement,3538.75
66700,1002,3730.46,Maison,3275.5
66720,36,2175.21,Appartement,1697.75
66720,374,1515.15,Maison,1348.9
66730,8,1307.68,Appartement,919.79
66730,110,1270.71,Maison,960.77
66740,119,4190.32,Appartement,3327.86
66740,991,3196.3,Maison,2992.13
66750,2085,3840.96,Appartement,3563.86
66750,1443,4182.05,Maison,3981.48
66760,378,6462.39,Appartement,3105.78
66760,324,2769.03,Maison,2456.44
66800,415,4283.96,Appartement,3296.3
66800,344,3702.69,Maison,3251.18
66820,353,2266.99,Appartement,1402.13
66820,322,2235.82,Maison,1994.9
69001,2824,11341.46,Appartement,5647.72
69001,11,10768.58,Maison,8263.16
69002,3007,21293.27,Appartement,6088.75
69002,3,5292.02,Maison,5528.85
69003,8544,10576.41,Appartement,5000.0
69003,304,8063.22,Maison,6918.74
69004,3239,12225.3,Appartement,5546.84
69004,82,11045.94,Maison,8916.22
69005,3484,5490.59,Appartement,4113.09
69005,240,7452.23,Maison,6352.64
69006,4022,14481.68,Appartement,6087.13
69006,8,11143.41,Maison,8598.28
69007,8934,20226.9,Appartement,5043.97
69007,33,10534.87,Maison,6401.71
69008,6608,8878.23,Appartement,4506.01
69008,321,11422.37,Maison,5608.52
69009,4241,9091.85,Appartement,4295.0
69009,164,6518.66,Maison,5699.89
69100,13535,8279.11,Appartement,3999.5
69100,719,7641.08,Maison,4779.41
69110,1472,7807.6,Appartement,3826.08
69110,486,6575.14,Maison,5904.6
69115,64,2849.85,Maison,2460.66
69120,2487,5047.75,Appartement,3092.11
69120,437,3977.03,Maison,3577.98
69124,21,4996.52,Appartement,3593.65
69124,128,3696.22,Maison,3460.32
69126,178,8314.97,Appartement,4072.05
69126,305,4883.71,Maison,4550.0
69130,1153,16499.97,Appartement,4638.55
69130,381,8611.93,Maison,6298.46
69140,1421,14561.31,Appartement,3405.92
69140,556,5286.09,Maison,4337.95
69150,1885,8583.14,Appartement,3440.86
69150,566,6665.85,Maison,4373.33
69160,2016,18481.71,Appartement,4627.08
69160,475,6963.34,Maison,6458.59
69170,1041,4138.38,Appartement,2357.14
69170,599,2599.62,Maison,2405.05
69190,1585,14915.04,Appartement,12493.45
69190,143,5641.69,Maison,3541.43
69200,3851,31302.06,Appartement,3389.83
69200,548,4532.26,Maison,3551.03
69210,976,5451.07,Appartement,3326.43
69210,1375,3990.7,Maison,3739.84
69220,899,3415.04,Appartement,2311.48
69220,953,2970.28,Maison,2788.46
69230,962,5587.03,Appartement,3794.74
69230,512,5112.87,Maison,4950.27
69240,315,1959.32,Appartement,1560.0
69240,489,1584.99,Maison,1537.36
69250,791,5186.54,Appartement,3905.8
69250,680,4870.88,Maison,4666.67
69260,270,7602.9,Appartement,5183.52
69260,223,6475.88,Maison,5652.17
69270,1168,4370.85,Appartement,3138.89
69270,671,5265.34,Maison,4941.18
69280,175,8691.14,Appartement,4666.67
69280,256,4661.79,Maison,4701.49
69290,1129,6731.62,Appartement,4330.7
69290,1060,5208.65,Maison,4585.4
69300,3490,6938.44,Appartement,4224.24
69300,527,7813.74,Maison,6494.12
69310,480,4170.48,Appartement,3130.54
69310,175,5106.48,Maison,4270.68
69320,337,3323.08,Appartement,2624.44
69320,285,4547.8,Maison,3556.84
69330,1252,8013.77,Appartement,3690.32
69330,1490,4498.1,Maison,4113.63
69340,992,10013.7,Appartement,4417.84
69340,521,5864.0,Maison,5048.54
69350,503,7145.27,Appartement,3073.53
69350,45,19366.57,Maison,5653.97
69360,727,6260.8,Appartement,3938.78
69360,1008,4063.97,Maison,3888.85
69370,319,12706.8,Appartement,6313.73
69370,474,7906.69,Maison,6746.8
69380,706,8648.72,Appartement,3826.09
69380,1616,4337.72,Maison,4097.93
69390,562,14452.01,Appartement,4476.76
69390,788,4762.19,Maison,4583.33
69400,4506,5113.15,Appartement,2676.11
69400,1499,3516.0,Maison,3259.58
69410,417,11021.87,Appartement,4130.24
69410,156,6556.66,Maison,5543.75
69420,250,3457.92,Appartement,2647.79
69420,498,6584.09,Maison,2928.57
69430,175,3478.24,Appartement,2463.0
69430,738,2644.86,Maison,2182.74
69440,432,4468.15,Appartement,3695.48
69440,935,3663.98,Maison,3600.0
69450,254,9274.74,Appartement,6045.41
69450,417,7767.51,Maison,6322.4
69460,141,13857.52,Appartement,2522.06
69460,610,4080.5,Maison,2812.19
69470,226,1899.59,Appartement,1494.68
69470,391,1461.41,Maison,1363.64
69480,382,5912.58,Appartement,3328.65
69480,965,5640.19,Maison,3750.0
69490,181,4196.76,Appartement,2653.85
69490,595,2970.54,Maison,2934.78
69500,2634,7143.44,Appartement,3126.64
69500,467,5258.17,Maison,4857.14
69510,387,5085.93,Appartement,3800.0
69510,616,3804.77,Maison,3672.04
69520,744,7760.48,Appartement,2923.7
69520,287,4343.68,Maison,3082.14
69530,664,6536.65,Appartement,4190.54
69530,571,5452.44,Maison,4350.48
69540,369,7710.91,Appartement,4038.46
69540,247,5389.82,Maison,4440.3
69550,267,2569.18,Appartement,2145.16
69550,508,1954.96,Maison,1743.94
69560,281,3171.57,Appartement,3007.81
69560,216,3236.82,Maison,3206.05
69570,369,13010.59,Appartement,5161.29
69570,400,12849.28,Maison,5007.5
69580,370,4498.76,Appartement,4025.39
69580,161,5254.57,Maison,4632.0
69590,211,2571.13,Appartement,2062.5
69590,437,2430.01,Maison,2407.41
69600,1952,9835.79,Appartement,3520.57
69600,381,5722.68,Maison,5185.19
69610,132,3693.78,Appartement,2581.04
69610,459,2206.24,Maison,2168.54
69620,182,4862.64,Appartement,2708.75
69620,920,3599.07,Maison,3223.53
69630,279,7280.88,Appartement,4384.62
69630,357,5065.55,Maison,4718.18
69640,73,2969.27,Appartement,2232.13
69640,451,3854.63,Maison,3215.33
69650,203,5779.73,Appartement,3611.11
69650,364,6258.06,Maison,4064.75
69660,257,6312.32,Appartement,4844.82
69660,236,6889.52,Maison,5913.66
69670,105,3833.77,Appartement,3605.76
69670,292,4723.95,Maison,4129.83
69680,343,29211.04,Appartement,4978.57
69680,381,5860.33,Maison,4645.67
69690,71,3663.35,Appartement,2580.0
69690,419,2705.06,Maison,2631.31
69700,1197,7517.48,Appartement,2535.21
69700,1094,3469.77,Maison,3199.64
69720,365,7422.89,Appartement,4484.85
69720,509,4315.69,Maison,4085.33
69730,176,3442.75,Appartement,3085.03
69730,213,4633.56,Maison,4248.36
69740,302,6280.48,Appartement,4717.21
69740,537,15221.13,Maison,4960.34
69760,163,6339.2,Appartement,5190.0
69760,237,6893.32,Maison,5641.03
69770,50,1787.48,Appartement,1600.22
69770,284,2288.91,Maison,1894.74
69780,508,6021.77,Appartement,4108.43
69780,803,4098.28,Maison,4076.54
69790,8,1422.25,Appartement,1277.72
69790,218,1625.6,Maison,1457.16
69800,2745,6393.83,Appartement,3207.14
69800,660,4630.36,Maison,4026.16
69820,21,3588.24,Appartement,1849.06
69820,148,3286.64,Maison,2409.28
69830,134,3953.61,Appartement,2528.27
69830,222,3180.31,Maison,2865.22
69840,27,2924.42,Appartement,2298.85
69840,250,2989.19,Maison,2303.92
69850,74,3690.87,Appartement,3493.67
69850,196,3128.04,Maison,3079.71
69860,30,1213.48,Appartement,1011.63
69860,187,1648.84,Maison,1428.57
69870,103,2419.19,Appartement,2243.59
69870,678,1859.37,Maison,1654.17
69890,202,9849.18,Appartement,4890.1
69890,276,5234.34,Maison,5043.1
69910,74,1463.21,Appartement,0.02
69910,140,3166.87,Maison,2448.98
69930,87,2770.47,Appartement,1945.78
69930,148,2238.4,Maison,2163.74
69960,346,9961.18,Appartement,3334.57
69960,309,5300.21,Maison,3951.61
69970,94,4854.24,Appartement,4446.21
69970,275,4079.2,Maison,4009.01
70000,1609,2806.17,Appartement,1395.83
70000,1632,1563.83,Maison,1513.01
70100,713,24097.73,Appartement,2047.62
70100,1061,1591.03,Maison,1186.01
70110,89,1999.77,Appartement,1632.77
70110,467,1397.7,Maison,1214.66
70120,19,1578.56,Appartement,1280.39
70120,440,851.12,Maison,707.14
70130,38,1512.62,Appartement,1039.57
70130,424,1147.22,Maison,956.52
70140,75,5387.54,Appartement,2920.35
70140,323,1513.78,Maison,1250.0
70150,82,3060.28,Appartement,2120.69
70150,329,1826.53,Maison,1734.38
70160,58,2076.42,Appartement,1463.41
70160,471,957.95,Maison,854.17
70170,93,4978.2,Appartement,2847.32
70170,456,1750.92,Maison,1311.6
70180,43,1988.84,Appartement,1800.0
70180,248,1041.42,Maison,929.46
70190,121,2908.41,Appartement,1934.78
70190,683,1813.42,Maison,1802.11
70200,520,2399.96,Appartement,1481.87
70200,1413,1553.5,Maison,1421.57
70210,143,778.59,Appartement,578.8
70210,425,861.04,Maison,719.51
70220,59,1458.79,Appartement,1375.0
70220,247,1381.07,Maison,1206.9
70230,35,2526.49,Appartement,1708.33
70230,297,1385.35,Maison,1290.0
70240,18,2810.12,Appartement,2680.22
70240,253,1304.86,Maison,1168.39
70250,93,2877.37,Appartement,1913.58
70250,219,1352.69,Maison,1200.0
70270,32,1819.89,Appartement,1465.62
70270,463,1563.35,Maison,1333.33
70280,20,2219.2,Appartement,1725.81
70280,156,1258.31,Maison,1085.57
70290,99,2202.33,Appartement,1914.89
70290,490,1646.69,Maison,1476.39
70300,792,1719.98,Appartement,1079.63
70300,970,1335.17,Maison,1213.2
70310,26,1498.76,Appartement,1029.58
70310,228,2316.75,Maison,1356.7
70320,57,1644.93,Appartement,1016.67
70320,187,1358.83,Maison,1220.0
70360,44,1945.94,Appartement,1862.07
70360,243,1306.04,Maison,1090.62
70400,414,2204.16,Appartement,1522.41
70400,1213,1693.23,Maison,1599.45
70440,23,1233.34,Appartement,973.68
70440,140,1902.0,Maison,1489.74
70500,105,1325.64,Appartement,891.67
70500,785,766.94,Maison,602.8
70600,36,1267.8,Appartement,1149.09
70600,363,895.95,Maison,725.45
70700,59,2139.5,Appartement,1626.98
70700,459,1328.21,Maison,1262.17
70800,180,1184.29,Appartement,875.0
70800,489,1028.42,Maison,978.12
71000,2984,3347.42,Appartement,1798.38
71000,850,2367.25,Maison,2211.79
71100,4959,5534.0,Appartement,1521.74
71100,1113,2460.9,Maison,1938.2
71110,137,1800.18,Appartement,1500.0
71110,613,1410.73,Maison,1190.48
71118,18,4347.5,Appartement,2533.85
71118,97,2332.95,Maison,2198.11
71120,119,3225.57,Appartement,2102.56
71120,505,1813.64,Maison,1451.61
71130,164,2536.43,Appartement,1465.08
71130,702,1191.89,Maison,1080.54
71140,163,1717.18,Appartement,1255.1
71140,682,2519.5,Maison,1073.53
71150,239,3838.22,Appartement,1931.82
71150,898,2062.17,Maison,1892.37
71160,566,2613.45,Appartement,1501.76
71160,747,1369.14,Maison,1139.53
71170,192,5930.2,Appartement,1753.93
71170,522,1415.99,Maison,1346.41
71190,66,2846.9,Appartement,1729.23
71190,513,1968.76,Maison,1243.24
71200,1516,2364.36,Appartement,1633.33
71200,943,1402.0,Maison,1313.49
71210,197,1694.52,Appartement,1435.0
71210,586,1502.23,Maison,1429.21
71220,51,1825.01,Appartement,1083.33
71220,549,1826.47,Maison,1460.67
71230,107,1968.34,Appartement,1571.43
71230,878,1364.81,Maison,1238.52
71240,114,4183.71,Appartement,2546.3
71240,957,6604.67,Maison,1730.32
71250,290,3500.12,Appartement,1537.06
71250,745,2348.08,Maison,1976.54
71260,73,3855.8,Appartement,3235.29
71260,876,2348.0,Maison,1954.02
71270,97,2204.91,Appartement,1585.29
71270,860,1444.61,Maison,1309.88
71290,86,2615.04,Appartement,1809.52
71290,950,1950.96,Maison,1487.76
71300,734,2302.23,Appartement,1458.33
71300,1090,1240.4,Maison,1062.1
71310,53,1890.37,Appartement,1428.57
71310,545,1616.63,Maison,1416.67
71320,41,1032.1,Appartement,930.0
71320,252,1284.33,Maison,1096.82
71330,57,1998.0,Appartement,1540.0
71330,707,1592.64,Maison,1557.38
71340,22,1282.02,Appartement,1112.5
71340,434,1385.25,Maison,1307.25
71350,139,3895.87,Appartement,2588.24
71350,582,1812.37,Maison,1617.71
71360,40,1921.15,Appartement,1573.53
71360,459,1186.92,Maison,964.8
71370,117,12376.82,Appartement,6666.67
71370,762,1862.98,Maison,1744.97
71380,204,4470.94,Appartement,2039.83
71380,729,2034.02,Maison,1949.49
71390,97,4431.05,Appartement,2830.19
71390,809,1940.1,Maison,1730.31
71400,933,2213.08,Appartement,1312.5
71400,1013,1698.23,Maison,1306.45
71410,12,1167.18,Appartement,1117.04
71410,319,1217.12,Maison,1183.57
71420,144,1893.87,Appartement,1129.53
71420,469,1158.02,Maison,1080.0
71430,12,2150.27,Appartement,1730.77
71430,299,1333.71,Maison,1219.51
71440,26,1987.19,Appartement,1608.21
71440,423,1566.15,Maison,1537.31
71450,100,2108.25,Appartement,1484.86
71450,368,1351.62,Maison,1236.1
71460,110,2300.63,Appartement,1866.82
71460,918,1799.08,Maison,1423.42
71470,100,5637.86,Appartement,2678.14
71470,612,1640.7,Maison,1407.08
71480,103,2020.61,Appartement,1612.9
71480,615,1496.47,Maison,1467.92
71490,17,1614.0,Appartement,1345.24
71490,376,1516.28,Maison,1220.09
71500,446,3216.11,Appartement,2057.75
71500,1563,1752.08,Maison,1633.27
71510,76,14941.29,Appartement,6227.78
71510,458,1726.59,Maison,1437.71
71520,49,3145.52,Appartement,2068.97
71520,548,1816.73,Maison,1557.29
71530,78,2280.59,Appartement,1207.74
71530,586,7743.65,Maison,1976.77
71540,15,1530.3,Appartement,406.25
71540,268,1467.31,Maison,1000.0
71550,8,1723.12,Appartement,1106.88
71550,289,1216.77,Maison,1016.43
71570,114,3818.3,Appartement,2005.64
71570,653,3216.61,Maison,2440.0
71580,52,4308.57,Appartement,3792.79
71580,750,1709.07,Maison,1562.24
71590,6,1275.61,Appartement,1271.98
71590,207,1812.65,Maison,1708.74
71600,553,2843.04,Appartement,1649.02
71600,885,1633.21,Maison,1520.55
71620,17,1889.0,Appartement,1355.93
71620,419,1605.1,Maison,1647.33
71640,110,10410.15,Appartement,2919.87
71640,712,2601.3,Maison,2207.46
71670,45,2273.1,Appartement,1649.48
71670,355,1539.01,Maison,1431.03
71680,75,7917.48,Appartement,3281.25
71680,273,2790.76,Maison,2423.36
71700,455,2741.14,Appartement,1750.0
71700,792,1828.76,Maison,1582.5
71710,52,1829.67,Appartement,1494.81
71710,373,1428.33,Maison,1330.19
71740,11,2980.04,Appartement,2121.21
71740,161,1489.2,Maison,1183.43
71760,5,735.35,Appartement,708.74
71760,209,985.1,Maison,859.38
71800,191,2361.14,Appartement,1615.38
71800,877,1543.02,Maison,1377.55
71850,417,2734.48,Appartement,2300.02
71850,347,2857.68,Maison,2475.73
71870,19,2459.8,Appartement,2083.33
71870,193,2338.26,Maison,2337.66
71880,244,52546.94,Appartement,4385.0
71880,410,7832.07,Maison,2023.18
71960,91,3372.53,Appartement,2321.43
71960,764,2856.94,Maison,2418.18
71990,19,1157.42,Appartement,785.78
71990,181,1970.14,Maison,1327.29
72000,6977,6461.29,Appartement,2187.5
72000,4196,2662.87,Maison,2261.9
72100,2009,13522.81,Appartement,1517.86
72100,2179,2217.91,Maison,1957.75
72110,45,1888.5,Appartement,1487.8
72110,1570,1452.15,Maison,1352.06
72120,109,7037.84,Appartement,3000.0
72120,697,1323.0,Maison,1044.27
72130,45,2697.35,Appartement,2200.0
72130,1394,1318.84,Maison,1136.36
72140,99,3573.76,Appartement,2142.86
72140,765,1115.61,Maison,1000.0
72150,23,2682.87,Appartement,2000.0
72150,726,1347.13,Maison,1168.86
72160,43,3404.27,Appartement,3500.0
72160,981,1621.14,Maison,1467.39
72170,77,9065.24,Appartement,5000.0
72170,872,1374.2,Maison,1221.2
72190,151,4933.78,Appartement,2073.17
72190,897,2338.91,Maison,2166.67
72200,290,3620.61,Appartement,2800.0
72200,1698,1698.14,Maison,1600.0
72210,54,3585.06,Appartement,2555.44
72210,1163,1882.05,Maison,1716.05
72220,69,2162.35,Appartement,1666.67
72220,1716,1795.95,Maison,1683.67
72230,57,5539.83,Appartement,5384.62
72230,1537,2070.72,Maison,1949.69
72240,12,5675.11,Appartement,5983.34
72240,886,1678.6,Maison,1479.44
72250,7,4671.45,Appartement,4833.33
72250,731,2005.95,Maison,1877.27
72260,7,1080.55,Appartement,984.13
72260,592,1372.65,Maison,1052.08
72270,40,5745.22,Appartement,4714.58
72270,732,1576.82,Maison,1366.75
72290,15,1128.26,Appartement,897.44
72290,674,1486.25,Maison,1390.39
72300,400,6231.95,Appartement,2170.09
72300,1956,1618.81,Maison,1454.55
72310,78,3553.37,Appartement,1128.97
72310,529,1289.1,Maison,1044.78
72320,30,5282.86,Appartement,5143.61
72320,977,1573.35,Maison,1250.0
72330,17,4289.81,Appartement,3111.11
72330,776,1984.81,Maison,1611.82
72340,51,1453.49,Appartement,1200.0
72340,841,1691.38,Maison,1223.88
72350,34,4347.65,Appartement,3210.78
72350,509,1622.39,Maison,1285.71
72360,38,5133.29,Appartement,4272.73
72360,583,1630.82,Maison,1375.96
72370,4,1500.64,Appartement,1564.87
72370,378,1530.39,Maison,1439.84
72380,7,2176.06,Appartement,3111.79
72380,959,1866.02,Maison,1697.67
72390,9,2086.98,Appartement,1803.57
72390,587,1546.71,Maison,1438.36
72400,331,3919.19,Appartement,2222.22
72400,1226,2072.17,Maison,1572.97
72430,12,2347.44,Appartement,2178.86
72430,828,1968.37,Maison,1413.04
72440,11,3420.96,Appartement,3735.71
72440,609,1550.08,Maison,1250.0
72450,18,16588.56,Appartement,13581.08
72450,613,1675.94,Maison,1608.93
72460,6,3724.14,Appartement,4001.32
72460,598,1901.01,Maison,1898.81
72470,11,2230.57,Appartement,1909.09
72470,453,1874.61,Maison,1826.09
72500,188,3810.82,Appartement,2337.88
72500,1722,1633.87,Maison,1229.42
72510,6,1576.75,Appartement,1718.52
72510,691,1569.41,Maison,1371.43
72530,17,7487.28,Appartement,3714.29
72530,396,2513.51,Maison,2196.51
72540,17,3033.17,Appartement,2835.71
72540,686,1630.45,Maison,1375.0
72550,474,1916.76,Maison,1780.0
72560,24,17368.28,Appartement,17961.17
72560,532,2432.23,Maison,2164.77
72600,97,3393.31,Appartement,2568.18
72600,1343,1259.86,Maison,1111.11
72610,20,5655.98,Appartement,4343.57
72610,1047,1605.65,Maison,1483.33
72650,16,9704.38,Appartement,2529.46
72650,1046,2586.17,Maison,2178.78
72700,364,2644.28,Appartement,1172.74
72700,1132,2328.73,Maison,1965.05
72800,73,2198.08,Appartement,1625.0
72800,1201,1404.74,Maison,1188.81
73000,6495,5123.83,Appartement,3196.72
73000,940,4384.98,Maison,3996.36
73100,4536,7196.76,Appartement,4416.13
73100,1540,5226.85,Maison,4644.61
73110,210,2615.96,Appartement,2031.38
73110,585,2625.69,Maison,2591.67
73120,1040,104045.33,Appartement,13479.37
73120,146,40537.96,Maison,16023.05
73130,669,3741.93,Appartement,3243.44
73130,351,2792.32,Maison,2352.94
73140,315,3156.37,Appartement,2500.0
73140,218,2051.88,Maison,1890.98
73150,724,29956.23,Appartement,13662.16
73150,25,58416.46,Maison,29600.0
73160,565,4065.67,Appartement,3323.08
73160,351,3905.1,Maison,3680.67
73170,146,3132.5,Appartement,2512.62
73170,410,2815.17,Maison,2584.12
73190,900,7104.51,Appartement,3839.57
73190,496,5124.04,Maison,3849.4
73200,2156,3191.69,Appartement,2462.99
73200,845,3098.85,Maison,2877.89
73210,3127,22410.72,Appartement,5176.47
73210,384,4653.42,Maison,3788.4
73220,151,2381.04,Appartement,2266.81
73220,496,2359.23,Maison,2210.1
73230,761,6150.99,Appartement,3819.67
73230,430,4680.42,Maison,3995.12
73240,141,2904.13,Appartement,2058.82
73240,330,2564.02,Maison,2403.27
73250,199,3837.75,Appartement,2726.09
73250,286,2655.54,Maison,2508.36
73260,860,5805.25,Appartement,4391.38
73260,336,3093.17,Maison,2575.91
73270,392,5701.22,Appartement,5434.78
73270,136,5712.17,Maison,4362.69
73290,678,5464.31,Appartement,3455.67
73290,245,4201.27,Maison,4000.0
73300,1904,3141.32,Appartement,2484.12
73300,390,3118.55,Maison,2612.84
73310,113,3951.61,Appartement,2787.64
73310,476,3733.97,Maison,3012.59
73320,1064,28406.3,Appartement,9169.08
73320,21,14061.21,Maison,8775.93
73330,173,2498.51,Appartement,1901.96
73330,251,2735.3,Maison,2588.24
73340,206,5066.77,Appartement,2225.1
73340,205,3094.15,Maison,2955.56
73350,363,6813.92,Appartement,5420.29
73350,182,4766.74,Maison,4116.42
73360,63,2583.36,Appartement,1869.57
73360,146,2557.73,Maison,2551.58
73370,379,7967.24,Appartement,4581.08
73370,167,5582.6,Maison,4882.88
73390,48,3043.7,Appartement,1974.28
73390,274,2600.53,Maison,2540.91
73400,227,4057.43,Appartement,2528.68
73400,279,3081.18,Maison,2720.43
73410,218,4143.58,Appartement,3527.56
73410,460,3870.96,Maison,3774.8
73420,391,4881.73,Appartement,4217.39
73420,387,4649.71,Maison,4406.3
73440,1800,12859.77,Appartement,7051.32
73440,179,8132.36,Maison,5833.33
73450,936,5025.49,Appartement,4147.2
73450,84,5057.81,Maison,4149.55
73460,141,4218.61,Appartement,2500.0
73460,428,2897.32,Maison,2758.79
73470,43,4060.99,Appartement,3492.31
73470,235,3367.84,Maison,3250.0
73480,387,4696.25,Appartement,3888.89
73480,28,7053.63,Maison,5829.55
73490,518,3935.43,Appartement,3327.26
73490,150,4102.35,Maison,3922.8
73500,1286,2886.3,Appartement,2523.83
73500,187,2584.84,Maison,2311.11
73520,70,2621.19,Appartement,1814.29
73520,178,2443.23,Maison,2358.85
73530,483,3820.01,Appartement,3112.24
73530,58,5390.63,Maison,3751.22
73540,72,6189.22,Appartement,3124.51
73540,119,2332.1,Maison,2250.0
73550,1101,58037.19,Appartement,11512.0
73550,126,22973.53,Maison,11708.83
73570,265,7185.32,Appartement,4226.83
73570,22,5059.95,Maison,3218.57
73590,806,6300.89,Appartement,4688.93
73590,192,6614.67,Maison,5358.14
73600,542,10495.29,Appartement,2459.99
73600,206,3203.27,Maison,2763.41
73610,35,3657.24,Appartement,2600.0
73610,197,3645.41,Maison,3023.24
73620,450,10471.49,Appartement,6920.4
73620,71,7823.3,Maison,6915.61
73630,54,3357.29,Appartement,2425.0
73630,149,3168.0,Maison,2302.33
73640,175,6492.69,Appartement,5409.09
73640,97,7998.76,Maison,6076.92
73660,24,2912.12,Appartement,2580.07
73660,135,2391.75,Maison,2156.25
73670,31,4925.86,Appartement,2777.78
73670,106,2577.78,Maison,2624.11
73700,2146,10453.08,Appartement,5000.0
73700,275,5891.71,Maison,4458.46
73710,226,6659.58,Appartement,4732.16
73710,43,5651.89,Maison,4631.65
73720,27,3049.04,Appartement,2056.07
73720,71,4574.14,Maison,3742.86
73730,24,2403.23,Appartement,1954.65
73730,113,2236.92,Maison,2224.64
73790,22,4962.24,Appartement,4143.04
73790,36,2737.66,Maison,2346.86
73800,551,12940.85,Appartement,3273.42
73800,697,3402.19,Maison,3140.85
73870,64,3449.03,Appartement,2407.81
73870,99,1947.55,Maison,1800.0
74000,4757,7237.51,Appartement,5406.67
74000,126,8437.33,Maison,7725.59
74100,6517,9031.72,Appartement,3798.16
74100,747,6061.68,Maison,4949.51
74110,1674,10038.49,Appartement,7381.52
74110,318,10240.41,Maison,7115.38
74120,2356,23064.49,Appartement,8692.65
74120,418,19859.91,Maison,14060.66
74130,1582,5784.06,Appartement,3333.33
74130,867,4230.49,Maison,3712.77
74140,1845,7255.14,Appartement,4365.08
74140,2098,5641.11,Maison,4522.82
74150,1765,5043.06,Appartement,3564.29
74150,1170,3782.66,Maison,3747.23
74160,2304,8958.91,Appartement,4804.98
74160,895,5805.11,Maison,5287.37
74170,1674,5897.85,Appartement,5005.09
74170,443,8162.81,Maison,6653.28
74190,454,7316.51,Appartement,3641.35
74190,292,4972.29,Maison,4255.04
74200,4734,6926.45,Appartement,3694.27
74200,1387,5548.76,Maison,4301.08
74210,889,6406.88,Appartement,3545.45
74210,642,5293.13,Maison,3762.75
74220,464,11891.85,Appartement,8898.61
74220,104,13559.8,Maison,11665.27
74230,1044,6066.52,Appartement,4881.45
74230,420,9363.8,Maison,5364.82
74240,1217,5551.49,Appartement,3666.67
74240,133,5033.53,Maison,4828.12
74250,516,4396.46,Appartement,3444.86
74250,695,4293.74,Maison,4054.05
74260,768,11237.73,Appartement,7998.6
74260,161,11562.91,Maison,8760.66
74270,460,10728.29,Appartement,3998.3
74270,679,3562.67,Maison,3549.05
74290,384,14259.02,Appartement,7446.31
74290,407,18942.66,Maison,9339.62
74300,3371,4981.28,Appartement,3653.71
74300,738,4000.94,Maison,3577.62
74310,756,9491.91,Appartement,6596.64
74310,262,12390.97,Maison,8325.43
74320,261,7573.37,Appartement,5987.65
74320,172,7736.35,Maison,6840.56
74330,1624,6441.15,Appartement,5004.66
74330,819,5045.32,Maison,4941.18
74340,892,6291.6,Appartement,5011.86
74340,202,8152.84,Maison,5951.06
74350,1124,20382.43,Appartement,4851.57
74350,634,4610.7,Maison,4463.95
74360,502,4867.67,Appartement,4093.07
74360,210,4620.04,Maison,4149.77
74370,1210,7372.26,Appartement,5529.54
74370,555,5763.58,Maison,5560.43
74380,557,6489.02,Appartement,4022.34
74380,785,4944.7,Maison,4511.34
74390,750,6962.44,Appartement,5482.4
74390,100,8164.24,Maison,6664.08
74400,1721,12589.56,Appartement,9285.71
74400,437,18726.09,Maison,13188.98
74410,482,7790.8,Appartement,5577.1
74410,335,7300.76,Maison,6119.4
74420,401,3868.44,Appartement,3066.67
74420,417,4293.71,Maison,3852.94
74430,625,6685.17,Appartement,3500.0
74430,250,5495.76,Maison,4720.24
74440,1110,4832.17,Appartement,3983.67
74440,480,5127.59,Maison,4294.62
74450,929,9413.28,Appartement,6103.6
74450,161,9679.31,Maison,7049.18
74460,231,3113.42,Appartement,2710.76
74460,138,3464.07,Maison,3380.97
74470,240,3410.36,Appartement,2713.61
74470,188,3378.34,Maison,2850.38
74480,242,7049.18,Appartement,3529.23
74480,39,4961.36,Maison,4409.09
74490,305,3272.37,Appartement,2876.96
74490,263,4041.22,Maison,3494.37
74500,3317,5881.89,Appartement,4333.33
74500,1645,5011.95,Maison,4472.8
74520,653,12815.77,Appartement,4331.36
74520,437,4187.92,Maison,4261.36
74540,507,9498.06,Appartement,4184.62
74540,579,4462.12,Maison,4124.04
74550,147,4746.92,Appartement,4042.55
74550,220,3985.34,Maison,3755.1
74560,159,6378.26,Appartement,4645.83
74560,171,4839.19,Maison,4160.16
74570,284,5746.35,Appartement,4638.62
74570,382,5124.47,Maison,4584.88
74580,290,4939.17,Appartement,4675.62
74580,203,4584.13,Maison,4561.02
74600,1482,5733.02,Appartement,4726.95
74600,378,5438.1,Maison,5126.54
74650,119,5064.59,Appartement,4822.78
74650,110,15532.66,Maison,5284.92
74660,71,6463.59,Appartement,5273.97
74660,31,9047.42,Maison,6212.27
74700,2157,18404.02,Appartement,3970.59
74700,392,5693.1,Maison,4495.0
74740,30,5795.22,Appartement,5700.0
74740,60,3835.55,Maison,3682.4
74800,1869,10799.59,Appartement,4014.08
74800,963,4533.2,Maison,4181.82
74890,311,4635.85,Appartement,4128.74
74890,356,4291.79,Maison,4227.73
74910,210,3277.31,Appartement,3044.39
74910,339,3266.73,Maison,3066.67
74920,522,7638.44,Appartement,5649.0
74920,168,13424.49,Maison,9455.75
74930,584,5799.5,Appartement,4254.27
74930,441,4304.46,Maison,4213.48
74940,1715,8010.37,Appartement,6131.25
74940,269,9481.9,Maison,8211.21
74950,471,3938.56,Appartement,2766.67
74950,247,3237.17,Maison,3077.59
74960,1890,5032.94,Appartement,4335.78
74960,155,5951.77,Maison,5340.91
74970,282,7117.54,Appartement,3487.27
74970,227,4338.68,Maison,3737.37
75001,2052,290175.64,Appartement,13520.44
75002,2739,51827.87,Appartement,12041.67
75003,4369,51061.74,Appartement,12613.04
75003,3,11937.2,Maison,14756.04
75004,3300,74541.63,Appartement,13571.43
75004,1,23741.01,Maison,23741.01
75005,5424,31505.37,Appartement,12718.46
75005,15,18626.3,Maison,17782.4
75006,5076,57595.89,Appartement,15606.6
75006,13,32708.74,Maison,29586.78
75007,6055,85516.62,Appartement,15155.84
75007,26,51986.81,Maison,28164.31
75008,4659,154959.29,Appartement,13306.12
75008,5,21061.12,Maison,20315.83
75009,7163,57595.02,Appartement,11630.95
75009,8,42527.22,Maison,16688.64
75010,9561,27567.3,Appartement,10166.67
75011,15275,40339.32,Appartement,10767.44
75011,7,124060.33,Maison,21839.08
75012,10129,82527.27,Appartement,9902.78
75012,37,18896.45,Maison,11722.22
75013,9183,75768.26,Appartement,9444.44
75013,92,17197.74,Maison,14498.69
75014,9767,46330.52,Appartement,10325.0
75014,113,27337.39,Maison,15390.48
75015,19124,41375.83,Appartement,10394.34
75015,59,15364.86,Maison,11666.67
75016,15084,64552.96,Appartement,11600.0
75016,172,21716.36,Maison,17770.81
75017,15849,37186.67,Appartement,11055.36
75017,38,19967.83,Maison,15714.33
75018,19210,37289.05,Appartement,9866.67
75018,69,16826.07,Maison,14637.5
75019,10086,33026.9,Appartement,8941.67
75019,138,23765.3,Maison,13349.65
75020,11835,30177.16,Appartement,9117.65
75020,124,17334.27,Maison,12243.75
76000,11158,8600.68,Appartement,3355.78
76000,1624,3523.04,Maison,3050.0
76100,4120,49443.0,Appartement,3014.01
76100,542,6043.46,Maison,2453.57
76110,61,4227.86,Appartement,3067.96
76110,1328,2242.39,Maison,2061.23
76111,7,2883.99,Appartement,2706.67
76111,217,3077.08,Maison,2583.33
76113,1,1810.34,Appartement,1810.34
76113,136,2149.6,Maison,2105.89
76116,13,5639.13,Appartement,5267.86
76116,595,2147.6,Maison,2066.12
76117,177,32914.4,Appartement,29818.41
76117,135,9697.73,Maison,1891.03
76119,12,3181.79,Appartement,3259.43
76119,237,3524.18,Maison,3107.38
76120,462,67643.42,Appartement,2281.3
76120,523,3038.9,Maison,2554.76
76130,1421,2981.0,Appartement,2402.17
76130,663,4275.2,Maison,3467.21
76133,30,3321.78,Appartement,2553.19
76133,496,2506.11,Maison,2395.8
76140,1072,4865.13,Appartement,2197.04
76140,955,2470.7,Maison,2037.5
76150,793,6405.65,Appartement,3000.0
76150,533,2939.76,Maison,2222.22
76160,654,13212.88,Appartement,3281.48
76160,1600,2639.75,Maison,2370.84
76170,159,4104.61,Appartement,1833.33
76170,1277,2087.45,Maison,1899.16
76190,706,3033.01,Appartement,1875.0
76190,1990,2375.38,Maison,2066.5
76200,2661,4576.37,Appartement,2545.45
76200,660,2619.65,Maison,2295.12
76210,529,7226.22,Appartement,3240.96
76210,2110,2933.24,Maison,1809.78
76220,391,16935.29,Appartement,2750.0
76220,1351,3411.76,Maison,1750.0
76230,668,5100.79,Appartement,2908.25
76230,1258,3524.75,Maison,3119.0
76240,718,5906.97,Appartement,2908.15
76240,846,3124.3,Maison,2787.41
76250,893,22714.18,Appartement,2910.45
76250,541,11020.98,Maison,2294.47
76260,261,4700.54,Appartement,2017.54
76260,1166,2698.08,Maison,1854.24
76270,114,3506.56,Appartement,2071.36
76270,1000,1815.89,Maison,1641.74
76280,104,6025.04,Appartement,4013.08
76280,1183,2982.55,Maison,2458.43
76290,444,10288.85,Appartement,2823.3
76290,1359,2665.23,Maison,2552.85
76300,973,5159.13,Appartement,2142.86
76300,1451,3376.45,Maison,2285.71
76310,456,7188.24,Appartement,3623.42
76310,347,4346.26,Maison,3636.36
76320,726,4008.58,Appartement,2405.17
76320,1001,2068.75,Maison,1810.19
76330,86,4716.05,Appartement,2437.73
76330,765,1973.32,Maison,1875.0
76340,265,1779.41,Appartement,0.02
76340,904,1961.06,Maison,1535.03
76350,61,3843.28,Appartement,2700.0
76350,597,2100.12,Maison,1948.28
76360,79,8871.6,Appartement,2491.23
76360,901,1999.53,Maison,1989.25
76370,406,5381.45,Appartement,1925.19
76370,1287,6046.61,Maison,2213.74
76380,303,1787.73,Appartement,1510.0
76380,505,2616.38,Maison,2208.33
76390,56,5302.01,Appartement,4500.0
76390,742,2485.41,Maison,1412.04
76400,1062,4656.81,Appartement,2349.15
76400,1942,2362.19,Maison,2126.57
76410,346,4218.13,Appartement,1478.79
76410,993,2316.63,Maison,1948.05
76420,794,13045.7,Appartement,3357.13
76420,342,3455.53,Maison,3095.87
76430,137,3586.87,Appartement,2560.61
76430,1618,2898.99,Maison,2301.72
76440,120,5321.48,Appartement,4609.82
76440,1139,1774.39,Maison,1614.17
76450,57,4345.94,Appartement,2875.0
76450,1333,2217.99,Maison,1861.34
76460,305,11899.78,Appartement,2769.23
76460,881,3038.07,Maison,2059.38
76470,423,3754.66,Appartement,2725.0
76470,413,2276.78,Maison,2025.97
76480,220,7771.48,Appartement,6363.64
76480,1443,2318.83,Maison,2037.31
76490,194,4473.76,Appartement,4012.84
76490,623,2307.97,Maison,1947.92
76500,1334,4896.14,Appartement,2950.96
76500,650,1897.13,Maison,1796.85
76510,82,576.54,Appartement,0.03
76510,781,2063.84,Maison,1801.47
76520,273,8984.85,Appartement,5875.0
76520,1599,2885.29,Maison,2416.67
76530,170,4066.54,Appartement,3449.49
76530,624,2102.39,Maison,1968.04
76540,84,8900.26,Appartement,6603.17
76540,921,2151.44,Maison,1966.67
76550,49,34695.42,Appartement,6634.62
76550,756,7537.37,Maison,2261.25
76560,41,4770.12,Appartement,4285.71
76560,1218,1899.54,Maison,1770.17
76570,121,21939.18,Appartement,7272.73
76570,883,2316.59,Maison,2000.0
76580,126,929.22,Appartement,58.79
76580,322,1670.91,Maison,1625.61
76590,28,3748.22,Appartement,3348.48
76590,782,1840.75,Maison,1792.89
76600,10703,8592.51,Appartement,2817.2
76600,1249,2842.64,Maison,2380.95
76610,675,55320.31,Appartement,1738.46
76610,1056,2876.85,Maison,2375.62
76620,1594,2709.29,Appartement,2011.27
76620,2120,2628.24,Maison,2460.65
76630,49,4627.24,Appartement,3383.33
76630,793,1922.34,Maison,1785.71
76640,58,16760.65,Appartement,2812.5
76640,748,2790.4,Maison,1884.73
76650,266,1206.5,Appartement,1289.77
76650,318,2336.94,Maison,2073.42
76660,9,2057.0,Appartement,2544.44
76660,525,1900.33,Maison,1527.78
76680,47,7626.36,Appartement,5714.29
76680,837,1928.77,Maison,1761.63
76690,44,11825.45,Appartement,8837.0
76690,1019,2206.67,Maison,2096.67
76700,325,4544.22,Appartement,2646.34
76700,1009,2372.38,Maison,2309.73
76710,39,6656.07,Appartement,4444.44
76710,566,2334.3,Maison,2216.76
76720,19,3322.62,Appartement,2818.18
76720,275,2007.01,Maison,1823.53
76730,48,8369.35,Appartement,8147.44
76730,772,1982.1,Maison,1814.26
76740,13,3696.13,Appartement,2714.29
76740,783,3326.82,Maison,2063.64
76750,37,10365.21,Appartement,11594.2
76750,880,2242.05,Maison,1962.5
76760,20,2702.32,Appartement,1991.76
76760,748,2173.12,Maison,1828.45
76770,118,25270.03,Appartement,5596.87
76770,853,2206.67,Maison,2142.86
76780,15,3884.12,Appartement,2952.38
76780,584,2014.99,Maison,1766.42
76790,96,4520.44,Appartement,3156.62
76790,570,3689.08,Maison,2543.92
76800,598,6273.49,Appartement,2136.29
76800,1223,2081.77,Maison,2106.17
76810,190,13176.56,Appartement,17666.67
76810,325,2171.74,Maison,2008.16
76840,6,7787.35,Appartement,6093.75
76840,319,2692.16,Maison,2431.58
76850,66,37421.23,Appartement,49297.31
76850,514,1930.29,Maison,1808.22
76860,70,8744.48,Appartement,9475.09
76860,280,3307.43,Maison,2439.02
76870,12,3712.83,Appartement,2111.82
76870,204,1643.99,Maison,1545.89
76880,50,3360.09,Appartement,2343.4
76880,259,3100.75,Maison,1951.22
76890,62,18393.05,Appartement,13259.26
76890,997,5105.27,Maison,1887.64
76910,160,4289.48,Appartement,2802.97
76910,493,3037.65,Maison,2229.73
76920,135,2871.0,Appartement,2255.81
76920,242,2362.52,Maison,2125.0
76930,24,15212.81,Appartement,5159.66
76930,626,3132.41,Maison,2959.83
76940,4,1527.09,Appartement,1519.06
76940,518,1966.11,Maison,1800.71
76950,12,3412.0,Appartement,2830.09
76950,188,2078.88,Maison,2013.89
76960,164,2998.78,Appartement,2863.49
76960,407,3046.71,Maison,2271.74
76970,2,1750.0,Appartement,1750.0
76970,225,2280.91,Maison,1891.89
76980,65,5532.3,Appartement,3567.83
76980,87,4143.74,Maison,3680.98
77000,4099,15098.69,Appartement,3071.03
77000,1339,3863.56,Maison,2981.82
77090,162,20998.31,Appartement,3813.03
77090,114,8750.86,Maison,4138.56
77100,3881,7747.57,Appartement,3358.21
77100,1447,3567.56,Maison,3076.92
77111,47,3162.23,Appartement,3039.22
77111,289,3293.84,Maison,3064.52
77114,58,4045.68,Appartement,1920.14
77114,217,2351.85,Maison,1716.05
77115,4,5319.59,Appartement,5378.16
77115,168,3098.24,Maison,2840.86
77118,184,2743.81,Maison,1778.05
77120,1038,5549.19,Appartement,2908.39
77120,1741,2799.75,Maison,2556.82
77122,9,2623.64,Appartement,2642.86
77122,126,2927.44,Maison,2917.32
77123,26,4776.59,Appartement,3190.99
77123,409,3880.61,Maison,3169.64
77124,460,67770.41,Appartement,4298.03
77124,739,10847.28,Maison,3284.71
77126,151,2001.07,Maison,1914.89
77127,555,4875.05,Appartement,3428.57
77127,315,4810.07,Maison,3360.0
77130,1070,5944.44,Appartement,2723.43
77130,1430,2527.61,Maison,2238.81
77131,21,3221.08,Appartement,2980.0
77131,160,3572.97,Maison,2509.26
77133,4,2649.85,Appartement,2496.03
77133,77,2641.7,Maison,2554.22
77134,2,6128.57,Appartement,6128.57
77134,64,2030.2,Maison,1933.98
77135,55,3761.02,Appartement,3848.48
77135,166,4163.33,Maison,3617.17
77138,21,6962.75,Appartement,6871.79
77138,100,2867.69,Maison,2093.66
77139,31,3882.32,Appartement,3071.43
77139,195,2551.6,Maison,2554.05
77140,657,6656.5,Appartement,3333.33
77140,1196,2509.19,Maison,2341.82
77141,4,3715.68,Appartement,4017.41
77141,76,2706.2,Maison,2445.05
77144,1307,41696.35,Appartement,4759.26
77144,417,4350.8,Maison,4172.93
77145,1,2666.67,Appartement,2666.67
77145,68,2111.76,Maison,2377.84
77148,3,4717.02,Appartement,4756.1
77148,119,2196.53,Maison,2159.42
77150,26,5824.29,Appartement,3657.76
77150,661,3753.41,Maison,3699.19
77151,30,1630.46,Maison,1368.69
77154,2,2566.91,Appartement,2566.91
77154,130,2883.06,Maison,2250.0
77157,5,1968.31,Appartement,2250.0
77157,48,1789.79,Maison,1698.49
77160,704,8046.39,Appartement,2466.11
77160,763,2388.54,Maison,2063.64
77163,35,6418.13,Appartement,3380.43
77163,301,4386.81,Maison,3018.35
77164,229,5637.71,Appartement,4568.82
77164,118,4453.87,Maison,4438.09
77165,64,5611.43,Appartement,3572.73
77165,344,2872.12,Maison,2864.57
77166,97,9702.38,Appartement,3822.22
77166,472,3538.61,Maison,3369.01
77167,31,5006.32,Appartement,3793.65
77167,283,2211.9,Maison,2077.92
77169,36,3711.69,Appartement,2769.23
77169,585,2400.19,Maison,2293.33
77170,1309,9844.77,Appartement,3750.0
77170,881,3980.07,Maison,3553.1
77171,29,7009.96,Appartement,5312.5
77171,211,1751.24,Maison,1718.75
77173,105,4542.07,Appartement,3862.75
77173,251,3821.68,Maison,3576.92
77174,76,8298.13,Appartement,4266.07
77174,194,3714.58,Maison,3717.11
77176,1092,30219.06,Appartement,3133.83
77176,1026,4269.56,Maison,2945.47
77177,368,18388.58,Appartement,3076.03
77177,106,14268.34,Maison,4675.68
77178,105,53689.17,Appartement,4269.23
77178,650,3001.33,Maison,2991.18
77181,179,14563.93,Appartement,4023.81
77181,451,3946.45,Maison,3580.25
77183,13,4482.99,Appartement,4565.22
77183,90,4443.47,Maison,4021.81
77184,512,21877.44,Appartement,4720.66
77184,171,3751.31,Maison,3564.36
77185,743,23679.35,Appartement,3976.19
77185,90,3622.46,Maison,3603.97
77186,1121,160527.57,Appartement,6656.59
77186,170,4490.91,Maison,3624.3
77190,1054,14499.29,Appartement,3237.65
77190,657,3473.43,Maison,3047.62
77200,1078,9500.73,Appartement,3614.69
77200,407,10602.63,Maison,3866.67
77210,1585,75815.36,Appartement,3561.71
77210,471,4474.55,Maison,3621.07
77220,767,26977.4,Appartement,4062.5
77220,1025,4187.98,Maison,3333.33
77230,902,14765.67,Appartement,3646.9
77230,1643,4394.72,Maison,3229.73
77240,250,4926.4,Appartement,3648.96
77240,1044,3264.71,Maison,3095.24
77250,329,37242.76,Appartement,3580.0
77250,1014,3075.82,Maison,2750.0
77260,625,14129.83,Appartement,3507.46
77260,1118,2643.69,Maison,2500.0
77270,1024,12323.57,Appartement,3354.44
77270,828,4775.51,Maison,3534.96
77280,231,72596.47,Appartement,4404.26
77280,377,3125.71,Maison,3161.9
77290,542,30286.13,Appartement,4024.85
77290,938,76460.02,Maison,3896.58
77300,1327,8616.14,Appartement,4870.13
77300,380,9398.71,Maison,5550.25
77310,808,10653.05,Appartement,3148.69
77310,1261,7267.33,Maison,3209.88
77320,250,3508.21,Appartement,2037.21
77320,1412,2298.79,Maison,1989.22
77330,1040,5691.12,Appartement,4328.12
77330,883,3889.09,Maison,3687.5
77340,1849,111250.42,Appartement,4545.45
77340,1139,4384.26,Maison,3923.08
77350,824,4698.88,Appartement,1966.38
77350,582,8788.67,Maison,2934.11
77360,590,23349.54,Appartement,4450.0
77360,382,4710.84,Maison,4308.51
77370,198,9506.64,Appartement,3253.2
77370,949,3008.84,Maison,2256.55
77380,1098,35451.83,Appartement,3855.84
77380,854,4692.0,Maison,3316.63
77390,417,19162.71,Appartement,3205.13
77390,1232,3123.24,Maison,2848.03
77400,2719,7876.05,Appartement,4378.69
77400,1911,4889.44,Maison,3956.04
77410,1176,70500.48,Appartement,4348.43
77410,1456,5247.64,Maison,3457.08
77420,1433,116091.04,Appartement,4600.0
77420,455,4626.52,Maison,4125.87
77430,143,3903.07,Appartement,2551.72
77430,313,3129.98,Maison,2555.56
77440,145,4744.39,Appartement,2909.09
77440,849,2458.92,Maison,2346.67
77450,310,4709.13,Appartement,3791.55
77450,1159,3750.0,Maison,3484.54
77460,152,43795.33,Appartement,8683.44
77460,396,4874.29,Maison,1895.95
77470,137,9203.72,Appartement,3507.46
77470,698,3236.54,Maison,2927.03
77480,97,4068.73,Appartement,3000.0
77480,524,1858.76,Maison,1768.45
77500,2526,14732.32,Appartement,3848.66
77500,1506,4317.85,Maison,3867.3
77510,36,4994.59,Appartement,2150.77
77510,900,2091.8,Maison,1935.48
77515,50,6329.84,Appartement,3044.87
77515,989,3006.54,Maison,2633.07
77520,45,4099.57,Appartement,2416.67
77520,668,2130.8,Maison,1965.01
77540,61,4616.94,Appartement,2906.98
77540,688,2842.43,Maison,2617.24
77550,839,4749.68,Appartement,3412.73
77550,658,4245.0,Maison,3200.0
77560,24,2650.85,Appartement,2619.95
77560,314,1783.16,Maison,1758.15
77570,64,4822.53,Appartement,2816.07
77570,445,2031.95,Maison,1790.54
77580,241,8938.21,Appartement,3692.31
77580,1531,3305.14,Maison,3086.96
77590,157,8209.29,Appartement,4426.67
77590,751,4647.25,Maison,3936.51
77600,2213,8792.85,Appartement,4476.8
77600,1086,4866.78,Maison,4242.86
77610,261,3857.68,Appartement,3325.58
77610,771,3457.72,Maison,3116.5
77620,39,4922.54,Appartement,2769.64
77620,240,1945.0,Maison,1777.78
77630,45,9252.81,Appartement,5180.0
77630,377,5563.86,Maison,3981.48
77640,103,5566.54,Appartement,4727.27
77640,353,2582.38,Maison,2403.85
77650,41,3973.32,Appartement,2279.41
77650,595,1942.42,Maison,1890.11
77660,48,17782.3,Appartement,20008.0
77660,224,3281.01,Maison,2786.89
77670,112,3953.6,Appartement,1915.52
77670,450,3167.99,Maison,2654.57
77680,598,6965.06,Appartement,3609.01
77680,674,5466.51,Maison,3610.87
77690,39,5867.14,Appartement,3367.92
77690,380,4251.46,Maison,3325.08
77700,2310,16875.19,Appartement,4879.36
77700,1302,8987.79,Maison,4454.16
77710,24,5064.01,Appartement,3475.74
77710,594,2428.94,Maison,2055.12
77720,178,4269.75,Appartement,3219.32
77720,786,2718.76,Maison,2552.54
77730,77,3731.47,Appartement,2657.14
77730,385,2250.43,Maison,2253.33
77750,31,5809.51,Appartement,4433.33
77750,451,2035.99,Maison,1984.73
77760,58,4840.81,Appartement,2915.62
77760,976,2959.03,Maison,2555.56
77780,18,6051.17,Appartement,3941.67
77780,219,4965.57,Maison,3750.0
77810,50,6072.77,Appartement,3364.15
77810,269,4117.82,Maison,3221.15
77820,58,4578.35,Appartement,3631.52
77820,388,3149.66,Maison,2830.46
77830,12,36828.83,Appartement,4219.23
77830,168,3206.8,Maison,2574.45
77840,36,3936.61,Appartement,3130.32
77840,223,2411.12,Maison,2211.88
77850,33,7950.99,Appartement,4731.34
77850,220,3536.25,Maison,3326.35
77860,224,6275.1,Appartement,4185.31
77860,888,3489.07,Maison,3333.33
77870,17,10432.63,Appartement,5421.69
77870,179,3494.91,Maison,3187.5
77880,12,25067.21,Appartement,15714.14
77880,133,4695.32,Maison,2828.89
77890,14,2324.76,Appartement,1147.62
77890,163,1494.72,Maison,1426.47
77910,44,4228.54,Appartement,3078.89
77910,418,3203.44,Maison,2979.36
77920,17,6516.85,Appartement,5896.55
77920,182,4649.43,Maison,3629.85
77930,74,16814.73,Appartement,5511.23
77930,660,4222.3,Maison,3285.71
77940,32,7233.6,Appartement,4786.62
77940,605,2204.71,Maison,1983.47
77950,113,7589.67,Appartement,4569.39
77950,524,3497.2,Maison,2966.18
77970,44,3120.77,Appartement,2492.05
77970,313,2437.51,Maison,2216.98
77990,78,103781.14,Appartement,104602.06
77990,46,6135.45,Maison,3237.03
78000,5450,18010.06,Appartement,7160.2
78000,601,10326.37,Maison,9274.19
78100,2784,19555.35,Appartement,6936.7
78100,492,13633.41,Maison,8103.26
78110,935,25273.55,Appartement,6325.61
78110,705,13652.11,Maison,9120.0
78111,2,4976.0,Appartement,4976.0
78111,127,3019.08,Maison,2756.48
78112,74,4683.92,Appartement,4447.5
78112,157,7225.38,Maison,6934.69
78113,17,2998.72,Appartement,3060.53
78113,456,5094.95,Maison,3409.82
78114,177,3391.63,Appartement,3105.62
78114,366,4050.96,Maison,3916.67
78117,39,5059.09,Appartement,4595.24
78117,113,5269.39,Maison,4769.23
78120,1489,5519.32,Appartement,4027.78
78120,1016,5053.83,Maison,3799.3
78121,47,6005.94,Appartement,4545.45
78121,134,4200.26,Maison,4326.66
78124,10,9106.1,Appartement,4834.42
78124,185,4499.69,Maison,3468.71
78125,102,183992.93,Appartement,4666.67
78125,989,25899.64,Maison,3221.62
78126,5,2641.1,Appartement,2720.0
78126,87,3331.29,Maison,3390.41
78130,812,10746.4,Appartement,2296.19
78130,590,4199.9,Maison,2931.94
78140,959,26967.68,Appartement,4520.55
78140,207,11397.77,Maison,7181.82
78150,1020,17097.31,Appartement,5593.83
78150,322,9134.19,Maison,8442.0
78160,986,5350.2,Appartement,3888.37
78160,280,7826.51,Maison,6014.76
78170,757,5000.27,Appartement,3958.33
78170,396,8155.52,Maison,6954.37
78180,1567,27102.82,Appartement,4039.47
78180,503,4529.19,Maison,4544.44
78190,1072,27507.84,Appartement,2978.02
78190,215,3649.36,Maison,3468.47
78200,1979,26158.96,Appartement,2979.59
78200,1224,3663.81,Maison,2849.46
78210,1571,24697.77,Appartement,4920.0
78210,241,7911.23,Maison,5145.99
78220,1153,12996.3,Appartement,5875.51
78220,305,8888.79,Maison,8266.67
78230,1001,22443.42,Appartement,4888.89
78230,283,7387.61,Maison,6578.77
78240,273,6088.79,Appartement,3882.12
78240,260,5949.19,Maison,5217.21
78250,849,7035.42,Appartement,3000.0
78250,789,3851.59,Maison,3000.0
78260,655,3926.4,Appartement,3802.0
78260,424,4440.7,Maison,3997.83
78270,206,5280.32,Appartement,3566.67
78270,1083,2762.08,Maison,2470.59
78280,1005,4326.57,Appartement,3988.1
78280,398,20928.65,Maison,4438.01
78290,489,14249.82,Appartement,6065.38
78290,291,8659.38,Maison,7570.09
78300,2469,11088.62,Appartement,4038.46
78300,517,6030.27,Maison,4945.45
78310,1026,20699.55,Appartement,3161.76
78310,750,5182.66,Maison,3381.73
78320,225,21409.63,Appartement,4108.7
78320,580,4849.42,Maison,3747.98
78330,594,20043.45,Appartement,3828.74
78330,166,4901.86,Maison,4398.45
78340,741,15659.63,Appartement,2940.51
78340,458,4441.22,Maison,4068.42
78350,266,6434.63,Appartement,4103.05
78350,275,7675.12,Maison,5775.93
78360,622,10937.4,Appartement,4591.87
78360,458,6668.03,Maison,5603.36
78370,1431,38393.16,Appartement,3245.61
78370,803,8307.8,Maison,3641.62
78380,508,7499.38,Appartement,4628.53
78380,218,11370.22,Maison,6974.22
78390,1014,3350.59,Appartement,3242.05
78390,309,4916.88,Maison,4532.53
78400,1649,8271.27,Appartement,4948.05
78400,740,10395.05,Maison,7695.71
78410,584,7036.62,Appartement,2300.51
78410,712,3728.07,Maison,3236.24
78420,597,23876.12,Appartement,5333.33
78420,385,7790.89,Maison,5966.98
78430,370,6165.88,Appartement,4493.86
78430,197,14920.41,Maison,6843.02
78440,299,8141.8,Appartement,3714.29
78440,1366,4052.61,Maison,2990.19
78450,232,10496.52,Appartement,4396.61
78450,626,4337.89,Maison,4069.97
78460,235,23023.04,Appartement,5714.29
78460,335,4925.16,Maison,4130.0
78470,166,14947.55,Appartement,5251.44
78470,435,5270.3,Maison,4519.72
78480,609,4136.08,Appartement,3205.13
78480,444,5058.08,Maison,4036.76
78490,163,15512.4,Appartement,4446.08
78490,1045,7291.08,Maison,4236.96
78500,3354,20227.58,Appartement,3791.53
78500,1313,6659.6,Maison,5473.77
78510,362,4838.49,Appartement,3548.77
78510,761,5543.33,Maison,3681.82
78520,484,7596.1,Appartement,2785.16
78520,882,4568.01,Maison,2703.39
78530,239,17458.72,Appartement,5384.62
78530,175,8259.2,Maison,5708.61
78540,263,22390.45,Appartement,4139.53
78540,396,4384.14,Maison,3967.02
78550,219,4643.3,Appartement,3473.11
78550,634,3801.59,Maison,3223.89
78560,577,30573.89,Appartement,5279.07
78560,46,6006.75,Maison,5481.36
78570,893,10657.6,Appartement,3266.67
78570,803,4765.09,Maison,3746.56
78580,107,7769.76,Appartement,3631.58
78580,780,4201.5,Maison,3668.09
78590,219,15424.95,Appartement,5764.71
78590,257,5809.53,Maison,5415.32
78600,1831,17301.44,Appartement,5916.67
78600,832,10302.87,Maison,7985.87
78610,255,6799.7,Appartement,3821.43
78610,793,8445.6,Maison,3714.6
78620,113,4524.07,Appartement,4384.62
78620,278,6575.93,Maison,6000.7
78630,141,15212.53,Appartement,4771.93
78630,739,5461.26,Maison,4486.11
78640,220,4179.21,Appartement,3711.14
78640,549,4434.68,Maison,3833.33
78650,222,2966.31,Appartement,2694.2
78650,458,3836.06,Maison,3746.72
78660,44,4373.83,Appartement,3022.06
78660,453,2734.34,Maison,2605.26
78670,172,5910.94,Appartement,4224.41
78670,455,6321.12,Maison,5045.05
78680,208,18079.87,Appartement,4513.21
78680,411,3611.91,Maison,3165.66
78690,186,3858.21,Appartement,3286.08
78690,549,4248.8,Maison,3606.16
78700,1348,6825.38,Appartement,3636.36
78700,1475,10006.32,Maison,4444.44
78710,96,6511.99,Appartement,2939.61
78710,363,5430.03,Maison,2725.21
78711,732,70072.23,Appartement,3047.71
78711,651,3777.95,Maison,2654.32
78720,48,7569.34,Appartement,4729.28
78720,349,4712.89,Maison,3790.89
78730,150,4608.89,Appartement,3309.93
78730,661,3141.31,Maison,2946.67
78740,156,8195.28,Appartement,4440.17
78740,435,4132.73,Maison,3475.0
78750,105,3621.85,Appartement,4137.93
78750,230,7969.12,Maison,6329.0
78760,213,20677.49,Appartement,4672.13
78760,378,4462.53,Maison,3803.03
78770,54,5510.75,Appartement,4143.94
78770,425,3945.66,Maison,3532.5
78780,80,6060.97,Appartement,3663.12
78780,201,4581.37,Maison,4053.6
78790,83,38658.05,Appartement,3619.05
78790,618,3663.74,Maison,2872.68
78800,1567,15347.54,Appartement,5050.63
78800,1105,6198.84,Maison,5780.82
78810,18,6853.11,Appartement,6079.81
78810,258,6809.54,Maison,4812.31
78820,120,10858.33,Appartement,3295.9
78820,253,3213.78,Maison,3035.65
78830,34,3667.76,Appartement,3192.14
78830,281,3781.6,Maison,3333.33
78840,133,26781.89,Appartement,4008.7
78840,370,2848.58,Maison,2517.3
78850,15,3954.87,Appartement,4107.14
78850,44,4212.98,Maison,4408.71
78860,55,7921.2,Appartement,4812.5
78860,302,5494.27,Maison,5136.93
78870,170,6168.18,Appartement,4094.71
78870,113,6195.17,Maison,5595.59
78890,21,6276.37,Appartement,3886.96
78890,207,3741.92,Maison,3397.44
78910,58,8813.27,Appartement,4128.79
78910,664,3462.99,Maison,3110.77
78920,104,3595.34,Appartement,3362.47
78920,220,3716.88,Maison,3257.9
78930,56,62860.59,Appartement,3643.85
78930,535,3626.02,Maison,2935.78
78940,62,3603.15,Appartement,3704.72
78940,164,4274.14,Maison,3677.99
78950,17,20753.83,Appartement,5812.5
78950,299,4336.19,Maison,3441.18
78955,908,7044.47,Appartement,3988.43
78955,383,4964.63,Maison,3670.3
78960,619,25579.77,Appartement,4951.79
78960,420,4553.29,Maison,4573.53
78970,79,11655.76,Appartement,3313.73
78970,247,5474.84,Maison,3333.33
78980,34,4392.7,Appartement,3236.06
78980,550,3000.78,Maison,2586.21
78990,1240,2935.71,Appartement,2859.0
78990,702,3536.8,Maison,3357.31
79000,3455,6358.0,Appartement,2555.56
79000,4507,2210.25,Maison,2017.54
79100,321,4740.07,Appartement,2800.0
79100,2574,1357.39,Maison,1182.15
79110,24,1393.61,Appartement,1246.05
79110,787,1139.9,Maison,983.87
79120,22,4053.65,Appartement,2186.67
79120,723,1955.09,Maison,1011.9
79130,11,1000.33,Appartement,1136.36
79130,674,1123.59,Maison,1021.1
79140,31,2307.76,Appartement,1870.37
79140,755,1476.74,Maison,1325.58
79150,10,1304.98,Appartement,988.26
79150,656,1127.78,Maison,1021.58
79160,17,2109.69,Appartement,2407.41
79160,1070,1409.48,Maison,1272.73
79170,8,499.11,Appartement,499.11
79170,638,1135.34,Maison,1033.91
79180,135,111684.34,Appartement,2133.33
79180,562,42824.61,Maison,2242.67
79190,8,2174.57,Appartement,2209.99
79190,815,1213.43,Maison,1000.0
79200,419,26368.74,Appartement,1768.63
79200,2241,3401.2,Maison,1323.64
79210,26,3959.89,Appartement,3896.03
79210,940,1868.45,Maison,1593.4
79220,16,3265.89,Appartement,3095.24
79220,563,1456.18,Maison,1280.0
79230,10,3518.72,Appartement,3501.18
79230,1080,1866.22,Maison,1856.62
79240,11,2783.81,Appartement,1449.28
79240,710,1208.05,Maison,989.36
79250,4,1966.91,Appartement,1992.91
79250,428,1364.52,Maison,1231.72
79260,9,8678.1,Appartement,9814.81
79260,668,1769.15,Maison,1725.71
79270,16,5432.24,Appartement,5809.8
79270,753,1651.81,Maison,1613.27
79290,1,279.41,Appartement,279.41
79290,679,1151.56,Maison,1075.4
79300,328,5257.7,Appartement,3388.31
79300,1678,1540.58,Maison,1473.68
79310,7,2859.49,Appartement,2527.78
79310,545,2080.87,Maison,1220.59
79320,15,3731.03,Appartement,3250.0
79320,551,1206.85,Maison,1160.0
79330,34,25899.13,Appartement,30303.03
79330,510,1036.88,Maison,961.29
79340,19,1365.28,Appartement,1456.25
79340,543,1224.98,Maison,1131.15
79350,20,1352.02,Appartement,857.84
79350,455,1353.22,Maison,1170.21
79360,11,1383.22,Appartement,1370.97
79360,547,1635.88,Maison,1475.0
79370,22,3728.5,Appartement,2912.56
79370,842,1545.49,Maison,1510.27
79380,4,1968.05,Appartement,1976.09
79380,319,1225.18,Maison,1115.05
79390,1,240.0,Appartement,240.0
79390,386,1141.14,Maison,933.87
79400,219,30517.16,Appartement,2647.06
79400,1440,26435.56,Maison,1393.16
79410,15,6479.19,Appartement,7659.57
79410,767,1910.98,Maison,1841.27
79420,328,1020.59,Maison,901.82
79430,2,1457.07,Appartement,1457.07
79430,176,1212.82,Maison,1170.0
79440,285,1145.04,Maison,1166.67
79450,2,963.24,Appartement,963.24
79450,232,1174.43,Maison,1067.61
79460,8,5302.78,Appartement,4634.35
79460,275,2014.98,Maison,1927.71
79500,76,6872.96,Appartement,6101.02
79500,830,1457.28,Maison,1220.34
79510,11,2861.65,Appartement,2906.25
79510,247,2050.99,Maison,1839.08
79600,24,2227.36,Appartement,1824.54
79600,921,970.8,Maison,879.63
79700,16,3291.44,Appartement,2978.57
79700,957,1548.46,Maison,1488.37
79800,33,3058.59,Appartement,3052.63
79800,705,1225.77,Maison,1028.71
80000,6623,13385.13,Appartement,3472.22
80000,3046,2643.36,Maison,2377.64
80080,812,6622.3,Appartement,3044.71
80080,694,2998.85,Maison,2083.17
80090,1091,5509.25,Appartement,2978.72
80090,1229,2714.88,Maison,2485.18
80100,746,3780.27,Appartement,2166.67
80100,1367,1795.71,Maison,1610.17
80110,78,10147.87,Appartement,9667.25
80110,698,2013.03,Maison,1694.22
80115,67,2167.64,Maison,2078.65
80118,68,1691.35,Maison,1639.08
80120,718,4572.09,Appartement,4043.14
80120,1423,3195.18,Maison,2572.46
80122,46,1015.56,Maison,986.94
80130,64,1407.73,Appartement,1016.9
80130,501,2152.17,Maison,1461.54
80131,1,1416.67,Appartement,1416.67
80131,169,1460.2,Maison,1246.0
80132,6,2223.21,Appartement,2045.29
80132,838,5769.36,Maison,1794.87
80134,76,1714.16,Maison,1665.4
80135,22,7395.34,Appartement,7547.17
80135,219,1894.71,Maison,1594.46
80136,104,6496.12,Appartement,3549.05
80136,256,2384.82,Maison,2296.08
80140,9,2664.75,Appartement,2601.63
80140,655,1414.94,Maison,1253.33
80150,22,3242.04,Appartement,2706.89
80150,766,1648.23,Maison,1419.48
80160,31,4492.59,Appartement,3867.92
80160,683,1869.58,Maison,1786.52
80170,14,2938.57,Appartement,2861.53
80170,583,1472.05,Maison,1412.0
80190,42,4216.67,Appartement,3384.36
80190,452,1335.32,Maison,1191.07
80200,247,5269.47,Appartement,4000.0
80200,1483,1512.68,Maison,1300.93
80210,26,10836.32,Appartement,5294.12
80210,497,1736.79,Maison,1583.33
80220,49,3133.99,Appartement,3190.0
80220,549,1516.35,Maison,1395.35
80230,185,11516.66,Appartement,4600.0
80230,616,3439.02,Maison,2759.62
80240,7,3340.17,Appartement,2600.0
80240,440,1163.57,Maison,1063.47
80250,18,4682.53,Appartement,3000.0
80250,508,1814.67,Maison,1662.5
80260,36,4687.96,Appartement,4545.45
80260,1004,2086.64,Maison,1930.19
80270,23,6399.61,Appartement,8075.47
80270,283,1734.2,Maison,1312.5
80290,3,3834.22,Appartement,4090.91
80290,603,1635.33,Maison,1409.09
80300,289,5194.88,Appartement,3257.58
80300,1600,1618.96,Maison,1411.15
80310,32,3645.63,Appartement,2762.5
80310,418,1618.65,Maison,1604.9
80320,26,3758.02,Appartement,3939.21
80320,378,1355.93,Maison,1216.88
80330,68,2604.15,Appartement,1868.94
80330,330,2955.38,Maison,2152.17
80340,13,12458.9,Appartement,7162.16
80340,437,1597.46,Maison,1338.07
80350,323,3154.07,Appartement,2614.75
80350,282,2163.86,Maison,2008.12
80360,7,2760.44,Appartement,3000.0
80360,446,2687.79,Maison,1176.47
80370,17,1635.18,Appartement,840.34
80370,307,1481.93,Maison,1315.79
80390,6,2240.98,Appartement,2535.06
80390,200,1620.99,Maison,1527.42
80400,71,4694.11,Appartement,2576.27
80400,1068,1477.96,Maison,1128.24
80410,200,3399.42,Appartement,3151.0
80410,472,2733.21,Maison,2486.14
80420,16,3523.31,Appartement,2990.98
80420,246,2916.27,Maison,1351.65
80430,17,3844.84,Appartement,2343.75
80430,320,1268.37,Maison,1211.99
80440,71,10281.4,Appartement,5833.33
80440,386,2320.79,Maison,2056.82
80450,17,7071.53,Appartement,3358.35
80450,236,2343.84,Maison,2283.64
80460,272,3292.82,Appartement,2646.79
80460,432,2277.27,Maison,2008.36
80470,54,4541.74,Appartement,2236.87
80470,578,2089.98,Maison,2000.0
80480,260,7206.26,Appartement,3296.59
80480,624,2683.52,Maison,2535.9
80490,1,1050.0,Appartement,1050.0
80490,181,1373.26,Maison,1296.51
80500,96,5893.93,Appartement,5747.77
80500,945,1728.93,Maison,1525.42
80510,27,2488.26,Appartement,2500.0
80510,324,1590.43,Maison,1400.68
80520,146,1699.23,Maison,1621.71
80540,16,3768.74,Appartement,4094.21
80540,420,2020.33,Maison,1875.97
80550,208,5299.99,Appartement,5231.06
80550,376,5355.45,Maison,3706.78
80560,15,1730.44,Appartement,1515.15
80560,356,1407.36,Maison,1228.35
80570,9,4414.49,Appartement,4545.45
80570,153,1902.88,Maison,1500.0
80580,5,1808.12,Appartement,884.35
80580,304,1855.34,Maison,1626.44
80600,120,3702.68,Appartement,2024.1
80600,807,1332.51,Maison,1185.19
80610,10,3892.74,Appartement,2125.0
80610,221,1280.11,Maison,1119.4
80620,25,6777.72,Appartement,7366.0
80620,223,1285.18,Maison,1178.21
80630,167,1303.44,Maison,1253.4
80640,3,1669.66,Appartement,1511.39
80640,228,1085.9,Maison,1073.21
80650,6,3490.1,Appartement,2883.96
80650,146,1582.1,Maison,1575.46
80670,1,1142.86,Appartement,1142.86
80670,192,1756.12,Maison,1506.29
80680,9,3647.88,Appartement,3813.56
80680,313,2713.99,Maison,2628.57
80690,13,64430.09,Appartement,37738.1
80690,141,4584.82,Maison,1534.65
80700,134,6830.16,Appartement,3699.65
80700,947,1689.69,Maison,1393.94
80710,7,4580.29,Appartement,5177.94
80710,56,1765.91,Maison,1680.3
80740,160,1039.87,Maison,969.17
80750,121,1551.34,Maison,1411.46
80770,5,5468.23,Appartement,4666.67
80770,93,1804.04,Maison,1666.67
80780,122,1333.67,Maison,1150.3
80800,191,7272.55,Appartement,4636.36
80800,1621,1915.04,Maison,1787.5
80820,54,1776.11,Maison,1677.08
80830,1,1413.04,Appartement,1413.04
80830,109,1168.29,Maison,1051.28
80850,4,3120.69,Appartement,3074.53
80850,90,1913.74,Maison,1392.52
80860,23,104655.97,Appartement,126665.7
80860,288,3687.58,Maison,2000.0
80870,93,1660.65,Maison,1578.01
80880,10,3929.48,Appartement,3978.57
80880,118,1884.26,Maison,1689.6
80890,5,2159.37,Appartement,2121.21
80890,112,1509.29,Maison,1407.41
80910,4,1842.99,Appartement,1842.99
80910,101,1528.2,Maison,1454.55
80960,48,1469.08,Maison,1470.59
80970,84,2067.9,Maison,1818.18
80980,89,1108.72,Maison,1075.95
81000,2415,4231.44,Appartement,2593.75
81000,2471,2317.19,Maison,2080.36
81090,36,1816.24,Appartement,1654.41
81090,172,1725.43,Maison,1780.9
81100,1711,3410.54,Appartement,2043.27
81100,2664,1939.47,Maison,1666.67
81110,23,6568.21,Appartement,4148.94
81110,326,1494.1,Maison,1454.05
81120,123,3856.31,Appartement,3100.0
81120,727,1825.92,Maison,1712.0
81130,34,3630.54,Appartement,3164.12
81130,309,1802.96,Maison,1802.72
81140,17,3232.67,Appartement,2714.29
81140,529,2284.68,Maison,1807.23
81150,41,4077.45,Appartement,3347.22
81150,920,2466.47,Maison,2203.11
81160,148,2885.8,Appartement,2100.0
81160,574,2223.41,Maison,1840.14
81170,47,3196.64,Appartement,1850.0
81170,460,2097.96,Maison,1679.1
81190,8,1912.0,Appartement,1644.3
81190,525,1437.39,Maison,1268.29
81200,632,3065.99,Appartement,2027.03
81200,1517,1325.99,Maison,1176.47
81210,22,2522.06,Appartement,2372.56
81210,339,1628.72,Maison,1328.77
81220,24,1791.64,Appartement,1574.98
81220,353,1872.11,Maison,1800.0
81230,69,1172.66,Appartement,862.07
81230,192,1394.01,Maison,1054.43
81240,47,2853.68,Appartement,2166.67
81240,413,1309.41,Maison,1116.28
81250,39,1234.75,Appartement,0.03
81250,233,1401.57,Maison,1158.54
81260,48,3922.63,Appartement,1978.65
81260,520,1309.68,Maison,1094.65
81270,33,1072.56,Appartement,909.09
81270,213,957.02,Maison,827.84
81290,81,3205.76,Appartement,1810.81
81290,710,1626.83,Maison,1626.02
81300,307,2555.76,Appartement,1435.19
81300,1399,1725.79,Maison,1518.52
81310,68,2850.54,Appartement,2446.76
81310,477,2275.99,Maison,2098.59
81320,26,1618.76,Appartement,1408.33
81320,283,2318.49,Maison,1400.0
81330,23,826.59,Appartement,700.0
81330,275,1192.84,Maison,954.55
81340,42,21345.78,Appartement,3531.14
81340,220,1234.96,Maison,1156.79
81350,6,3665.0,Appartement,3780.05
81350,230,2327.61,Maison,1690.49
81360,6,2710.93,Appartement,2253.01
81360,167,1283.51,Maison,1275.24
81370,108,2913.42,Appartement,2301.81
81370,621,2610.76,Maison,2620.37
81380,19,3615.7,Appartement,3478.26
81380,313,2005.48,Maison,1954.02
81390,11,2775.22,Appartement,3625.0
81390,284,2003.87,Maison,1882.35
81400,350,3279.31,Appartement,2186.34
81400,1261,1380.82,Maison,1250.0
81430,7,1956.1,Appartement,1700.0
81430,265,1610.24,Maison,1543.48
81440,5,932.75,Appartement,1282.05
81440,283,1898.2,Maison,1728.4
81450,13,3179.56,Appartement,1799.25
81450,119,1730.54,Maison,1747.25
81470,200,2099.52,Maison,1944.44
81490,10,1741.21,Appartement,1660.63
81490,192,1460.7,Maison,1215.83
81500,321,4780.32,Appartement,2105.26
81500,1501,2478.25,Maison,2268.04
81530,14,344.47,Appartement,228.62
81530,154,977.06,Maison,759.48
81540,62,3217.92,Appartement,2567.57
81540,374,1802.49,Maison,1818.18
81570,9,1640.7,Appartement,1588.24
81570,365,1833.08,Maison,1896.83
81580,19,2842.53,Appartement,2376.62
81580,267,1933.43,Maison,1898.73
81600,413,3294.91,Appartement,1936.78
81600,1771,2290.35,Maison,2058.02
81630,6,3270.7,Appartement,3301.86
81630,334,2091.57,Maison,2075.32
81640,6,1521.48,Appartement,1630.06
81640,211,1820.91,Maison,1576.09
81660,19,1097.97,Appartement,750.0
81660,455,1635.69,Maison,1712.96
81700,43,3047.68,Appartement,2266.67
81700,684,1897.0,Maison,1775.46
81710,8,2614.79,Appartement,2225.93
81710,379,1894.84,Maison,1875.0
81800,81,3325.38,Appartement,2067.33
81800,728,2351.89,Maison,2220.7
81990,73,3988.82,Appartement,2148.76
81990,804,2380.77,Maison,2203.33
82000,3156,4012.78,Appartement,2092.81
82000,3430,3782.52,Maison,2278.13
82100,482,3659.79,Appartement,1773.84
82100,1349,1859.49,Maison,1693.55
82110,34,4742.45,Appartement,3784.26
82110,441,2109.4,Maison,1748.45
82120,10,3107.49,Appartement,3380.05
82120,232,1449.57,Maison,1343.35
82130,43,3624.29,Appartement,3462.5
82130,575,2023.38,Maison,1869.17
82140,42,4577.94,Appartement,2966.53
82140,352,2404.81,Maison,2049.03
82150,25,4312.86,Appartement,3058.82
82150,368,2198.77,Maison,1684.98
82160,32,3764.28,Appartement,2322.35
82160,480,2036.44,Maison,1592.85
82170,148,3650.26,Appartement,2018.54
82170,889,2333.05,Maison,2199.19
82190,7,3015.36,Appartement,2800.0
82190,237,2390.81,Maison,1463.41
82200,403,2934.23,Appartement,1974.14
82200,1280,1800.5,Maison,1500.0
82210,23,3798.51,Appartement,4066.67
82210,326,1604.27,Maison,1615.28
82220,20,2020.86,Appartement,1688.84
82220,302,2062.16,Maison,1800.0
82230,15,1920.61,Appartement,2000.0
82230,614,1954.31,Maison,1981.13
82240,61,3956.21,Appartement,2500.0
82240,481,2118.24,Maison,1763.53
82250,23,1593.43,Appartement,1333.33
82250,95,1488.27,Maison,1219.51
82270,32,2168.24,Appartement,2000.0
82270,359,1931.43,Maison,1781.82
82290,144,1994.08,Appartement,1747.1
82290,943,1983.07,Maison,1973.14
82300,206,2545.63,Appartement,1738.17
82300,627,1869.37,Maison,1752.34
82330,8,2657.72,Appartement,3106.06
82330,237,1958.19,Maison,1521.74
82340,27,1633.27,Appartement,1530.67
82340,485,1822.66,Maison,1525.0
82350,49,1901.08,Appartement,1590.91
82350,216,2039.44,Maison,1952.0
82360,13,2326.71,Appartement,2000.0
82360,112,1667.09,Maison,1069.57
82370,108,2944.33,Appartement,2101.2
82370,1030,2245.73,Maison,2168.67
82390,1,1852.27,Appartement,1852.27
82390,74,1802.15,Maison,1607.66
82400,168,5768.59,Appartement,2705.56
82400,828,1745.45,Maison,1505.85
82410,31,4126.96,Appartement,2046.88
82410,302,2181.57,Maison,2208.88
82440,31,3759.44,Appartement,3777.78
82440,272,1938.94,Maison,1866.77
82500,72,3425.15,Appartement,3488.37
82500,630,1662.45,Maison,1460.87
82600,192,2630.0,Appartement,1744.19
82600,859,2047.54,Maison,1900.0
82700,126,2500.26,Appartement,1759.9
82700,1045,2225.08,Maison,1988.64
82710,14,3206.26,Appartement,2023.3
82710,301,2345.23,Maison,2236.99
82800,115,2690.21,Appartement,2000.0
82800,1013,3009.83,Maison,1979.21
83000,9042,6539.05,Appartement,3000.0
83000,782,6356.02,Maison,5101.14
83100,2790,5962.63,Appartement,2659.79
83100,559,5570.64,Maison,4390.24
83110,2083,7835.87,Appartement,6000.0
83110,1018,8519.18,Maison,6666.67
83111,26,4123.88,Appartement,2244.44
83111,132,2972.65,Maison,2582.14
83119,38,2461.54,Appartement,2091.56
83119,114,3075.42,Maison,3220.47
83120,2743,11477.34,Appartement,5653.5
83120,2328,10515.41,Maison,7267.44
83130,1398,8062.39,Appartement,3317.34
83130,566,5505.19,Maison,4683.67
83131,39,1925.03,Appartement,1488.89
83131,52,2665.65,Maison,2644.44
83136,415,5876.43,Appartement,3660.29
83136,3092,3640.63,Maison,3453.59
83140,3342,5742.82,Appartement,4968.42
83140,1769,6288.98,Maison,5357.14
83143,75,4855.51,Appartement,2987.01
83143,536,3436.62,Maison,3030.3
83149,65,5057.14,Appartement,2586.21
83149,398,3726.03,Maison,3337.96
83150,1849,7380.03,Appartement,6314.71
83150,460,7673.97,Maison,7204.92
83160,2112,28498.01,Appartement,3453.46
83160,603,9110.12,Maison,4735.1
83170,1429,4556.78,Appartement,2750.0
83170,2072,3532.92,Maison,3157.89
83190,685,9604.37,Appartement,4000.0
83190,706,20401.3,Maison,5189.87
83200,5677,47426.45,Appartement,2698.41
83200,1863,76054.29,Maison,4652.17
83210,1037,5402.63,Appartement,3566.67
83210,1882,4341.57,Maison,4094.4
83220,693,10316.13,Appartement,4181.82
83220,392,8171.14,Maison,5429.91
83230,1402,33649.78,Appartement,5278.89
83230,854,9384.19,Maison,6388.89
83240,1853,6910.93,Appartement,5430.23
83240,809,8329.75,Maison,6753.71
83250,1137,13843.36,Appartement,5715.29
83250,871,6066.23,Maison,5515.94
83260,434,5922.83,Appartement,4000.0
83260,878,7030.12,Maison,4502.57
83270,1187,16981.14,Appartement,6086.5
83270,717,7508.93,Maison,6363.64
83300,3475,17065.37,Appartement,2391.3
83300,2152,3861.33,Maison,3322.21
83310,2222,8205.61,Appartement,5220.95
83310,2116,10354.22,Maison,6763.27
83320,1143,8122.57,Appartement,5070.83
83320,610,10029.93,Maison,7380.95
83330,672,6287.5,Appartement,4029.64
83330,1399,5699.06,Maison,5120.69
83340,947,6374.81,Appartement,2738.1
83340,2572,4202.4,Maison,3174.29
83350,128,29174.26,Appartement,13364.99
83350,677,71184.91,Maison,22500.0
83370,1091,6619.8,Appartement,5333.33
83370,640,8035.97,Maison,5171.88
83380,697,8772.8,Appartement,6285.71
83380,1143,7136.72,Maison,6452.44
83390,971,21121.04,Appartement,3434.78
83390,1559,4349.46,Maison,3785.71
83400,5856,15383.52,Appartement,4254.44
83400,1628,10855.19,Maison,5297.35
83420,713,13921.73,Appartement,6226.42
83420,854,13384.22,Maison,10047.17
83430,827,4735.9,Appartement,4550.0
83430,152,6424.33,Maison,5570.05
83440,964,5592.41,Appartement,3897.67
83440,4386,5185.27,Maison,4068.22
83460,484,3909.7,Appartement,2990.91
83460,971,4506.74,Maison,3627.06
83470,482,4518.87,Appartement,3424.66
83470,2062,4160.29,Maison,3866.86
83480,501,5936.6,Appartement,3657.53
83480,556,4889.52,Maison,4005.33
83490,564,4937.53,Appartement,2803.98
83490,698,4143.95,Maison,3749.03
83500,10098,526225.96,Appartement,7514.71
83500,1624,7664.13,Maison,4506.03
83510,559,5178.74,Appartement,3095.24
83510,1953,4775.17,Maison,3800.06
83520,678,4281.42,Appartement,3511.73
83520,1163,5180.46,Maison,4287.18
83530,1069,8267.18,Appartement,5782.61
83530,476,10255.61,Maison,6894.61
83550,580,14124.32,Appartement,2901.59
83550,1547,4921.8,Maison,3551.91
83560,357,6787.86,Appartement,2768.29
83560,2080,5126.95,Maison,3029.2
83570,400,4491.99,Appartement,2600.0
83570,1680,4014.34,Maison,3408.25
83580,239,35802.02,Appartement,7756.1
83580,668,24231.65,Maison,11946.8
83590,160,3717.35,Appartement,2865.29
83590,445,3188.92,Maison,2777.78
83600,6599,15095.51,Appartement,4111.06
83600,2401,5180.42,Maison,4448.35
83610,111,3482.51,Appartement,2257.5
83610,279,5102.7,Maison,3500.0
83630,233,4718.19,Appartement,2426.47
83630,1298,3659.04,Maison,3061.5
83640,304,4976.22,Appartement,3680.51
83640,612,4591.79,Maison,4000.0
83660,152,142223.06,Appartement,3478.07
83660,400,4154.06,Maison,3434.95
83670,356,3103.72,Appartement,1899.8
83670,1143,3324.76,Maison,2887.18
83680,155,6437.55,Appartement,4361.7
83680,495,7659.8,Maison,5232.56
83690,362,3578.49,Appartement,2334.37
83690,1236,4313.6,Maison,3416.15
83700,5538,6820.66,Appartement,4625.93
83700,2043,6539.32,Maison,5336.64
83720,221,3762.31,Appartement,2530.86
83720,568,3648.53,Maison,3540.0
83740,174,13202.46,Appartement,6660.47
83740,645,7483.5,Maison,6083.9
83780,217,2061.44,Appartement,1923.08
83780,835,4276.26,Maison,3666.67
83790,184,3579.79,Appartement,2483.33
83790,525,3307.28,Maison,3106.06
83820,118,11426.31,Appartement,7855.35
83820,208,17582.83,Maison,9752.13
83830,397,3953.01,Appartement,2058.82
83830,1065,4021.4,Maison,3300.0
83840,55,8295.47,Appartement,3000.0
83840,266,2810.87,Maison,2400.0
83860,113,4951.56,Appartement,3524.19
83860,479,4013.31,Maison,3894.74
83870,74,4835.97,Appartement,3154.29
83870,252,3981.21,Maison,3577.2
83890,62,9109.28,Appartement,2354.25
83890,512,3952.86,Maison,3371.45
83910,170,3740.67,Appartement,3634.85
83910,434,4371.25,Maison,4253.42
83920,122,8932.87,Appartement,4211.16
83920,496,6181.4,Maison,3836.67
83980,1808,8091.64,Appartement,5751.74
83980,537,13779.28,Maison,8485.17
83990,1124,34355.66,Appartement,12726.35
83990,843,60077.66,Maison,28396.71
84000,6745,5117.85,Appartement,2555.56
84000,1848,3147.24,Maison,2573.47
84100,1642,57810.13,Appartement,2850.73
84100,1443,12395.64,Maison,2685.06
84110,356,6741.74,Appartement,3326.42
84110,1095,4275.06,Maison,3333.33
84120,1064,5310.4,Appartement,3309.82
84120,1209,4041.45,Maison,3536.59
84130,766,4981.0,Appartement,1973.72
84130,629,2826.75,Maison,2377.56
84140,746,21688.34,Appartement,2937.98
84140,530,3742.84,Maison,2691.18
84150,88,4348.54,Appartement,2381.14
84150,438,2918.51,Maison,2716.54
84160,272,7015.14,Appartement,3903.63
84160,787,5202.85,Maison,4142.86
84170,358,4576.86,Appartement,2901.25
84170,659,8346.85,Maison,2876.79
84190,86,10498.32,Appartement,4000.0
84190,354,4185.82,Maison,3363.95
84200,1571,4127.02,Appartement,2210.53
84200,1309,2995.46,Maison,2636.36
84210,318,5898.8,Appartement,3400.0
84210,1244,5100.19,Maison,3612.64
84220,140,10904.8,Appartement,6575.19
84220,1203,8054.62,Maison,5482.71
84230,370,2846.23,Appartement,2621.95
84230,114,5724.49,Maison,3232.14
84240,240,14474.78,Appartement,3676.44
84240,922,4520.06,Maison,3547.32
84250,196,5154.13,Appartement,3061.1
84250,507,3513.67,Maison,3178.72
84260,70,4534.32,Appartement,3066.88
84260,323,3870.83,Maison,2732.05
84270,149,3950.1,Appartement,2730.77
84270,557,3046.04,Maison,2900.0
84290,101,3154.23,Appartement,2534.24
84290,299,3194.92,Maison,2598.87
84300,1262,4007.88,Appartement,2380.13
84300,1327,3962.31,Maison,2878.5
84310,162,6741.84,Appartement,2580.83
84310,455,3302.01,Maison,2842.52
84320,190,3080.61,Appartement,2458.68
84320,464,9599.6,Maison,2935.67
84330,62,5364.35,Appartement,4169.17
84330,434,3670.38,Maison,3174.48
84340,162,9227.73,Appartement,5090.91
84340,388,3757.53,Maison,2987.8
84350,138,3599.54,Appartement,2333.04
84350,353,2634.96,Maison,2575.76
84360,117,5871.08,Appartement,3055.56
84360,723,4713.8,Maison,3937.75
84370,78,4374.26,Appartement,2932.91
84370,292,2830.77,Maison,2627.88
84380,76,4345.38,Appartement,2562.5
84380,494,3918.09,Maison,3271.7
84390,29,3820.39,Appartement,2402.54
84390,335,2941.75,Maison,2269.23
84400,806,12446.52,Appartement,2510.0
84400,1156,3860.71,Maison,3016.99
84410,38,3672.87,Appartement,2955.26
84410,465,4306.29,Maison,3658.54
84420,96,4774.22,Appartement,3276.06
84420,382,2701.97,Maison,2613.64
84430,72,2395.57,Appartement,1651.21
84430,238,2500.42,Maison,2426.0
84440,49,14291.49,Appartement,3873.13
84440,341,12085.97,Maison,3895.06
84450,116,3682.04,Appartement,2750.5
84450,327,3147.96,Maison,3142.34
84460,35,4288.08,Appartement,2680.24
84460,225,5145.53,Maison,3671.81
84470,52,8166.12,Appartement,3407.14
84470,198,3245.95,Maison,3240.85
84480,68,10115.29,Appartement,7100.0
84480,294,7817.79,Maison,5022.73
84490,42,4795.55,Appartement,3295.21
84490,401,4536.73,Maison,3995.63
84500,377,3932.08,Appartement,2156.25
84500,867,2278.96,Maison,2234.04
84510,88,5244.45,Appartement,2739.09
84510,306,3156.67,Maison,3035.04
84530,58,4006.42,Appartement,3307.9
84530,204,4183.16,Maison,3737.26
84550,21,1898.2,Appartement,1477.27
84550,217,2991.86,Maison,2481.48
84560,23,9008.41,Appartement,4257.14
84560,164,11124.16,Maison,6347.57
84570,94,5157.08,Appartement,2933.08
84570,593,3234.97,Maison,2828.66
84580,18,10236.65,Appartement,3657.86
84580,144,9417.49,Maison,5584.59
84600,325,3562.31,Appartement,2000.0
84600,835,2407.13,Maison,2256.3
84660,35,5550.12,Appartement,3474.58
84660,162,4744.4,Maison,4094.85
84700,619,4256.13,Appartement,1956.52
84700,754,2845.48,Maison,2773.41
84740,54,4679.6,Appartement,3204.58
84740,236,4252.49,Maison,3400.0
84750,22,5105.78,Appartement,2660.06
84750,205,5221.2,Maison,3250.0
84760,16,8314.05,Appartement,5168.54
84760,64,3127.71,Maison,2953.12
84800,1007,16599.92,Appartement,3771.43
84800,1448,4817.03,Maison,3827.64
84810,79,3624.14,Appartement,2272.73
84810,455,2904.06,Maison,2830.29
84820,16,2645.97,Appartement,2159.55
84820,147,2751.89,Maison,2337.66
84830,24,3569.12,Appartement,3155.84
84830,227,2961.48,Maison,2831.86
84840,125,6863.41,Appartement,3269.23
84840,253,2494.14,Maison,2201.92
84850,41,29540.07,Appartement,4109.59
84850,322,3425.14,Maison,2680.4
84860,30,5371.18,Appartement,4302.19
84860,144,3048.13,Maison,2637.97
84870,30,8375.6,Appartement,6993.06
84870,173,3271.96,Maison,3068.18
85000,2604,17432.43,Appartement,2553.79
85000,3053,2748.2,Maison,2424.24
85100,2204,6199.38,Appartement,5134.28
85100,1474,5129.7,Maison,4589.03
85110,134,2947.13,Appartement,1696.94
85110,1497,1781.55,Maison,1650.94
85120,51,1893.8,Appartement,1600.0
85120,1066,1474.25,Maison,1267.78
85130,50,5055.37,Appartement,4583.33
85130,1016,2352.88,Maison,1953.84
85140,43,7037.53,Appartement,5151.52
85140,1167,1972.77,Maison,1907.22
85150,71,5387.35,Appartement,3424.24
85150,2172,2726.88,Maison,2541.72
85160,1379,5977.11,Appartement,3414.06
85160,1524,4003.01,Maison,3214.29
85170,52,3775.79,Appartement,3314.31
85170,1932,2295.37,Maison,2188.95
85180,401,4927.95,Appartement,4171.59
85180,1356,4283.52,Maison,4013.99
85190,70,8932.68,Appartement,3635.13
85190,1636,2886.68,Maison,2398.28
85200,516,4762.41,Appartement,2168.24
85200,2360,1698.88,Maison,1558.94
85210,14,4047.2,Appartement,3262.5
85210,861,1540.86,Maison,1403.51
85220,56,8949.28,Appartement,3625.0
85220,2026,2817.66,Maison,2487.85
85230,34,5773.02,Appartement,3238.47
85230,1275,2515.61,Maison,2325.0
85240,22,2443.73,Appartement,2642.86
85240,582,1353.37,Maison,1210.07
85250,52,7354.97,Appartement,3801.95
85250,896,1970.83,Maison,1867.22
85260,12,2744.31,Appartement,2584.94
85260,889,2083.24,Maison,1989.13
85270,1578,3498.96,Appartement,3022.04
85270,1951,4135.57,Maison,3525.42
85280,65,4474.28,Appartement,5263.16
85280,384,2402.12,Maison,2152.32
85290,47,6202.52,Appartement,4970.59
85290,624,2057.31,Maison,2033.93
85300,476,6373.03,Appartement,2764.56
85300,3148,2953.02,Maison,2608.16
85310,84,69787.55,Appartement,48600.0
85310,1041,2481.08,Maison,2064.52
85320,16,1670.22,Appartement,1467.5
85320,1153,4168.62,Maison,1834.09
85330,119,8229.84,Appartement,5177.0
85330,672,6638.05,Maison,5642.69
85340,282,6527.54,Appartement,3558.74
85340,1537,4041.57,Maison,3558.33
85350,19,5707.44,Appartement,5514.22
85350,652,8084.65,Maison,6305.81
85360,187,4319.39,Appartement,3833.33
85360,917,4609.51,Maison,3888.89
85370,6,434.5,Appartement,0.02
85370,483,1765.3,Maison,1533.33
85390,16,11090.69,Appartement,5118.42
85390,648,1482.69,Maison,1303.77
85400,256,5491.47,Appartement,2494.09
85400,1306,2197.12,Maison,2046.82
85410,8,1351.08,Appartement,1289.54
85410,502,1637.35,Maison,1287.5
85420,14,3091.71,Appartement,2315.2
85420,603,1532.31,Maison,1384.62
85430,67,16713.48,Appartement,20812.5
85430,865,2364.76,Maison,2254.59
85440,442,3711.27,Appartement,3437.93
85440,1869,3288.26,Maison,2923.73
85450,2,842.11,Appartement,842.11
85450,794,2100.27,Maison,1803.28
85460,48,3083.71,Appartement,3154.63
85460,756,7545.79,Maison,3033.18
85470,201,4488.36,Appartement,4229.14
85470,1265,3920.13,Maison,3592.11
85480,7,2929.62,Appartement,2058.82
85480,603,1780.55,Maison,1700.0
85490,26,5022.41,Appartement,3940.32
85490,341,1906.67,Maison,1620.69
85500,316,6017.37,Appartement,3000.0
85500,1410,2644.23,Maison,2196.97
85510,3,1891.87,Appartement,2458.33
85510,272,1679.2,Maison,1619.88
85520,232,3909.12,Appartement,3600.63
85520,976,4000.19,Maison,3602.19
85530,9,3212.49,Appartement,2471.26
85530,324,2137.33,Maison,2044.79
85540,36,4797.56,Appartement,3527.78
85540,1125,2155.3,Maison,2051.95
85550,134,8216.48,Appartement,3382.4
85550,432,6942.14,Maison,3038.38
85560,94,3602.01,Appartement,3528.01
85560,706,3308.8,Maison,2875.0
85570,6,1165.67,Appartement,1190.48
85570,355,1376.66,Maison,1268.66
85580,27,7523.94,Appartement,7586.21
85580,766,2153.94,Maison,1926.38
85590,17,3873.7,Appartement,2549.02
85590,398,2015.22,Maison,1870.76
85600,226,6332.32,Appartement,4121.79
85600,1584,2493.43,Maison,2250.0
85610,10,6178.65,Appartement,5524.18
85610,362,2550.94,Maison,2473.85
85620,39,4695.62,Appartement,5185.19
85620,225,2421.88,Maison,2151.9
85630,26,4161.89,Appartement,4085.43
85630,305,4142.5,Maison,3765.43
85640,5,3549.78,Appartement,2471.01
85640,206,1735.67,Maison,1666.67
85660,24,2545.59,Appartement,2312.0
85660,223,2236.57,Maison,2245.28
85670,34,4435.03,Appartement,3421.05
85670,1019,2189.05,Maison,2042.55
85680,19,5661.48,Appartement,4846.15
85680,251,6220.11,Maison,4533.33
85690,201,4598.7,Appartement,3653.85
85690,350,3510.86,Maison,3391.61
85700,175,2628.21,Appartement,1578.95
85700,1670,1987.1,Maison,1565.54
85710,18,6043.97,Appartement,2949.65
85710,823,2412.3,Maison,2282.61
85740,72,160660.11,Appartement,172400.0
85740,286,8708.25,Maison,4822.37
85750,13,4645.83,Appartement,3282.35
85750,437,2824.25,Maison,2750.0
85770,7,1486.51,Appartement,1059.41
85770,663,2073.92,Maison,1500.0
85800,751,10037.13,Appartement,4690.0
85800,1597,4679.02,Maison,3770.49
86000,6544,5727.45,Appartement,2559.84
86000,2912,2363.3,Maison,2105.66
86100,1408,3828.63,Appartement,2207.14
86100,2612,1505.21,Maison,1359.32
86110,38,3359.4,Appartement,2719.3
86110,558,1234.05,Maison,1167.12
86120,13,2054.86,Appartement,1898.73
86120,542,1867.19,Maison,1273.09
86130,161,6395.85,Appartement,4611.11
86130,1052,2035.73,Maison,1870.95
86140,14,3177.34,Appartement,2447.86
86140,680,1456.5,Maison,1358.7
86150,7,236.4,Appartement,200.0
86150,615,1149.24,Maison,942.86
86160,38,2591.85,Appartement,2100.96
86160,598,1274.17,Maison,1146.69
86170,103,6198.18,Appartement,3229.51
86170,1351,1914.38,Maison,1753.09
86180,318,2426.43,Appartement,2000.0
86180,552,2402.39,Maison,2112.37
86190,96,8564.59,Appartement,4795.83
86190,1139,1730.1,Maison,1617.65
86200,173,2970.9,Appartement,2200.0
86200,1183,1380.37,Maison,1129.46
86210,30,4704.9,Appartement,4279.01
86210,598,1762.02,Maison,1437.93
86220,25,2490.79,Appartement,2049.18
86220,824,1711.39,Maison,1352.94
86230,2,822.79,Appartement,822.79
86230,412,1265.63,Maison,1123.6
86240,83,7716.03,Appartement,3742.86
86240,972,2022.14,Maison,1984.14
86250,12,2787.56,Appartement,1830.43
86250,536,1140.6,Maison,894.92
86260,331,1310.23,Maison,971.96
86270,142,6173.47,Appartement,3865.59
86270,405,1458.65,Maison,1267.44
86280,187,3429.58,Appartement,2272.73
86280,428,2276.18,Maison,2135.92
86290,16,2935.85,Appartement,2250.0
86290,521,1637.51,Maison,847.46
86300,144,3369.67,Appartement,2849.1
86300,1285,1947.99,Maison,1473.96
86310,20,1617.22,Appartement,1461.54
86310,531,1173.35,Maison,968.19
86320,29,3945.76,Appartement,3148.15
86320,729,1247.47,Maison,1125.98
86330,3,1906.57,Appartement,1318.31
86330,461,1063.65,Maison,939.76
86340,32,3129.78,Appartement,3041.18
86340,935,1814.5,Maison,1769.21
86350,1,125.0,Appartement,125.0
86350,483,1103.1,Maison,870.59
86360,164,6047.78,Appartement,4576.33
86360,507,3023.29,Maison,2096.24
86370,29,5510.05,Appartement,5425.53
86370,513,1824.95,Maison,1647.73
86380,11,2424.92,Appartement,2784.31
86380,563,1639.57,Maison,1585.71
86390,6,1033.86,Appartement,1019.66
86390,185,911.71,Maison,766.92
86400,117,3052.3,Appartement,2040.0
86400,1092,1261.93,Maison,1068.27
86410,6,982.55,Appartement,862.32
86410,312,1707.15,Maison,1276.95
86420,4,3015.6,Appartement,3015.6
86420,257,1396.69,Maison,1062.5
86430,214,1195.33,Maison,869.72
86440,32,9054.21,Appartement,6355.56
86440,431,2172.23,Maison,2022.47
86450,20,2563.56,Appartement,2084.94
86450,232,1179.84,Maison,1002.27
86460,17,1452.04,Appartement,778.69
86460,405,1180.64,Maison,1005.71
86470,14,5853.34,Appartement,5016.67
86470,327,1541.49,Maison,1321.76
86480,10,4383.85,Appartement,4271.98
86480,250,1202.63,Maison,1142.96
86490,7,2128.63,Appartement,786.16
86490,287,1520.36,Maison,1542.86
86500,118,2291.07,Appartement,1777.44
86500,853,1351.3,Maison,1108.7
86510,16,3474.1,Appartement,3474.67
86510,262,1324.12,Maison,1055.85
86530,12,3850.51,Appartement,4628.9
86530,699,1631.28,Maison,1562.5
86540,11,2920.45,Appartement,3555.56
86540,238,1445.4,Maison,1442.9
86550,51,5907.19,Appartement,2652.17
86550,360,2920.79,Maison,2266.01
86580,42,78777.83,Appartement,3923.08
86580,577,4434.64,Maison,2115.38
86600,51,3845.6,Appartement,2988.64
86600,819,1416.03,Maison,1217.82
86700,31,2540.62,Appartement,1944.44
86700,657,1321.3,Maison,1153.85
86800,21,3007.67,Appartement,2687.5
86800,872,1915.36,Maison,1874.46
87000,7580,16908.74,Appartement,2000.0
87000,1336,2345.1,Maison,2110.88
87100,3659,5339.87,Appartement,1785.71
87100,1674,2144.25,Maison,1956.72
87110,23,1825.79,Appartement,1747.57
87110,532,1896.52,Maison,1865.72
87120,173,1845.01,Appartement,1333.33
87120,417,1245.08,Maison,1175.04
87130,38,2774.03,Appartement,1299.17
87130,632,1668.32,Maison,1071.43
87140,28,2003.66,Appartement,2016.98
87140,695,1526.74,Maison,1330.65
87150,33,2422.38,Appartement,2666.67
87150,544,1331.64,Maison,1160.0
87160,33,1363.13,Appartement,1162.79
87160,440,1065.72,Maison,907.38
87170,96,4538.41,Appartement,1945.87
87170,467,2047.27,Maison,2000.0
87190,12,602.42,Appartement,494.6
87190,552,1125.52,Maison,822.0
87200,264,3328.52,Appartement,2589.09
87200,1365,1624.27,Maison,1593.22
87210,92,1628.57,Appartement,1145.49
87210,396,1365.29,Maison,831.01
87220,28,2925.78,Appartement,2250.38
87220,839,2064.0,Maison,2022.74
87230,79,1703.82,Appartement,1392.86
87230,934,1376.31,Maison,1178.24
87240,62,6660.43,Appartement,1866.76
87240,691,1748.92,Maison,1593.46
87250,36,3033.39,Appartement,2320.83
87250,420,1281.33,Maison,1104.21
87260,29,3070.54,Appartement,2236.84
87260,543,1642.79,Maison,1421.35
87270,206,6980.34,Appartement,2440.44
87270,1008,2132.81,Maison,1988.37
87280,80,28642.33,Appartement,33738.86
87280,527,1720.04,Maison,1680.56
87290,30,1403.0,Appartement,1236.11
87290,552,1125.94,Maison,1000.0
87300,154,2099.93,Appartement,1571.43
87300,816,1168.98,Maison,964.39
87310,42,1851.42,Appartement,1513.02
87310,677,1485.32,Maison,1250.0
87320,14,4593.72,Appartement,4296.52
87320,383,1082.09,Maison,897.65
87330,9,7123.55,Appartement,4250.0
87330,369,1367.75,Maison,980.58
87340,5,1531.28,Appartement,1208.33
87340,181,1183.94,Maison,1153.06
87350,107,1916.69,Appartement,1600.0
87350,715,2134.6,Maison,1988.64
87360,16,1236.56,Appartement,1292.68
87360,205,966.14,Maison,780.0
87370,26,1550.0,Appartement,1372.38
87370,344,1229.52,Maison,965.7
87380,38,3236.5,Appartement,1753.01
87380,611,1512.11,Maison,1306.67
87400,169,2161.57,Appartement,1544.44
87400,919,1421.64,Maison,1397.06
87410,25,6641.52,Appartement,5818.18
87410,341,1831.28,Maison,1770.83
87420,230,1878.9,Maison,1504.85
87430,2,2780.56,Appartement,2780.56
87430,371,2141.17,Maison,2113.4
87440,32,2695.04,Appartement,2207.79
87440,510,1502.29,Maison,1077.68
87460,14,1880.49,Appartement,1876.39
87460,259,1176.53,Maison,1062.5
87470,6,889.71,Appartement,905.36
87470,165,1325.62,Maison,1058.82
87480,10,1299.14,Appartement,824.78
87480,259,1694.04,Maison,1625.0
87500,226,3136.76,Appartement,2218.27
87500,1285,1885.52,Maison,1397.39
87510,9,3360.28,Appartement,1562.5
87510,635,1771.86,Maison,1640.29
87520,31,3427.69,Appartement,2753.85
87520,537,1563.06,Maison,1485.15
87570,370,1950.31,Maison,1940.0
87590,12,2887.05,Appartement,2309.08
87590,210,2000.44,Maison,1984.52
87600,59,2336.02,Appartement,1997.2
87600,740,1423.59,Maison,1191.78
87620,5,2643.12,Appartement,2135.8
87620,233,1528.76,Maison,1475.61
87640,4,1267.17,Appartement,1267.17
87640,135,1349.13,Maison,1184.52
87700,184,4019.8,Appartement,3272.73
87700,808,1790.04,Maison,1652.04
87720,8,3573.65,Appartement,2761.9
87720,115,1103.6,Maison,1032.5
87800,71,1759.87,Appartement,1416.67
87800,1128,1984.46,Maison,1619.12
87890,48,960.75,Maison,985.33
87920,37,2017.64,Appartement,1768.29
87920,323,2014.07,Maison,1931.56
88000,2920,3837.65,Appartement,1552.88
88000,1587,3495.43,Maison,1764.87
88100,1681,3521.04,Appartement,1551.55
88100,1248,1622.98,Maison,1545.01
88110,356,2010.66,Appartement,1611.83
88110,523,1244.53,Maison,1197.37
88120,290,2337.59,Appartement,1617.65
88120,612,1875.92,Maison,1795.16
88130,297,1924.25,Appartement,1580.0
88130,492,1378.62,Maison,1417.44
88140,246,2848.48,Appartement,1538.46
88140,519,1209.42,Maison,989.58
88150,480,1873.4,Appartement,1219.25
88150,580,1457.55,Maison,1426.91
88160,358,2196.56,Appartement,1513.16
88160,512,1720.02,Maison,1459.64
88170,65,2012.69,Appartement,1128.45
88170,558,918.13,Maison,823.76
88190,361,2710.84,Appartement,1571.43
88190,357,2270.26,Maison,1659.09
88200,1168,2336.69,Appartement,1524.25
88200,779,1781.99,Maison,1700.0
88210,252,1330.01,Appartement,909.77
88210,514,1238.56,Maison,1003.86
88220,133,2406.49,Appartement,1278.69
88220,652,1597.18,Maison,1545.98
88230,254,2030.65,Appartement,1179.88
88230,491,2024.63,Maison,1714.29
88240,186,2255.18,Appartement,1500.0
88240,579,1070.73,Maison,891.47
88250,502,6503.6,Appartement,2500.0
88250,326,4555.99,Maison,2336.88
88260,82,1366.68,Appartement,1139.42
88260,502,866.96,Maison,745.77
88270,72,1792.63,Appartement,1295.06
88270,536,1168.46,Maison,963.73
88290,98,1762.85,Appartement,1445.53
88290,196,1782.85,Maison,1619.41
88300,417,2948.92,Appartement,2089.55
88300,723,1177.18,Maison,1030.49
88310,254,1752.61,Appartement,1428.13
88310,265,2005.97,Maison,1827.37
88320,43,908.21,Appartement,628.57
88320,440,1050.01,Maison,515.12
88330,88,2743.62,Appartement,1592.17
88330,297,1218.49,Maison,1181.77
88340,173,2045.19,Appartement,1568.18
88340,301,1606.19,Maison,1346.76
88350,52,927.09,Appartement,843.48
88350,257,831.96,Maison,782.61
88360,120,1708.74,Appartement,1290.12
88360,272,1570.5,Maison,1454.74
88370,204,3364.11,Appartement,1510.0
88370,178,1338.05,Maison,1161.54
88380,82,2346.98,Appartement,1602.94
88380,194,1509.56,Maison,1427.88
88390,110,2148.5,Appartement,1689.69
88390,622,1851.38,Maison,1832.58
88400,1041,3950.96,Appartement,3055.56
88400,789,4019.64,Maison,3350.0
88410,16,1595.01,Appartement,1159.77
88410,245,751.76,Maison,583.33
88420,114,1938.94,Appartement,1406.11
88420,165,1209.09,Maison,1078.67
88430,103,2302.9,Appartement,2040.82
88430,271,2106.16,Maison,1830.23
88440,62,2002.07,Appartement,1783.0
88440,130,1337.66,Maison,1313.32
88450,40,3005.42,Appartement,2038.58
88450,204,1396.0,Maison,1400.32
88460,74,1775.82,Appartement,1435.71
88460,218,1626.43,Maison,1562.55
88470,58,3209.26,Appartement,1731.88
88470,324,1677.38,Maison,1639.94
88480,62,2534.89,Appartement,2208.95
88480,166,1571.05,Maison,1547.62
88490,36,2159.82,Appartement,2062.08
88490,228,1396.24,Maison,1266.67
88500,366,1977.54,Appartement,1519.5
88500,828,1102.54,Maison,937.5
88510,78,2975.73,Appartement,1714.88
88510,132,1779.07,Maison,1689.34
88520,67,2292.17,Appartement,1821.43
88520,241,1872.22,Maison,1590.96
88530,106,3699.46,Appartement,2333.33
88530,192,2202.86,Maison,2065.6
88540,97,1987.21,Appartement,1500.0
88540,128,1813.25,Maison,1547.34
88550,54,1428.86,Appartement,1359.14
88550,184,1422.66,Maison,1466.67
88560,105,2911.17,Appartement,1800.0
88560,87,1821.49,Maison,1447.06
88580,66,2105.99,Appartement,1269.17
88580,123,1723.85,Maison,1666.67
88600,393,2225.03,Appartement,1497.2
88600,954,1423.94,Maison,1333.14
88630,30,3507.45,Appartement,1741.83
88630,227,2827.51,Maison,833.33
88640,122,3227.08,Appartement,2400.0
88640,309,1844.35,Maison,1677.27
88650,88,1753.14,Appartement,1286.3
88650,378,1812.57,Maison,1749.94
88700,316,2023.18,Appartement,1412.49
88700,926,1112.91,Maison,1064.81
88800,496,4828.84,Appartement,1525.14
88800,471,1224.36,Maison,1142.86
89000,7332,64262.91,Appartement,22043.01
89000,2172,25325.82,Maison,2117.83
89100,1817,5422.01,Appartement,1893.62
89100,2291,2275.71,Maison,1817.65
89110,62,3232.21,Appartement,2669.12
89110,824,1543.74,Maison,1372.97
89113,17,2713.25,Appartement,2826.58
89113,335,1727.02,Maison,1578.02
89116,4,4411.86,Appartement,4411.86
89116,296,1591.31,Maison,1376.68
89120,6,1544.89,Appartement,1111.72
89120,842,1453.32,Maison,1230.56
89130,170,6882.49,Appartement,3285.98
89130,534,10225.18,Maison,1388.89
89140,102,4184.03,Appartement,3128.52
89140,1327,1925.68,Maison,1686.27
89144,5,155.6,Appartement,0.09
89144,132,1564.77,Maison,1286.26
89150,58,3678.72,Appartement,3510.62
89150,894,2303.79,Maison,1664.22
89160,45,2112.02,Appartement,1179.78
89160,409,1092.64,Maison,789.47
89170,64,3508.82,Appartement,3044.96
89170,290,1331.96,Maison,1106.84
89190,47,2359.85,Appartement,1545.45
89190,463,1267.48,Maison,1129.03
89200,429,4057.31,Appartement,1936.45
89200,742,1826.0,Maison,1457.92
89210,106,4800.14,Appartement,2400.04
89210,465,1294.24,Maison,1136.36
89220,21,1334.46,Appartement,1125.0
89220,437,1541.09,Maison,1159.28
89230,20,5142.7,Appartement,5241.03
89230,201,4595.34,Maison,1510.79
89240,21,4971.94,Appartement,4124.4
89240,865,1871.44,Maison,1572.82
89250,47,4447.64,Appartement,4024.39
89250,514,2837.47,Maison,1530.1
89260,53,1423.92,Appartement,1203.12
89260,374,1577.15,Maison,1412.45
89270,43,2606.96,Appartement,1837.84
89270,417,1145.64,Maison,934.43
89290,83,4095.22,Appartement,2727.27
89290,804,3333.22,Maison,1783.71
89300,486,3163.55,Appartement,2026.17
89300,830,1528.67,Maison,1386.12
89310,44,2570.92,Appartement,2044.89
89310,310,1313.68,Maison,1098.43
89320,14,2325.27,Appartement,2255.98
89320,521,1469.31,Maison,1296.3
89330,62,3883.54,Appartement,2465.75
89330,570,1511.09,Maison,1374.01
89340,75,4276.52,Appartement,2800.0
89340,786,2081.13,Maison,1836.86
89350,10,1581.97,Appartement,1090.66
89350,251,1246.64,Maison,1112.5
89360,248,1493.94,Maison,1164.66
89380,37,2361.4,Appartement,1862.75
89380,281,2394.26,Maison,1666.67
89390,16,1465.3,Appartement,1006.94
89390,184,2161.15,Maison,782.21
89400,324,2953.46,Appartement,1672.96
89400,1221,1502.22,Maison,1359.02
89410,1,2142.86,Appartement,2142.86
89410,171,1545.75,Maison,1298.7
89420,17,2622.07,Appartement,1589.17
89420,235,1403.95,Maison,1093.22
89430,3,3402.78,Appartement,3333.33
89430,191,1290.61,Maison,1000.0
89440,24,2387.49,Appartement,2151.79
89440,346,1350.99,Maison,1123.03
89450,20,2920.89,Appartement,2293.75
89450,236,1639.24,Maison,1270.83
89460,22,8169.84,Appartement,3102.56
89460,262,2517.81,Maison,1155.56
89470,42,4717.64,Appartement,4065.31
89470,283,7714.23,Maison,2042.86
89480,21,1613.47,Appartement,1898.73
89480,246,1365.45,Maison,855.28
89500,239,3670.73,Appartement,2378.38
89500,1311,1542.49,Maison,1434.66
89510,32,969.65,Appartement,1013.51
89510,250,1985.39,Maison,1679.62
89520,31,2122.9,Appartement,1349.21
89520,769,1324.72,Maison,1116.85
89530,36,4565.68,Appartement,2958.27
89530,113,1380.75,Maison,1298.7
89550,8,1926.13,Appartement,1839.32
89550,157,1918.59,Maison,1559.81
89560,23,1345.17,Appartement,1300.0
89560,317,1080.77,Maison,950.98
89570,242,2043.04,Maison,1158.16
89580,95,19721.9,Appartement,26626.53
89580,314,7146.0,Maison,1269.68
89600,151,1833.36,Appartement,1000.0
89600,463,1182.62,Maison,1084.21
89630,10,2205.84,Appartement,2282.57
89630,247,1509.03,Maison,1250.0
89660,21,1898.95,Appartement,1333.33
89660,375,1435.07,Maison,927.27
89690,24,3356.89,Appartement,2642.18
89690,191,1881.3,Maison,1824.56
89700,334,2815.75,Appartement,1458.9
89700,575,1419.0,Maison,1000.0
89710,2,462.86,Appartement,462.86
89710,192,1972.72,Maison,1426.5
89740,1,721.15,Appartement,721.15
89740,109,953.96,Maison,780.06
89770,104,1375.49,Maison,1025.0
89800,61,4212.67,Appartement,3405.8
89800,549,1749.97,Maison,1290.32
90000,4784,4832.63,Appartement,1595.49
90000,541,2079.24,Maison,1752.63
90100,289,2555.78,Appartement,1546.39
90100,590,1807.61,Maison,1750.36
90110,95,1870.05,Appartement,1379.31
90110,179,1749.43,Maison,1602.56
90120,145,3851.8,Appartement,2521.74
90120,97,1710.22,Maison,1647.31
90130,54,4235.79,Appartement,2148.18
90130,85,1986.76,Maison,2007.35
90140,60,1907.93,Appartement,1642.94
90140,118,1906.05,Maison,1860.58
90150,21,1785.55,Appartement,1343.43
90150,261,1873.17,Maison,1887.82
90160,52,2768.3,Appartement,2324.77
90160,131,3128.08,Maison,2007.98
90170,37,3625.27,Appartement,1880.95
90170,140,1744.57,Maison,1753.9
90200,253,2200.21,Appartement,1741.94
90200,480,1510.83,Maison,1401.97
90300,495,2018.22,Appartement,1372.22
90300,593,1884.47,Maison,1776.32
90330,31,3435.23,Appartement,3007.14
90330,60,1680.93,Maison,1611.83
90340,25,2191.3,Appartement,1955.88
90340,95,2105.73,Maison,2159.09
90350,14,1806.19,Appartement,1836.17
90350,102,1825.29,Maison,1800.0
90360,23,6607.77,Appartement,8548.39
90360,40,1729.85,Maison,1783.06
90370,6,1287.55,Appartement,1065.25
90370,29,1786.21,Maison,1795.45
90380,16,2473.57,Appartement,1943.19
90380,45,1896.21,Maison,1807.69
90400,306,3285.86,Appartement,1817.11
90400,439,1908.05,Maison,1827.21
90500,235,3287.78,Appartement,1706.25
90500,222,1606.68,Maison,1600.5
90600,132,2799.29,Appartement,2257.08
90600,101,1680.34,Maison,1629.63
90700,145,9646.33,Appartement,3369.86
90700,140,1799.73,Maison,1725.45
90800,199,2806.26,Appartement,1942.03
90800,204,2612.67,Maison,1795.92
90850,98,2516.39,Appartement,1908.53
90850,145,1812.18,Maison,1849.46
91000,2654,32116.07,Appartement,2345.92
91000,324,3071.14,Maison,2893.8
91070,460,12973.65,Appartement,3539.7
91070,457,3176.24,Maison,3011.49
91080,487,2814.38,Appartement,2741.94
91080,213,3328.57,Maison,2864.58
91090,104,3184.44,Appartement,3187.95
91090,287,3069.39,Maison,3075.0
91100,4032,14982.79,Appartement,2926.83
91100,1151,4017.16,Maison,3163.64
91120,1855,28649.33,Appartement,4421.77
91120,681,5312.7,Maison,4932.61
91130,1351,6733.09,Appartement,2172.13
91130,507,4280.71,Maison,3386.67
91140,457,7274.77,Appartement,3653.85
91140,436,5762.76,Maison,4080.84
91150,1707,5050.52,Appartement,2666.67
91150,1304,3338.75,Maison,2706.56
91160,1556,4108.91,Appartement,3199.43
91160,1014,4123.63,Maison,3696.19
91170,1056,3509.41,Appartement,2803.51
91170,662,4154.46,Maison,3746.79
91180,351,31264.3,Appartement,3766.0
91180,465,8067.74,Maison,3375.56
91190,662,6789.47,Appartement,4178.61
91190,755,5334.71,Maison,4250.0
91200,1496,20074.51,Appartement,3703.28
91200,650,9675.63,Maison,4232.27
91210,750,5386.54,Appartement,3281.25
91210,992,4747.74,Maison,3812.05
91220,1051,4114.17,Appartement,3424.24
91220,924,4781.16,Maison,3293.75
91230,771,16521.31,Appartement,4179.25
91230,816,4527.28,Maison,4123.05
91240,1005,24735.7,Appartement,3460.53
91240,499,3572.89,Maison,3411.02
91250,362,4841.33,Appartement,3550.31
91250,1122,4675.8,Maison,3375.61
91260,1319,12492.47,Appartement,3838.89
91260,327,5006.17,Maison,3989.9
91270,870,8805.21,Appartement,3480.8
91270,829,4036.93,Maison,3697.48
91280,503,6995.98,Appartement,3697.37
91280,423,3471.52,Maison,3382.83
91290,1184,14128.59,Appartement,3796.58
91290,491,4145.2,Maison,3368.42
91300,3350,10308.81,Appartement,4596.1
91300,351,5166.53,Maison,4878.51
91310,1015,9952.1,Appartement,3641.03
91310,1281,3782.74,Maison,3419.35
91320,388,15663.65,Appartement,4631.34
91320,197,10343.15,Maison,4435.03
91330,1403,11511.07,Appartement,3490.57
91330,994,4928.99,Maison,4095.24
91340,52,15080.95,Appartement,3679.81
91340,257,6318.36,Maison,3285.71
91350,2996,301.82,Appartement,0.01
91350,130,3163.93,Maison,3007.54
91360,665,25508.24,Appartement,4458.33
91360,810,9365.04,Maison,3925.65
91370,412,6325.64,Appartement,4400.0
91370,554,6117.1,Maison,5507.93
91380,1833,82977.86,Appartement,3225.93
91380,253,6184.82,Maison,4148.94
91390,744,18806.62,Appartement,3389.28
91390,860,6635.45,Maison,3844.67
91400,716,20573.85,Appartement,4882.79
91400,807,5525.86,Maison,4550.85
91410,496,5046.14,Appartement,3172.1
91410,927,3215.02,Maison,2884.62
91420,604,67747.66,Appartement,5527.78
91420,548,6080.51,Maison,4062.15
91430,388,11135.9,Appartement,11046.46
91430,567,5515.91,Maison,5023.81
91440,177,5871.5,Appartement,4500.0
91440,321,4675.25,Maison,4369.48
91450,281,4598.07,Appartement,3221.15
91450,476,4035.52,Maison,3569.46
91460,221,7288.74,Appartement,3813.56
91460,388,4387.96,Maison,3486.98
91470,260,19318.29,Appartement,3785.39
91470,908,3579.65,Maison,3420.35
91480,302,8138.78,Appartement,3572.6
91480,487,3913.34,Maison,3416.67
91490,125,4980.72,Appartement,3611.11
91490,632,3581.97,Maison,3279.57
91510,236,44065.47,Appartement,4230.77
91510,476,3557.98,Maison,3316.87
91520,98,7658.53,Appartement,3506.7
91520,200,3336.69,Maison,3291.26
91530,149,13323.93,Appartement,3425.0
91530,776,6985.74,Maison,3042.86
91540,593,4242.63,Appartement,3634.92
91540,946,4088.76,Maison,3155.18
91550,267,51574.02,Appartement,12750.0
91550,315,4814.49,Maison,4375.0
91560,410,4982.83,Appartement,2782.69
91560,283,5099.0,Maison,4145.63
91570,166,6242.23,Appartement,4263.79
91570,222,6335.01,Maison,5542.74
91580,223,4352.78,Appartement,3221.58
91580,592,3313.27,Maison,3155.74
91590,321,14999.84,Appartement,3200.0
91590,1010,7398.33,Maison,2984.17
91600,1801,56717.73,Appartement,3900.0
91600,1437,6224.66,Maison,4074.07
91610,253,69721.04,Appartement,83763.05
91610,438,3326.89,Maison,3196.84
91620,271,18362.72,Appartement,4130.43
91620,567,5483.65,Maison,3621.85
91630,357,47326.97,Appartement,5243.24
91630,541,3495.37,Maison,3355.26
91640,82,5706.89,Appartement,3418.33
91640,432,3608.47,Maison,3391.11
91650,91,9732.76,Appartement,4217.95
91650,527,3345.71,Maison,3152.69
91660,37,2911.0,Appartement,2363.64
91660,307,2680.83,Maison,2388.06
91670,88,3573.82,Appartement,2571.43
91670,293,2489.73,Maison,2241.38
91680,104,10416.12,Appartement,3211.11
91680,217,3293.3,Maison,3170.73
91690,56,3899.75,Appartement,2515.62
91690,404,2643.64,Maison,2518.53
91700,1595,12984.03,Appartement,3365.38
91700,1508,4422.75,Maison,3694.68
91710,173,70810.63,Appartement,92905.06
91710,135,3256.71,Maison,3168.22
91720,75,5573.3,Appartement,3219.18
91720,518,3102.52,Maison,2779.35
91730,48,3157.48,Appartement,3030.83
91730,106,3239.51,Maison,3025.47
91740,95,4633.97,Appartement,2108.91
91740,228,2445.44,Maison,2233.12
91750,63,4293.89,Appartement,4103.45
91750,284,3435.8,Maison,3134.92
91760,36,3785.47,Appartement,3145.0
91760,474,3449.84,Maison,3196.15
91770,71,3374.6,Appartement,3163.27
91770,146,3536.88,Maison,3390.92
91780,12,2257.31,Appartement,2190.07
91780,197,3369.01,Maison,2563.29
91790,49,4377.72,Appartement,3333.33
91790,241,3295.17,Maison,3166.49
91800,1236,4268.56,Appartement,2942.74
91800,1120,4808.56,Maison,4084.17
91810,45,7272.8,Appartement,3653.33
91810,102,3407.23,Maison,3229.99
91820,64,3767.09,Appartement,3000.0
91820,331,3016.26,Maison,2907.69
91830,176,4751.22,Appartement,2855.25
91830,212,3566.17,Maison,3200.0
91840,16,6409.84,Appartement,5285.71
91840,130,3390.03,Maison,3444.05
91850,21,2686.19,Appartement,2604.55
91850,120,3699.82,Maison,3298.99
91860,389,2147.12,Appartement,1897.96
91860,146,3057.03,Maison,2905.92
91870,6,8547.54,Appartement,9147.62
91870,39,2459.4,Maison,2209.88
91880,59,7560.97,Maison,2700.73
91890,64,3507.71,Maison,2747.6
91910,38,3648.77,Maison,3404.48
91930,2,2354.79,Appartement,2354.79
91930,24,1963.36,Maison,1956.2
91940,1162,4665.48,Appartement,2535.23
91940,234,4776.03,Maison,3760.62
92000,2734,14462.95,Appartement,5687.95
92000,717,8260.76,Maison,6812.02
92100,9454,14717.84,Appartement,9027.6
92100,235,25324.04,Maison,13764.15
92110,6146,67849.11,Appartement,8001.12
92110,67,20668.46,Maison,10660.76
92120,4375,29145.8,Appartement,8103.45
92120,138,11983.83,Maison,10911.03
92130,5177,63609.77,Appartement,8731.34
92130,270,15264.03,Maison,10131.73
92140,3587,17718.39,Appartement,6492.54
92140,1008,9825.49,Maison,7962.02
92150,3641,80205.53,Appartement,7666.67
92150,382,11170.98,Maison,9173.53
92160,3594,66276.12,Appartement,6250.0
92160,1252,6914.04,Maison,6320.51
92170,2264,15579.2,Appartement,7299.43
92170,160,22401.81,Maison,9867.61
92190,2071,46589.94,Appartement,6896.55
92190,460,16519.48,Maison,9054.44
92200,5708,35154.66,Appartement,11237.22
92200,138,23664.46,Maison,17396.09
92210,1794,8529.9,Appartement,6959.59
92210,317,12510.7,Maison,10280.37
92220,1814,16582.87,Appartement,5526.32
92220,284,9493.55,Maison,6586.71
92230,1813,116977.16,Appartement,5671.88
92230,188,5690.55,Maison,4982.88
92240,1430,12811.64,Appartement,7223.61
92240,268,12397.1,Maison,8549.22
92250,2398,20641.19,Appartement,7085.97
92250,212,11346.23,Maison,9845.11
92260,1373,15082.91,Appartement,4879.38
92260,232,8434.12,Maison,6631.01
92270,2303,10800.47,Appartement,6632.65
92270,494,11376.41,Maison,9155.61
92290,2976,24561.39,Appartement,5836.42
92290,204,7614.02,Maison,6224.24
92300,6835,245640.38,Appartement,10272.11
92300,43,29217.8,Maison,12827.03
92310,1074,6241.77,Appartement,5865.03
92310,299,10802.19,Maison,8884.64
92320,2157,13201.76,Appartement,6120.0
92320,338,8752.21,Maison,7503.71
92330,1136,13686.81,Appartement,6656.86
92330,248,9279.96,Maison,8796.97
92340,1124,8187.47,Appartement,5712.41
92340,249,8897.69,Maison,7687.5
92350,2719,40256.74,Appartement,6213.24
92350,190,9701.33,Maison,7301.14
92360,803,23597.41,Appartement,3603.17
92360,4,2610.31,Maison,2058.84
92370,1483,100471.1,Appartement,6392.56
92370,319,8797.07,Maison,7909.09
92380,1579,240462.09,Appartement,7160.83
92380,358,50001.51,Maison,9299.25
92390,850,14934.83,Appartement,4093.07
92390,103,12312.53,Maison,4500.0
92400,6007,18883.57,Appartement,7293.24
92400,190,11906.68,Maison,9377.74
92410,519,34274.62,Appartement,5816.95
92410,115,15030.72,Maison,9000.0
92420,493,50600.38,Appartement,5329.28
92420,215,11220.11,Maison,8343.06
92430,20,6359.38,Appartement,5604.95
92430,69,12886.44,Maison,8322.37
92500,5687,37559.54,Appartement,6562.5
92500,1393,10066.38,Maison,8224.72
92600,8188,24437.49,Appartement,6926.38
92600,568,10037.19,Maison,8705.01
92700,5128,23099.58,Appartement,5651.84
92700,1699,12877.88,Maison,7686.39
92800,3553,30000.4,Appartement,7794.87
92800,123,14179.25,Maison,10131.58
93000,2299,26790.01,Appartement,4133.33
93000,436,4852.32,Maison,3949.99
93100,6576,45971.73,Appartement,7000.0
93100,1217,10557.93,Maison,6916.67
93110,2275,9735.96,Appartement,3965.52
93110,550,5771.65,Maison,5082.99
93120,1211,44251.52,Appartement,3909.94
93120,211,6063.31,Maison,4436.71
93130,3957,432692.95,Appartement,69211.48
93130,584,38266.26,Maison,4860.94
93140,4436,875950.12,Appartement,39838.71
93140,844,9617.05,Maison,3765.43
93150,2074,28766.59,Appartement,4280.34
93150,1056,5437.43,Maison,4126.25
93160,3882,8757.88,Appartement,4551.62
93160,1071,6824.49,Maison,4791.67
93170,5107,83137.85,Appartement,42818.61
93170,366,17389.83,Maison,7609.13
93190,2466,35523.51,Appartement,3462.91
93190,1212,4242.59,Maison,3791.67
93200,4441,80221.09,Appartement,4701.8
93200,411,21937.41,Maison,4513.89
93210,833,11677.22,Appartement,4777.78
93210,16,5350.49,Maison,5441.83
93220,1816,22875.3,Appartement,4075.29
93220,1265,4497.8,Maison,3975.97
93230,1777,32233.89,Appartement,5652.17
93230,402,9085.91,Maison,6307.05
93240,1130,64563.69,Appartement,3548.39
93240,472,4754.31,Maison,3592.86
93250,1525,16765.84,Appartement,4336.15
93250,881,4969.18,Maison,4636.36
93260,1374,14896.09,Appartement,7286.92
93260,146,9441.1,Maison,8201.39
93270,2350,7455.1,Appartement,3914.68
93270,924,3588.65,Maison,3400.0
93290,811,6182.15,Appartement,3092.86
93290,1226,4159.24,Maison,3548.58
93300,4034,43589.16,Appartement,4842.91
93300,304,25732.0,Maison,5440.77
93310,1037,24881.34,Appartement,6969.7
93310,90,13934.39,Maison,8350.04
93320,1260,39436.94,Appartement,3629.74
93320,659,4457.53,Maison,3984.38
93330,1638,31816.27,Appartement,3828.06
93330,485,30968.06,Maison,4615.38
93340,943,7090.76,Appartement,4440.0
93340,400,6131.58,Maison,5270.7
93350,1400,288292.74,Appartement,9918.03
93350,118,7618.3,Maison,4200.84
93360,1180,17482.77,Appartement,5000.0
93360,607,6146.07,Maison,4933.77
93370,621,11297.95,Appartement,3660.71
93370,998,4679.41,Maison,3659.06
93380,993,7266.79,Appartement,3077.66
93380,447,5209.4,Maison,3545.45
93390,715,4833.55,Appartement,2029.41
93390,309,12139.02,Maison,3468.47
93400,4652,24911.5,Appartement,6921.5
93400,194,16542.25,Maison,8068.62
93410,392,19690.11,Appartement,3468.47
93410,245,4956.86,Maison,3602.94
93420,1527,16167.47,Appartement,3578.12
93420,830,3696.61,Maison,3245.07
93430,576,316885.42,Appartement,413559.32
93430,115,4070.8,Maison,3333.33
93440,826,149499.66,Appartement,5086.53
93440,38,6627.01,Maison,3585.71
93450,1552,378770.69,Appartement,442840.97
93450,39,16434.11,Maison,6590.91
93460,287,5375.03,Appartement,4545.45
93460,349,4792.46,Maison,4410.11
93470,121,3858.29,Appartement,3023.26
93470,266,3506.53,Maison,3381.85
93500,3296,16032.18,Appartement,6475.96
93500,180,22395.8,Maison,7779.28
93600,2055,10492.93,Appartement,4027.78
93600,1916,4791.68,Maison,3888.89
93700,3120,13412.34,Appartement,3632.12
93700,1462,4980.87,Maison,4178.41
93800,2010,9324.91,Appartement,2903.52
93800,476,4305.66,Maison,3745.89
94000,4460,25765.5,Appartement,4286.66
94000,421,6739.19,Maison,5970.59
94100,3972,19373.41,Appartement,6041.67
94100,1315,9293.75,Maison,7597.22
94110,872,9952.46,Appartement,5747.03
94110,258,7618.64,Maison,6628.13
94120,2810,20799.66,Appartement,6493.24
94120,945,10621.24,Maison,7681.16
94130,2766,21338.62,Appartement,6637.03
94130,347,9881.8,Maison,8640.91
94140,2702,15306.28,Appartement,5555.32
94140,304,7770.78,Maison,6219.05
94150,337,6358.27,Appartement,4295.35
94150,117,5115.21,Maison,5005.95
94160,1875,21704.11,Appartement,9316.04
94160,50,18136.95,Maison,12698.25
94170,2888,16582.76,Appartement,6087.09
94170,891,10858.7,Maison,7500.0
94190,1566,86571.58,Appartement,7694.03
94190,491,5844.43,Maison,3553.57
94200,3249,20629.87,Appartement,5508.47
94200,225,11107.8,Maison,6681.82
94210,1980,22214.8,Appartement,6527.05
94210,932,9475.96,Maison,7730.01
94220,2174,18859.8,Appartement,8105.3
94220,43,10192.47,Maison,10357.09
94230,1416,9251.48,Appartement,5416.03
94230,321,10051.91,Maison,6714.29
94240,1720,108326.99,Appartement,4800.0
94240,537,8229.14,Maison,5781.25
94250,758,12096.02,Appartement,6308.61
94250,93,9784.23,Maison,7445.27
94260,1500,50907.34,Appartement,3479.58
94260,225,5427.94,Maison,5062.5
94270,2678,283817.65,Appartement,200000.0
94270,62,26564.49,Maison,7258.15
94290,724,6474.09,Appartement,3963.47
94290,637,4546.51,Maison,3955.7
94300,4825,19556.12,Appartement,9333.33
94300,199,16401.94,Maison,11846.15
94310,780,16890.87,Appartement,3986.57
94310,301,7884.68,Maison,4412.7
94320,2053,16440.28,Appartement,4318.25
94320,422,5844.25,Maison,4813.29
94340,1076,12661.65,Appartement,5909.59
94340,336,8941.31,Maison,7672.26
94350,1767,8175.66,Appartement,4266.67
94350,661,5350.73,Maison,4756.1
94360,1026,6488.43,Appartement,5000.0
94360,469,8075.74,Maison,6578.95
94370,841,10342.33,Appartement,3823.53
94370,842,5320.37,Maison,4526.06
94380,437,8618.71,Appartement,3857.14
94380,172,6369.99,Maison,4723.01
94400,3328,14115.04,Appartement,4314.76
94400,981,10453.78,Maison,5526.6
94410,954,21634.05,Appartement,6708.02
94410,42,23687.82,Maison,9575.68
94420,1188,10860.8,Appartement,3989.32
94420,378,6809.74,Maison,4642.84
94430,1427,41091.81,Appartement,4204.55
94430,525,46191.32,Maison,4820.39
94440,378,5369.1,Appartement,4042.73
94440,965,4249.41,Maison,3687.5
94450,1268,11879.37,Appartement,3565.65
94450,451,14815.95,Maison,3892.59
94460,996,11821.53,Appartement,6643.86
94460,139,4001.44,Maison,3717.95
94470,1130,14282.22,Appartement,2996.53
94470,243,5453.62,Maison,4080.0
94480,549,70356.65,Appartement,5181.82
94480,121,4269.81,Maison,4090.91
94490,220,8313.19,Appartement,4851.22
94490,582,5768.02,Maison,4381.94
94500,3069,11463.94,Appartement,4175.58
94500,1542,6254.93,Maison,4780.87
94510,368,79026.21,Appartement,4707.02
94510,493,3932.88,Maison,3443.37
94520,104,4296.5,Appartement,3601.96
94520,368,3773.31,Maison,3575.37
94550,909,21181.77,Appartement,3762.0
94550,162,33663.35,Maison,5514.29
94600,2601,29331.13,Appartement,3974.36
94600,452,5511.76,Maison,4615.38
94700,3470,19025.04,Appartement,6000.0
94700,570,9385.4,Maison,7172.33
94800,2570,40264.57,Appartement,5602.0
94800,540,7974.55,Maison,6126.98
94880,125,5153.44,Appartement,3928.57
94880,202,4859.91,Maison,4125.81
95000,1857,13420.66,Appartement,3470.59
95000,518,3585.6,Maison,3238.67
95100,5395,99088.83,Appartement,4285.71
95100,2215,4869.09,Maison,4153.85
95110,1273,7431.62,Appartement,3660.0
95110,602,5196.77,Maison,4666.67
95120,1437,21482.8,Appartement,3561.07
95120,646,6296.74,Maison,4823.5
95130,2701,5122.18,Appartement,3125.0
95130,933,6297.27,Maison,4331.03
95140,2194,1923.6,Appartement,0.02
95140,305,3830.94,Maison,3335.0
95150,993,3628.36,Appartement,2982.14
95150,826,4382.35,Maison,4121.05
95160,1202,4829.19,Appartement,4036.11
95160,616,5639.95,Maison,4876.28
95170,1104,8885.54,Appartement,3639.15
95170,621,6854.61,Maison,4481.87
95180,80,3206.42,Appartement,3164.5
95180,287,3181.06,Maison,3217.74
95190,396,11426.86,Appartement,3500.0
95190,929,3948.4,Maison,3431.37
95200,2014,116939.06,Appartement,3018.38
95200,485,4433.96,Maison,3314.71
95210,838,4653.86,Appartement,3694.75
95210,358,5524.89,Maison,5139.94
95220,954,4883.36,Appartement,3756.36
95220,1122,4478.19,Maison,4200.0
95230,584,4074.96,Appartement,3515.09
95230,532,5997.87,Maison,4604.32
95240,1394,14469.05,Appartement,4893.05
95240,915,5068.98,Maison,4583.33
95250,258,6105.18,Appartement,3665.34
95250,446,5317.35,Maison,4370.6
95260,783,21610.19,Appartement,3484.85
95260,424,5899.53,Maison,3186.54
95270,597,142569.68,Appartement,4500.0
95270,1552,7024.77,Maison,3375.0
95280,370,4018.52,Appartement,3976.37
95280,691,3400.86,Maison,3231.68
95290,578,5433.5,Appartement,4439.54
95290,524,4639.11,Maison,4414.22
95300,1831,11223.4,Appartement,3665.02
95300,702,4371.15,Maison,3687.7
95310,955,15171.48,Appartement,3295.0
95310,514,8266.33,Maison,3518.91
95320,891,11199.12,Appartement,4891.3
95320,678,5166.51,Maison,4353.38
95330,525,3993.49,Appartement,2942.31
95330,485,6385.53,Maison,3806.82
95340,672,30001.19,Appartement,3531.56
95340,514,8193.88,Maison,3155.86
95350,514,9508.58,Appartement,3228.29
95350,421,4207.79,Maison,3885.25
95360,499,5712.41,Appartement,3232.98
95360,331,4354.69,Maison,3655.91
95370,613,4946.24,Appartement,3174.88
95370,605,4929.01,Maison,3992.86
95380,695,23580.87,Appartement,4040.96
95380,629,4972.29,Maison,3134.33
95390,129,5915.81,Appartement,4285.71
95390,373,4546.05,Maison,4285.71
95400,1411,15992.87,Appartement,3212.5
95400,800,4401.97,Maison,3393.89
95410,308,5404.94,Appartement,3564.29
95410,325,4124.14,Maison,3900.0
95420,224,8309.96,Appartement,4179.1
95420,718,3110.69,Maison,2727.27
95430,148,7613.35,Appartement,3952.88
95430,621,4017.25,Maison,3757.95
95440,226,3100.93,Appartement,2758.72
95440,232,4105.08,Maison,3776.8
95450,132,19673.52,Appartement,6159.03
95450,722,4041.49,Maison,3200.64
95460,348,3070.29,Appartement,2901.39
95460,316,3928.39,Maison,3736.96
95470,518,4043.46,Appartement,3281.25
95470,963,3800.48,Maison,3103.9
95480,210,6400.41,Appartement,3803.23
95480,296,4093.61,Maison,3870.44
95490,337,4318.69,Appartement,3928.57
95490,519,3501.9,Maison,3522.73
95500,1021,88706.62,Appartement,3625.0
95500,611,3938.11,Maison,3378.79
95510,35,3593.18,Appartement,2333.33
95510,354,5939.03,Maison,2829.17
95520,748,43141.28,Appartement,23595.9
95520,646,8331.58,Maison,3503.93
95530,126,6337.72,Appartement,3889.48
95530,292,4827.18,Maison,4535.42
95540,278,5514.57,Appartement,3360.66
95540,406,4066.55,Maison,3672.78
95550,348,5136.08,Appartement,4301.16
95550,309,8250.24,Maison,3910.61
95560,238,19595.29,Appartement,3987.95
95560,462,4466.32,Maison,3399.03
95570,218,12759.74,Appartement,4033.47
95570,428,3609.3,Maison,3315.47
95580,207,23479.36,Appartement,4853.66
95580,204,5168.26,Maison,4218.95
95590,155,5693.49,Appartement,3750.0
95590,436,3720.27,Maison,3452.39
95600,861,7370.02,Appartement,3617.86
95600,654,5036.15,Maison,4729.71
95610,745,27389.53,Appartement,3484.42
95610,528,4094.52,Maison,3532.65
95620,81,49548.5,Appartement,6600.0
95620,427,4563.38,Maison,3559.52
95630,137,6686.68,Appartement,3643.75
95630,328,5457.21,Maison,3922.63
95640,106,20919.22,Appartement,3215.79
95640,434,4115.07,Maison,3068.75
95650,37,3764.39,Appartement,3052.63
95650,198,3742.39,Maison,3461.54
95660,60,4456.79,Appartement,3046.77
95660,310,4350.55,Maison,3429.59
95670,118,5325.11,Appartement,4014.55
95670,297,3240.04,Maison,3203.88
95680,103,12810.46,Appartement,4375.0
95680,146,4802.27,Maison,4232.38
95690,25,3764.84,Appartement,2870.14
95690,284,4196.74,Maison,3599.36
95700,119,20754.23,Appartement,4642.86
95700,59,5325.41,Maison,3437.5
95710,15,4640.39,Appartement,4416.67
95710,133,2760.96,Maison,2571.43
95720,12,3245.13,Appartement,3089.29
95720,100,3753.91,Maison,3054.22
95740,60,44009.04,Appartement,3948.92
95740,190,6597.1,Maison,3815.11
95750,44,17472.47,Appartement,3509.85
95750,144,3052.19,Maison,2826.51
95760,56,14174.18,Appartement,4610.59
95760,113,4035.25,Maison,3657.76
95770,20,10882.66,Appartement,9915.54
95770,130,2666.95,Maison,2569.71
95780,13,4255.31,Appartement,2982.14
95780,76,2984.37,Maison,2813.04
95800,2045,40952.8,Appartement,3481.03
95800,579,3922.63,Maison,3223.14
95810,14,3753.17,Appartement,3377.31
95810,273,15009.01,Maison,3301.49
95820,33,18079.67,Appartement,3583.02
95820,198,3984.24,Maison,3036.94
95830,13,4419.9,Appartement,3635.0
95830,118,3077.0,Maison,3101.33
95840,9,3245.3,Appartement,3600.0
95840,110,4118.0,Maison,3723.4
95850,23,5561.43,Appartement,4125.0
95850,79,3666.45,Maison,3133.64
95870,1700,30152.28,Appartement,4596.66
95870,678,10015.42,Maison,4854.78
95880,804,12324.0,Appartement,5513.86
95880,206,7955.95,Maison,6543.88
97100,144,4452.9,Appartement,2284.82
97100,133,1725.56,Maison,1422.76
97110,1904,375172.34,Appartement,508474.58
97110,72,5517.0,Maison,1624.63
97111,223,37854.95,Appartement,33299.63
97111,379,2402.55,Maison,985.92
97112,30,15325.66,Appartement,5150.82
97112,225,36355.65,Maison,18462.5
97113,123,3761.57,Appartement,2587.72
97113,79,2826.17,Maison,2237.5
97114,18,4744.62,Appartement,4362.5
97114,174,1896.68,Maison,1607.34
97115,154,2625.8,Appartement,880.0
97115,580,2350.76,Maison,810.0
97116,177,130217.37,Appartement,128503.93
97116,77,2643.99,Maison,937.39
97117,18,2160.18,Appartement,1875.0
97117,100,1755.19,Maison,1543.75
97118,758,5085.56,Appartement,4783.82
97118,660,6292.38,Maison,4556.67
97119,121,191934.67,Appartement,210316.97
97119,99,2916.11,Maison,2000.0
97120,368,129987.73,Appartement,63062.83
97120,190,3045.27,Maison,2576.56
97121,79,1847.05,Maison,1507.69
97122,399,10581.37,Appartement,3125.0
97122,645,4585.05,Maison,2937.5
97123,21,3380.53,Appartement,2945.45
97123,82,1103.2,Maison,768.12
97125,26,4151.14,Appartement,3455.34
97125,141,3711.33,Maison,3505.88
97126,18,13221.14,Appartement,8562.79
97126,125,6310.96,Maison,4429.49
97127,12,2900.1,Maison,2964.05
97128,27,5367.52,Appartement,2826.09
97128,139,3380.64,Maison,2111.76
97129,433,112220.08,Appartement,44507.04
97129,258,2942.03,Maison,2385.8
97130,87,691.24,Appartement,261.23
97130,336,2068.94,Maison,1411.76
97131,17,7590.43,Appartement,5459.1
97131,138,3311.18,Maison,2503.9
97134,1,3076.92,Appartement,3076.92
97134,36,3058.91,Maison,1265.36
97136,14,1474.46,Maison,742.39
97137,10,17751.55,Appartement,12339.95
97137,32,8419.15,Maison,6448.68
97139,1962,215737.48,Appartement,61069.33
97139,436,25356.21,Maison,2118.84
97140,13,5294.05,Appartement,2876.71
97140,41,2159.51,Maison,1968.91
97141,5,2223.27,Appartement,2577.32
97141,25,1658.32,Maison,1271.43
97150,1658,4858.42,Appartement,3655.56
97150,555,12678.2,Maison,6234.72
97160,171,3745.43,Appartement,3264.71
97160,416,2463.42,Maison,2026.58
97170,205,3920.06,Appartement,3133.39
97170,578,3877.6,Maison,3176.78
97180,454,102767.87,Appartement,151958.94
97180,389,5147.39,Maison,3548.39
97190,713,4465.85,Appartement,3731.34
97190,333,4781.96,Maison,3660.0
97200,3463,22354.28,Appartement,2888.89
97200,1162,2439.29,Maison,1651.71
97211,31,7268.62,Appartement,4166.67
97211,101,2365.95,Maison,1888.89
97212,295,47571.25,Appartement,52089.64
97212,200,3023.98,Maison,2698.04
97213,44,3697.93,Appartement,3000.0
97213,105,2403.91,Maison,2166.67
97214,98,37917.56,Appartement,20300.81
97214,100,1715.65,Maison,1446.28
97215,59,3707.72,Appartement,3012.05
97215,230,3941.24,Maison,3220.96
97216,8,2513.03,Appartement,2629.76
97216,29,1659.46,Maison,1666.67
97217,100,12684.53,Appartement,7834.99
97217,64,3752.94,Maison,3347.96
97218,4,3544.09,Appartement,3544.09
97218,94,1173.61,Maison,1096.88
97220,224,4900.46,Appartement,3148.84
97220,239,2630.21,Maison,2118.64
97221,301,13187.26,Appartement,1368.44
97221,95,3740.21,Maison,2875.0
97222,33,3340.26,Appartement,3044.12
97222,128,3338.73,Maison,2997.57
97223,273,7641.92,Appartement,5000.0
97223,199,4625.53,Maison,4343.14
97224,438,22384.53,Appartement,3265.75
97224,213,2997.39,Maison,2880.43
97225,19,3986.44,Appartement,2941.18
97225,57,5810.76,Maison,2096.77
97226,5,4410.33,Appartement,3205.13
97226,47,3058.48,Maison,2580.0
97227,163,6325.49,Appartement,4773.57
97227,129,15778.79,Maison,4062.5
97228,210,6497.9,Appartement,3943.38
97228,261,3976.46,Maison,3518.52
97229,590,5405.86,Appartement,4464.29
97229,221,6296.27,Maison,4470.07
97230,192,41978.98,Appartement,10092.29
97230,128,4937.38,Maison,2041.73
97231,465,34252.24,Appartement,3991.6
97231,434,2378.06,Maison,1696.64
97232,1071,37241.32,Appartement,3071.43
97232,445,3207.37,Maison,2564.1
97233,777,5705.07,Appartement,3367.35
97233,257,3815.44,Maison,3013.33
97234,379,46112.87,Appartement,62898.82
97234,166,3100.95,Maison,2208.69
97240,148,59061.09,Appartement,55078.34
97240,319,5455.93,Maison,3333.33
97250,113,21133.42,Appartement,31980.37
97250,150,2328.63,Maison,1250.65
97260,8,1299.93,Appartement,1227.64
97260,98,2297.32,Maison,1828.43
97270,54,4603.26,Appartement,3666.67
97270,91,2542.72,Maison,2250.0
97280,89,5628.55,Appartement,3272.73
97280,285,3782.96,Maison,2564.71
97290,178,4857.24,Appartement,3515.15
97290,113,4000.74,Maison,2987.36
97300,2371,35147.79,Appartement,3737.5
97300,695,7879.28,Maison,2672.41
97310,225,18889.28,Appartement,2894.74
97310,553,2689.08,Maison,2450.98
97311,60,71191.57,Appartement,68000.0
97311,95,2179.55,Maison,1953.2
97312,1,16.7,Maison,16.7
97313,3,1955.56,Appartement,2100.0
97313,37,454.39,Maison,56.62
97314,2,3643.89,Appartement,3643.89
97314,26,4197.57,Maison,4210.53
97315,13,1780.3,Appartement,1894.74
97315,99,2361.47,Maison,1839.76
97317,5,98.79,Maison,66.67
97320,374,92901.24,Appartement,74775.74
97320,512,58209.44,Maison,6578.88
97340,5,60.0,Appartement,60.0
97350,4,3360.86,Appartement,3360.86
97350,57,860.36,Maison,89.84
97351,356,31343.95,Appartement,21507.86
97351,1039,17084.99,Maison,8928.57
97354,756,22539.95,Appartement,3677.16
97354,1307,38393.47,Maison,3574.71
97355,478,98210.45,Appartement,99159.29
97355,518,18958.82,Maison,2909.37
97356,43,120057.06,Appartement,106315.32
97356,173,28024.06,Maison,2333.33
97360,26,604.34,Appartement,0.01
97360,88,3481.75,Maison,750.0
97370,37,1787.98,Maison,1740.74
97390,12,738.88,Maison,318.66
97400,3526,25990.16,Appartement,3059.69
97400,848,6632.89,Maison,3478.26
97410,1798,13451.23,Appartement,3695.81
97410,1210,4091.34,Maison,3285.95
97411,418,59515.36,Appartement,63559.87
97411,431,7123.09,Maison,3713.57
97412,302,100156.81,Appartement,21827.62
97412,199,10081.61,Maison,2368.42
97413,17,6412.97,Appartement,6166.67
97413,168,2881.09,Maison,1876.85
97414,44,17136.8,Appartement,21054.96
97414,275,3476.4,Maison,2805.14
97416,72,16005.23,Appartement,10224.21
97416,201,7081.42,Maison,2725.81
97417,221,3117.37,Appartement,2568.42
97417,489,4731.04,Maison,3487.5
97418,58,18645.9,Appartement,12001.11
97418,665,5036.48,Maison,2250.0
97419,1877,60717.06,Appartement,15428.57
97419,796,4121.86,Maison,3560.68
97420,277,19607.18,Appartement,3785.71
97420,473,5673.04,Maison,1951.81
97421,318,86886.77,Appartement,58212.1
97421,900,4049.19,Maison,2425.52
97422,67,26407.56,Appartement,35178.23
97422,289,10871.87,Maison,1814.81
97423,76,105874.42,Appartement,103169.29
97423,156,3087.18,Maison,2725.02
97424,356,18574.05,Appartement,4400.99
97424,435,6564.43,Maison,3841.46
97425,247,16740.11,Appartement,3534.48
97425,360,15194.34,Maison,3363.22
97426,78,12697.22,Appartement,6393.43
97426,178,9890.63,Maison,3572.73
97427,272,16483.34,Appartement,5595.31
97427,465,8876.4,Maison,4016.13
97429,59,5506.51,Appartement,4781.25
97429,499,2801.2,Maison,2554.35
97430,1868,26491.82,Appartement,4891.3
97430,1659,3782.88,Maison,2560.0
97431,353,3446.37,Maison,2208.25
97432,446,32662.25,Appartement,3175.54
97432,868,3216.04,Maison,3080.91
97433,197,11177.4,Maison,1858.7
97434,1026,14003.43,Appartement,5464.04
97434,472,9509.68,Maison,6947.73
97435,1433,128104.52,Appartement,150197.43
97435,395,5200.23,Maison,2808.22
97436,382,8337.6,Appartement,5127.19
97436,344,7777.45,Maison,4436.76
97437,14,5738.74,Appartement,4583.33
97437,196,5079.31,Maison,2186.92
97438,1084,81679.6,Appartement,72863.37
97438,644,5154.57,Maison,2825.08
97439,7,3794.61,Appartement,4400.0
97439,186,9438.81,Maison,2078.95
97440,785,52854.81,Appartement,25571.51
97440,997,10199.88,Maison,2373.02
97441,592,60326.91,Appartement,47074.36
97441,355,4600.57,Maison,2498.82
97442,50,20184.89,Appartement,19519.68
97442,180,2141.11,Maison,1875.0
97450,392,109597.88,Appartement,112526.97
97450,340,2841.02,Maison,2285.81
97460,759,22500.89,Appartement,4680.85
97460,584,4491.72,Maison,3737.44
97470,550,78734.56,Appartement,82260.31
97470,508,11764.88,Maison,2249.03
97480,539,31437.33,Appartement,16455.7
97480,1436,5881.75,Maison,2312.93
97490,4642,19197.61,Appartement,2523.81
97490,1022,4846.59,Maison,2686.75
